relative_path	bytes	sha256
Q1_auto_resolution_stage1_report.md	3121	4745ab237e302ef39bf89ea20ffa64027604807869fc2d08f97089b83bd8a4f7
arcface_episode_embeddings.npz	356647	0e8b01a73d404b62dedb9f5618702b4bc6ddb792d9848ed035401a734d9b2a7e
arcface_episode_quality.csv	18672	7247d831d78fe46f15bdf2f3f6577406753bf43d21e1deda0d35116d71826eef
arcface_episode_similarity.csv	22673	bb7bad1b3658e1f5b24b43c955f0e59c8ebe2f471e6aa49f4bc1e2860c230733
arcface_identity_clusters.csv	263032	44f6304225bb63b7b8437d39e89280cfc34111aff7a033e7c7f772d52b39f0af
arcface_model_source.json	543	927e1a4cc22673d0346519067eff720543090db426c5d8e2c6a2f7dd3af697de
arcface_run_metadata.json	1756	01631ee2bfa6007b878d846fbcbfa363684c8d4ff3c3edc2b6aa54d4c39d658e
arcface_runtime_status.json	396	c7cd3648ec89f2e44a47004c103ef665924df2b1fb2ddf451dd68cdd8a1c0ac1
auto_resolution_acceptance.json	510	ddea2fda2b27a99181cae9f9ae6ff0fa3544df3d2e84a1c0d7ccadd9865e3561
auto_resolution_candidates.csv	33163	7de81e5728d341cdf9d6e7895740c7a810a49d60279bdd1f04c649c236b1fa8c
auto_resolution_implementation_manifest.json	3435	1014159888c1d76e4f12e8d4cac1fa1f6b314e4de9a6c818dda92e705b1bc003
auto_resolution_model_provenance.json	2041	607a31e8ccd543e4cebe19cab3bdde1967d451bacd75b7b81671adeb58e7466b
auto_resolution_summary.json	7078	03935e7eedbb097b2637702a8144249abc9445450bd5428a7cb4bdff205a003a
av_sync_null_test.csv	293747	767b46dac51fd52c19fb957ee77af733860a0d8c9c8a6df76c1ffafe5ff60873
av_sync_run_metadata.json	383	d737410bb88e57a21dd8e0319f8641b8fd28a9654502315698201317906c70ee
av_sync_scores.csv	24068	350876c8b0719fa17b04ae45f5cccf9880076d895ddbc2dc0906d246b54bd7f1
ctc_whisperx_word_comparison.csv	218822	eedd8fcbbacd52c6dd1dc0e8e69d5ed1f65c52cb80413d584564dc7f034e7950
frozen_baseline_sha256.json	726	151075afdcf2e589432b8e52f4f2027aefeb468af1791a7b1a101e7aa7e940f9
frozen_baseline_verification.json	1796	d79257f0c3ac0bbb1face8721fb234374f3aba14c6873e0f5d45a432a1e4e6e6
mfa_status.json	624	5891609b7792a23b74d31f78afcceca15931883e7d925ec28829f7402dbb4c2b
new_text_audio_risk_candidates.csv	653	19e78a1295a5aaf27e62d7fec626953ad4c329bd921e476f589ce34bebd48ec1
problem_partition.csv	2507	198f8274451eabb44ffacba945b5689863a43693e9e6a4ad7e20e6a86d2a56c5
q1_word_aligned_candidate.npz	6021419	d232ec3d635f2f743daecf54242cb9a35aa85f49c9f48e6737d2494a823f485f
q1_word_aligned_candidate.validation.json	2578	0123ebe333096ee0ec702db2c0a9a329ccd347854da53fdfe076d065d4287a94
talknet_all_episodes.exitcode	2	53c234e5e8472b6ac51c1ae1cab3fe06fad053beb8ebfd8977b010655bfdd3c3
talknet_all_episodes.log	18824	6675a95d9004bbefd9ce1d978ab1db60a7eebc512076c80d801afa6fe464bf52
talknet_episode_scores.csv	26781	fc1f24cc79d36caafc6d9a6616e0b1329f114fcb786b6c6c9d486136d3740919
talknet_frame_logits.csv	1453989	83b8c2f9f7a1dc378f0298b98b05a3532d4e589f82e5b6fdd1f6588fc4cfc1dd
talknet_run_metadata.json	840	cd931e6a083c210473ec16c2ce3fb5aa6dbeb6f06b0420cfd27213603dca5311
talknet_status.json	1344	e97050a053a893663fd60869fe3a131b7d7ec92fa9c32a30957c5ebd004d71f0
text_audio_analysis_summary.json	238	709cc8cb35e8255c8eb3e837fc5d35a50db858299a7e17b1d6fa4bbf1ea2aa48
text_audio_evidence.csv	12345	fbe4245c8cd9a5a6b104f3a6cc069a0c62e7207958bc8e48fe6e91dc9fb3be1f
text_audio_permutation_test.csv	50714	88e48c6a3b5703a2f009ecece0a118afab4dd44b7e46b847ea12a89a0a186706
visual_candidate_segments.csv	20268	705a1e3d7c6f48460acb4a01862f2e93a05291345c80f5c30e38c494f0bb996c
whisperx_all100_20260925.exitcode	2	4355a46b19d348dc2f57c046f8ef63d4538ebb936000f3c9ee954a27460dd865
whisperx_all100_20260925.log	10542	c39ea233d35b41e1d88ed30c87f5f960037c5f2c59ababd37a0fbd4f10af6584
whisperx_all100_final.exitcode	2	9a271f2a916b0b6ee6cecb2426f0b3206ef074578be55d9bc94f6f3fe3ab86aa
whisperx_all100_final.log	8299	c76ac80c2222afd5f1964e624b74e711cda5a5bd1f467c2677ebca9523a143ea
whisperx_all100_retry1.exitcode	4	9d9b18720961e9b4689fd763b85e7b6f36160ccd3a8a1c9ddc5103bb0f66c396
whisperx_all100_retry1.log	0	e3b0c44298fc1c149afbf4c8996fb92427ae41e4649b934ca495991b7852b855
whisperx_all100_retry2.exitcode	2	4355a46b19d348dc2f57c046f8ef63d4538ebb936000f3c9ee954a27460dd865
whisperx_all100_retry2.log	2899	127e8d8772ea0a0780f645c6778208b52cd287b2ab0ed1c569086aa8feb2c7eb
whisperx_environment_status.json	1358	4ab548090958c02c837e5af33b00426c7cd72399df550bbba305c78877fd346d
whisperx_raw/000000.json	4427	c1ace9d2fc4e92d5f0247cbb935cfe7f19ba082ceadb3d47ccf9f634e8c97211
whisperx_raw/000001.json	3957	32b8a0956a1870adef68d78622657c79798364fb203d8cf2ad830ddbffcf889d
whisperx_raw/000002.json	7088	c913f1e28081a9ae05c853497055ec7f3c53bb6726c4480410e644a207edf622
whisperx_raw/000003.json	5231	bb033eae9c3fb74ce5ccf6331f3067924c1d1031564c79cdc3fba9804f330567
whisperx_raw/000004.json	4472	4a1d95946596558f3e624ae0322249f61e0561dfa801d4e89a86fce9d8243220
whisperx_raw/000005.json	3098	580d3063c5149a16d70669818623332da3a650c31760c3e7e939fcad24544523
whisperx_raw/000006.json	11165	d8691a1f8a712690134d814fb073b22144e3af4bd5e3a9a6fa7efd14996ec807
whisperx_raw/000007.json	8588	1578230f7749039b0bb8b799642e28829a5ea6a6dc6c8ad27cb69b6e83fc5428
whisperx_raw/000008.json	6455	30cb7502dc27af7e8b75944962c536ff538626ac3320f19576646cf32b4f8e98
whisperx_raw/000009.json	2310	353edaaad89a228ff6bfce290f686ad00a9eef6c2890c2e4d25dc6bd77de6313
whisperx_raw/000010.json	3027	b22fe3e3a4023558dbc8ab57660d2ea67777f1bd1532b7a061590765af18f703
whisperx_raw/000011.json	10533	883266dcd1309f6502492afb8d5a24601ed59e001b70db5881d76160e1849382
whisperx_raw/000012.json	4923	2406567cb35b904a3d2014f8b54d18a229850ae658ba2ce1e022eda876388a90
whisperx_raw/000013.json	544	3f0be1c1a29ae0877b87f3565f17bc878c424593d1055bfe71d8364f10e1cf0f
whisperx_raw/000014.json	2465	ad6f6b770bb983ac8f35bd8875234d10e567e2343b545c0b86152700413a24ce
whisperx_raw/000015.json	1892	de83d1d5363e7b418fd3db17aaecdaecb14b83809fc821b8681e230e53d55e5d
whisperx_raw/000016.json	5156	7bf605ae4b4ad4155981eeef4ee916e58c98b373190335ebb8bd21a6076f2c1e
whisperx_raw/000017.json	4431	49a9075fb92a826fca10ba4d5c274b06390e29f7dd1ae8264a49b20bd18afbc0
whisperx_raw/000018.json	5189	e221417c3e170b658107ba13e6d5a01afd6401ee7e874edc30b2abd5bd07ae2e
whisperx_raw/000019.json	5127	487b178720d7c136d7d3aee2565ef64007f4ae56900a5f06971e51fc5c27c095
whisperx_raw/000020.json	4176	5fc36c913614add3c50974f2fae038d3a94aeb0e69eb54049f4fa79138efa44c
whisperx_raw/000021.json	7415	2774b631a8c25fe0ee848df4901cf02af2aaf4f47c19a075a26d0ea435f12df0
whisperx_raw/000022.json	150	b4b2bcca7e931d605da6b7484cc6fd2cda6d9110633d401cd124216c56a0b04c
whisperx_raw/000023.json	2394	f045dd605f544b40a441306cbb3a3830bcaaab89009a77177136846f0ef1841c
whisperx_raw/000024.json	4215	7fc3f980f37f066b285c685ca559d0410e1833e1f386ac6b870b0aec8ca7cd51
whisperx_raw/000025.json	6284	3bbd8a1e9df54f0b2e484a9775f02f5e465f0b8a2097a6c7989b9331cc1d9a27
whisperx_raw/000026.json	3711	f5a2b4a95ce986b893f5a8260aafce8154612a9f667cb653d34b4bc5cd20ab14
whisperx_raw/000027.json	9248	c8fdb3ea2bcf8c6d1fa35d68267cfbc16438c1ca131d94d1f0fb2f672130b3ed
whisperx_raw/000028.json	2643	ef3b77396a0ff9407ab1ff8828149b26940f61d128042fa03a8a026cb5030d6c
whisperx_raw/000029.json	6919	5740e4d21d80c1b36af18fe92d2449e8a0aef2bb57a16d1839cfb60da3a86ab4
whisperx_raw/000030.json	4645	ba0500b76b420ea4a14c4347069dd8e2225d6f31c2871f31c65c424c46b43dad
whisperx_raw/000031.json	4869	b26520dd7ce8974a3c421d2c2d08569386ff5db47d2f398b429dbf80525a5b21
whisperx_raw/000032.json	3634	383c6574c25173f3ff06f61efe6abf33cf4747ec2f3d2cb5f2f946f7b2c69577
whisperx_raw/000033.json	2171	237a6ad67e0b11e6f06f2e3f8b9d9de5e05fe32a916d37a777c76718a5f705bf
whisperx_raw/000034.json	6511	e6fc6bb6e12113078109647f63af135ba9eb2336b925c2ce8118a9794616e0fe
whisperx_raw/000035.json	2357	ffe1ab30774d5ff0d2380d1f51a7f21d1729680771d84e6325c569a0dbdfd456
whisperx_raw/000036.json	5411	eee03c32a8abb20c3a4bc6004ebb563d6632182273fa7f1f16c43019be98070e
whisperx_raw/000037.json	15461	c22872e816ae6323c73bcb60600ffb0b73df4b4a184354e161d1f3468bb3bdf0
whisperx_raw/000038.json	4529	781b24dfbe1152c892dfd5769351e7f947578036a97c0d525cd0ac926dfe109c
whisperx_raw/000039.json	3810	61263148704abcf237aa5292e4f6592c9cd38366bd92be1add299a11178654d1
whisperx_raw/000040.json	10322	847d4ad75e42d81a2fe3f322a87fbaaa56583878843904e7524737f11843a6c7
whisperx_raw/000041.json	8757	bcf91d36fceff77fd428c5c7bc0b67ff866e08d331680521aa823c7dc8902120
whisperx_raw/000042.json	8157	70bb9e63aaa139730821311d7059f420ae67b44f1ec1ad3c150e8a25d75f377b
whisperx_raw/000043.json	6482	309c809a32307acf9878aaab0edef8360f7e9f09a1f0541fa2e24617d3e1cbe1
whisperx_raw/000044.json	5338	8a04adab3a0fee714a107eba5145d9b4891d3666754c75e7dc97d8bb48a4c38c
whisperx_raw/000045.json	2982	9b1a1d217bd120d82bd19e28291876ee3f3f35cb2008a491a2b09baa7726b548
whisperx_raw/000046.json	2892	f28fdce06e42622998df4680f18b9ca584d2152cbb97088ecad0e0635333005d
whisperx_raw/000047.json	3988	46601bec223e8b5f79f905dcc6bbb516c5d73619611d5ad5b93f58674629b51b
whisperx_raw/000048.json	5358	f90c8e517b4ad5778231b04935daeb4c1f24aad0581eb5a3a3e5b7e65f886438
whisperx_raw/000049.json	4863	ff9134d1a4e6c60c36f670e475fad6932858953f66f4418b08a8ca61a32e7b16
whisperx_raw/000050.json	3758	75f726c7bf6c7ef6cc461d076ad1e6ae67ffd76af7ff5cc95710b807e249896a
whisperx_raw/000051.json	3117	11ccf61bb78078c1a16e211b5e8da5f2844be658eea90454be8c38eb6cd9f842
whisperx_raw/000052.json	2645	8e81dce9d98792ef4392658203cca880aeacc7b2887964c1b47c575cbbeded7a
whisperx_raw/000053.json	3430	9435ae5628807fac13801ba03c8f418d90cff2057c516d857cff677a53f723c8
whisperx_raw/000054.json	4366	730b99cd612cf72bfe9d0da82ebd6e121e081a2e8c60f130169753302b97fff1
whisperx_raw/000055.json	3505	3eab3d036f155b8ddac2592534a4eabb4a50b0a410e40ae3488ffb09fe5728cf
whisperx_raw/000056.json	2359	46996d8f5b224276450f3eb44d9d66829e175be05594bee9b8c57a3312ad0844
whisperx_raw/000057.json	2963	ca7ffcd6fd84c87676c9bdf2fa6b31903fb14797b32b7ea3d19b44f0e3c00881
whisperx_raw/000058.json	5604	20cec5361f521fce24e754d4e5feb648d0057e043ea05d62111ad0c958a5cb09
whisperx_raw/000059.json	970	103c7715dee48c1345a58a2c923d22e8713561c83d3d6721a3cfd28b5a669356
whisperx_raw/000060.json	4444	6b1a96bc6007ec7dd37295cef8bed5cbcb4400ce9f8e11bb2ee6cde825fee5af
whisperx_raw/000061.json	10121	f37f9d9b068f9e188983163b647a55364001f8b502c8809aaeb281f1ae26a0e7
whisperx_raw/000062.json	150	66cd243381525ab52e62efd7a1ca0e89d75ba3fc60c49b5f503c40dd73089c3c
whisperx_raw/000063.json	150	7ec06df024442c7ca627eae1968a9a93f2e8fc6ccade442bd30831178f16a90b
whisperx_raw/000064.json	2149	b1d6118a73f8cb403496a41bed1551f3723220f8b77ca4db946f8ef328de659d
whisperx_raw/000065.json	3289	13955d09781eef1a27fa244c1a37dcbaaaf52112e400c549d72c9c63c8cefb41
whisperx_raw/000066.json	5172	5e377d0fd5360453d87c19f3877bdf2e7bfea5cd00bb34adafce4cc525de5358
whisperx_raw/000067.json	3506	eb002fe5cffaebad84efaaabe533c7ac282f5ece1f6b451df36bd295e4fbaecf
whisperx_raw/000068.json	4977	4430df930cead6393ac7601c6e8a4dd5f5f77ae2b6ac1daa3334174ca1b29f77
whisperx_raw/000069.json	150	d6b1fe891f64aa16b78fd03293e32f521cdbb3625d850c94e3df9a701311b874
whisperx_raw/000070.json	988	3317076e636217b6312eb1d3b84be063cd33e8fb86e57c05710317866e9f722b
whisperx_raw/000071.json	3045	17842d1f1dde3cfd3aa4cd88ba7e4c9c0fa6ef409106fcaeacfc681138ffc2ad
whisperx_raw/000072.json	5763	9bd0aac6e531ce2f54b92c5a8c1825bd7a86dbbabedd0f7ffc76349571463054
whisperx_raw/000073.json	3188	4c1774c3fbff757ecc8502b4c889b7f8abd9d4ef9bc887d087673bfef2287030
whisperx_raw/000074.json	3576	f1c61d37817c4d0c80f2bee85bc17dae91677a8975be27cca97c7b4646bb10c9
whisperx_raw/000075.json	4588	79d2687333e9ac75c663e6de3da7e25098c45579e9fff97a142576815e9c2a21
whisperx_raw/000076.json	1884	f5d4c7493604c87417d6a5a00c0f8ea1d89a592ec4fbf2bf5f8b450471061c32
whisperx_raw/000077.json	6281	8274396f76259ae689d97600ccb0d08442508ada0c7d361cf43c37a90b46a896
whisperx_raw/000078.json	3950	69d2fe0f7766fc964bb676fa4ca61a3cb1fc82de6dcf78abb5f6fe95b30dece1
whisperx_raw/000079.json	3180	23e1b23c75ada13ced9ce1de4c94ee0800dfdbf261dfe53f6fa7ff601bcc64ec
whisperx_raw/000080.json	10897	fdafd8dfddec66990f357bc2c6c9b02e131c4d0f5306e4ce5ee6c4751042c44e
whisperx_raw/000081.json	5256	0eb535131eab08176757b6707eb2cbfab051591de6b5b88b2ec2902c3c1bb287
whisperx_raw/000082.json	3661	48aafc9475a3244175163919e9eaaf5edee18b90e4c777e0833c33f8b826e78f
whisperx_raw/000083.json	4216	980bb88fa1da8fd7d3541fafe16792108ff7e8dc26e4d08af3e1e37064869822
whisperx_raw/000084.json	6761	be879335ad13f42748a130143a1528968afe76d884b36dea5f1b22225e396ba5
whisperx_raw/000085.json	4629	b89d9de3fcbdca7b74623f4b3dc704fd2eb0142de068259189dd7f15e8c29c93
whisperx_raw/000086.json	5107	28d69349eee7743f3f067c344972faf17e05704db99cbca0a2e8527109c58fbb
whisperx_raw/000087.json	5512	d711497c5b38471d6daddfa56bd9cf93ace04d0bc75faf8aab5635eb417096d1
whisperx_raw/000088.json	2030	569385464f655f33a161f6edc50ac34459879ef7bd1ae822412ee00f920c620f
whisperx_raw/000089.json	5299	9af2ed9029c9c5d1c13714531bda61dd735ba1e9d7a9cdc57a0caf5ea94e4e36
whisperx_raw/000090.json	2388	46a5d6e2432bcf7a9f6ae3ee8f42a2be525b91505889b0b14177062fd71e3911
whisperx_raw/000091.json	6022	48b56378442e6b142ecd038eaa319d7a6b69827519f6d2032d6e3573ce5788e4
whisperx_raw/000092.json	5633	e704a6c358b1b7fe409382c7328a20f638510db04f132d4d1765e4fb20e28f4f
whisperx_raw/000093.json	5183	e16334abeae2f12394ccd5326129f90e70aa09d879bc947bc7f8a1d794bac324
whisperx_raw/000094.json	4980	95e8e5fa99ab220720cc75d0455ce5915ce7b360db1b20e588b9146214eaf94c
whisperx_raw/000095.json	6974	88191e1a05a7d5e3a57be14e0f0b5e87b4be6306c33a51d8886aa212a88060bd
whisperx_raw/000096.json	4934	51921950529c6987a879f6fe1ac5fb840c9432b8ab1fc299622226bc15a90b77
whisperx_raw/000097.json	14118	e277fe0f8d0ccc54d6ea2c5be0e8488add2b3ad9e12b5c7fa9de69307c09bc91
whisperx_raw/000098.json	8625	b16b38b51debe5c464fca20744d55731bf407b8e226fe916b11375daebee1939
whisperx_raw/000099.json	4518	8d8601d5fe4bb51f078a838527054dfd59c87740704ab4bdeb69e12c9ca38754
whisperx_results.csv	174958	4d3231837b0fd22db507deba3aba9b7850bdd6532b19dcd492f381488da452c8
whisperx_run_metadata.json	941	d3b898b83bf0a0c7a6dfd70827b05c155bf12a88f6bc549aed9b34baa3859c9e
