sample_id,semantic_pairing_status,semantic_reason,temporal_alignment_status,temporal_reason,forced_alignment_status,forced_alignment_coverage,common_word_count,common_word_fraction,start_median,end_median,midpoint_median,midpoint_p90,max_error,CTC_coverage,new_alignment_coverage,conflict_cause,visual_candidate_status,verified_visual_duration,ambiguous_duration,missing_duration,usable_fraction
-3g5yACwYnA$_$13,MATCH_STRONG,WhisperX_and_global_retrieval_support_official_text,VERIFIED,CTC_and_official_forced_alignment_meet_frozen_time_thresholds,ok,1.0,15,1.0,0.2525345982142859,0.1787979910714288,0.22719456845238106,0.35742767857142854,0.8120565476190474,1.0,1.0,unresolved_algorithmic_or_content_conflict,partially_verified,4.25,1.25,0,0.7727272727272727
-3g5yACwYnA$_$2,MATCH_STRONG,WhisperX_and_global_retrieval_support_official_text,VERIFIED,CTC_and_official_forced_alignment_meet_frozen_time_thresholds,ok,1.0,14,1.0,0.26155139372822367,0.2077325783972137,0.22993592116724826,0.4262716735627179,0.6633266550522654,1.0,1.0,unresolved_algorithmic_or_content_conflict,partially_verified,3.5,5.866666666666667,0,0.3736654804270462
-3g5yACwYnA$_$3,MATCH_STRONG,WhisperX_and_global_retrieval_support_official_text,VERIFIED,CTC_and_official_forced_alignment_meet_frozen_time_thresholds,ok,1.0,29,1.0,0.19737989373601783,0.1386382829977606,0.20741722595078027,0.350187765659954,0.5558250838926169,1.0,1.0,unresolved_algorithmic_or_content_conflict,partially_verified,1.8666666666666671,12.5,0,0.12993039443155455
-3g5yACwYnA$_$9,MATCH_STRONG,WhisperX_and_global_retrieval_support_official_text,VERIFIED,CTC_and_official_forced_alignment_meet_frozen_time_thresholds,ok,1.0,21,1.0,0.26357541512915095,0.19219557195571912,0.24043150369003596,0.38380846402214,0.9527802121771209,1.0,1.0,unresolved_algorithmic_or_content_conflict,partially_verified,5.0,3.75,0.049999999999998934,0.5681818181818182
-3nNcZdcdvU$_$5,MATCH_STRONG,WhisperX_and_global_retrieval_support_official_text,VERIFIED,CTC_and_official_forced_alignment_meet_frozen_time_thresholds,ok,1.0,18,1.0,0.287222623966942,0.21011647727272686,0.24530126549586706,0.35982102272727257,0.6596420454545449,1.0,1.0,unresolved_algorithmic_or_content_conflict,partially_verified,4.25,3.6166666666666663,0,0.5402542372881356
-571d8cVauQ$_$0,MATCH_STRONG,WhisperX_and_global_retrieval_support_official_text,VERIFIED,CTC_and_official_forced_alignment_meet_frozen_time_thresholds,ok,1.0,12,1.0,0.2657606854838712,0.23296754032258082,0.2636165322580648,0.283665433467742,0.47270362903225815,1.0,1.0,unresolved_algorithmic_or_content_conflict,partially_verified,0.5,4.666666666666666,0,0.09677419354838711
-571d8cVauQ$_$5,MATCH_STRONG,WhisperX_and_global_retrieval_support_official_text,VERIFIED,CTC_and_official_forced_alignment_meet_frozen_time_thresholds,ok,1.0,43,1.0,0.30783200636942687,0.24890684713375855,0.2571583067940564,0.4251429670912965,0.6639527600849267,1.0,1.0,unresolved_algorithmic_or_content_conflict,unresolved,0,15.266666666666666,0,0.0
-6rXp3zJ3kc$_$8,MATCH_STRONG,WhisperX_and_global_retrieval_support_official_text,VERIFIED,CTC_and_official_forced_alignment_meet_frozen_time_thresholds,ok,1.0,34,1.0,0.26099244332493843,0.16684760705289714,0.22052518891687695,0.351202015113351,1.0133047858942081,1.0,1.0,unresolved_algorithmic_or_content_conflict,fully_verified,12.25,0.5499999999999989,0,0.9570312500000001
-9y-fZ3swSY$_$0,MATCH_STRONG,WhisperX_and_global_retrieval_support_official_text,VERIFIED,CTC_and_official_forced_alignment_meet_frozen_time_thresholds,ok,1.0,21,0.9545454545454546,0.3202357142857144,0.2498452380952383,0.28057857142857223,0.3903428571428569,0.6019666666666663,0.9545454545454546,1.0,unresolved_algorithmic_or_content_conflict,unresolved,0,6.8999999999999995,0,0.0
-9y-fZ3swSY$_$4,MATCH_STRONG,WhisperX_and_global_retrieval_support_official_text,VERIFIED,CTC_and_official_forced_alignment_meet_frozen_time_thresholds,ok,1.0,9,1.0,0.2697877286585366,0.20639519817073193,0.219048018292683,0.3221965701219513,0.548847179878049,1.0,1.0,unresolved_algorithmic_or_content_conflict,fully_verified,2.75,0,0.04999999999999982,0.9821428571428572
-9y-fZ3swSY$_$8,MATCH_STRONG,WhisperX_and_global_retrieval_support_official_text,VERIFIED,CTC_and_official_forced_alignment_meet_frozen_time_thresholds,ok,1.0,12,1.0,0.23422058823529457,0.22019607843137257,0.2446715686274511,0.35631666666666667,0.5703431372549022,1.0,1.0,unresolved_algorithmic_or_content_conflict,unresolved,0,4.966666666666667,0,0.0
-AUZQgSxyPQ$_$2,MATCH_STRONG,WhisperX_and_global_retrieval_support_official_text,PARTIAL,official_text_has_reliable_partial_times_but_time_agreement_is_below_VERIFIED,ok,1.0,41,1.0,0.39998001609442047,0.23693736587982883,0.3015634388412023,0.4574043052575085,0.6548095493562229,1.0,1.0,unresolved_algorithmic_or_content_conflict,partially_verified,1.5,21.0,0,0.06666666666666667
-HeZS2-Prhc$_$2,MATCH_STRONG,WhisperX_and_global_retrieval_support_official_text,PARTIAL,official_text_has_reliable_partial_times_but_time_agreement_is_below_VERIFIED,ok,1.0,16,1.0,0.3005765255905517,0.2125642224409452,0.319333538385827,0.4281294291338589,0.7310391240157483,1.0,1.0,unresolved_algorithmic_or_content_conflict,fully_verified,7.0,1.2333333333333325,0,0.8502024291497977
-HwX2H8Z4hY$_$2,CONFLICT,global_retrieval_prefers_other_audio,NOT_APPLICABLE,semantic_pairing_not_supported,ok,1.0,5,0.7142857142857143,0.19440366735537173,0.1544036673553717,0.15017949380165296,0.3636471849173553,0.5290266012396695,0.7142857142857143,1.1428571428571428,ASR_unstable,unresolved,0,1.4666666666666663,2.5,0.0
-HwX2H8Z4hY$_$5,MATCH_STRONG,WhisperX_and_global_retrieval_support_official_text,VERIFIED,CTC_and_official_forced_alignment_meet_frozen_time_thresholds,ok,1.0,9,1.0,0.20818150436046556,0.1791378997093025,0.2135035428779073,0.32099867369186097,0.4605946584302326,1.0,1.1111111111111112,unresolved_algorithmic_or_content_conflict,unresolved,0,2.383333333333333,3.25,0.0
-HwX2H8Z4hY$_$6,MATCH_STRONG,WhisperX_and_global_retrieval_support_official_text,VERIFIED,CTC_and_official_forced_alignment_meet_frozen_time_thresholds,ok,1.0,7,1.0,0.29924752475247507,0.23938613861386138,0.2714158415841584,0.3427891089108912,0.6333069306930694,1.0,1.0,unresolved_algorithmic_or_content_conflict,unresolved,0,2.083333333333333,1.25,0.0
-HwX2H8Z4hY$_$9,MATCH_STRONG,WhisperX_and_global_retrieval_support_official_text,VERIFIED,CTC_and_official_forced_alignment_meet_frozen_time_thresholds,ok,1.0,22,1.0,0.19672859768907558,0.1589113707983194,0.22232681197478965,0.318298398109244,0.591550682773109,1.0,1.0,unresolved_algorithmic_or_content_conflict,partially_verified,1.9833333333333334,4.25,1.5,0.25646551724137934
-I_e4mIh0yE$_$1,MATCH_STRONG,WhisperX_and_global_retrieval_support_official_text,VERIFIED,CTC_and_official_forced_alignment_meet_frozen_time_thresholds,ok,1.0,18,1.0,0.30799353448275935,0.2338750673491381,0.2881656452047415,0.5358819369612069,0.7182403017241379,1.0,1.0,unresolved_algorithmic_or_content_conflict,partially_verified,5.25,2.25,0.09999999999999964,0.6907894736842105
-I_e4mIh0yE$_$3,MATCH_STRONG,WhisperX_and_global_retrieval_support_official_text,PARTIAL,official_text_has_reliable_partial_times_but_time_agreement_is_below_VERIFIED,ok,1.0,22,1.0,0.31006919642857156,0.23197991071428659,0.28543024553571494,1.3276121651785713,1.8538828124999995,1.0,1.0,unresolved_algorithmic_or_content_conflict,fully_verified,8.5,0.6333333333333329,0,0.9306569343065694
-MeTTeMJBNc$_$0,MATCH_STRONG,WhisperX_and_global_retrieval_support_official_text,VERIFIED,CTC_and_official_forced_alignment_meet_frozen_time_thresholds,ok,1.0,21,1.0,0.3302468423344944,0.2185295078397207,0.29712597996515666,0.41212429224738667,0.6296541811846694,1.0,1.0,unresolved_algorithmic_or_content_conflict,partially_verified,1.25,8.083333333333334,0,0.13392857142857142
-MeTTeMJBNc$_$13,MATCH_STRONG,WhisperX_and_global_retrieval_support_official_text,VERIFIED,CTC_and_official_forced_alignment_meet_frozen_time_thresholds,ok,1.0,14,1.0,0.23723773006134974,0.21673773006134978,0.25367868098159513,0.4020726226993868,0.6580076687116567,1.0,1.0,unresolved_algorithmic_or_content_conflict,unresolved,0,5.3999999999999995,0,0.0
-MeTTeMJBNc$_$7,MATCH_STRONG,WhisperX_and_global_retrieval_support_official_text,VERIFIED,CTC_and_official_forced_alignment_meet_frozen_time_thresholds,ok,1.0,31,1.0,0.27366232638889,0.2082404513888907,0.280403645833335,0.43604991319444464,0.7364904513888897,1.0,1.0,unresolved_algorithmic_or_content_conflict,unresolved,0,10.5,0,0.0
-NFrJFQijFE$_$1,CONFLICT,global_retrieval_prefers_other_audio,NOT_APPLICABLE,semantic_pairing_not_supported,ok,1.0,5,0.3125,0.41125319602272725,0.5307801846590907,0.471016690340909,1.304261257102273,1.5542176846590903,0.3125,1.0,ASR_unstable,missing,0,0,5.720000000000001,0.0
-NFrJFQijFE$_$2,CONFLICT,CTC_and_WhisperX_agree_but_both_conflict_with_official,NOT_APPLICABLE,semantic_pairing_not_supported,ok,1.0,9,0.5,0.5782439903846157,0.7111594050480763,0.759252554086538,2.318402493990385,2.5173093449519235,0.5,1.0,two_ASRs_agree_but_both_conflict_with_official,missing,0,0,6.840000000000001,0.0
-RfYyzHpjk4$_$11,MATCH_STRONG,WhisperX_and_global_retrieval_support_official_text,VERIFIED,CTC_and_official_forced_alignment_meet_frozen_time_thresholds,ok,1.0,17,1.0,0.2568785601265824,0.23410007911392405,0.24352017405063298,0.279315268987342,0.35493235759493746,1.0,1.0,unresolved_algorithmic_or_content_conflict,partially_verified,2.0,3.2333333333333334,0,0.38216560509554137
-RfYyzHpjk4$_$2,MATCH_STRONG,WhisperX_and_global_retrieval_support_official_text,VERIFIED,CTC_and_official_forced_alignment_meet_frozen_time_thresholds,ok,1.0,25,1.0,0.17424307634730551,0.13637593562874217,0.15434449850299403,0.21701979790419149,0.3676416541916172,1.0,1.0,unresolved_algorithmic_or_content_conflict,partially_verified,1.5,4.0,0,0.2727272727272727
-RfYyzHpjk4$_$8,MATCH_STRONG,WhisperX_and_global_retrieval_support_official_text,VERIFIED,CTC_and_official_forced_alignment_meet_frozen_time_thresholds,ok,1.0,17,1.0,0.19707845744680874,0.17141356382978734,0.16803501773049634,0.24730678191489366,0.3398931737588653,1.0,1.0,unresolved_algorithmic_or_content_conflict,partially_verified,1.3166666666666664,3.25,0,0.28832116788321166
-THoVjtIkeU$_$12,MATCH_STRONG,WhisperX_and_global_retrieval_support_official_text,VERIFIED,CTC_and_official_forced_alignment_meet_frozen_time_thresholds,ok,1.0,39,1.0,0.2174210633116882,0.16964306006493524,0.2364529220779219,0.3759372767857139,0.7095152191558434,1.0,1.0,unresolved_algorithmic_or_content_conflict,partially_verified,4.0,10.866666666666667,0,0.26905829596412556
-THoVjtIkeU$_$2,MATCH_STRONG,WhisperX_and_global_retrieval_support_official_text,VERIFIED,CTC_and_official_forced_alignment_meet_frozen_time_thresholds,ok,1.0,10,1.0,0.28313358778625963,0.25048759541984733,0.25288358778625936,0.34371156965648836,0.5503167938931297,1.0,1.0,unresolved_algorithmic_or_content_conflict,partially_verified,2.0,2.2666666666666666,0,0.46875
-THoVjtIkeU$_$6,MATCH_STRONG,WhisperX_and_global_retrieval_support_official_text,VERIFIED,CTC_and_official_forced_alignment_meet_frozen_time_thresholds,ok,1.0,28,0.9333333333333333,0.24062399193548356,0.17402948588709588,0.23541576360887095,0.3838939894153224,0.4990108366935475,0.9333333333333333,1.0,unresolved_algorithmic_or_content_conflict,partially_verified,6.25,1.8166666666666664,0,0.7747933884297521
-UUCSKoHeMA$_$0,MATCH_STRONG,WhisperX_and_global_retrieval_support_official_text,VERIFIED,CTC_and_official_forced_alignment_meet_frozen_time_thresholds,ok,1.0,18,1.0,0.29459310165975117,0.23787136929460617,0.28415871369294665,0.40228633298755206,0.6738838174273862,1.0,1.0,unresolved_algorithmic_or_content_conflict,partially_verified,2.25,5.616666666666666,0,0.2860169491525424
-UacrmKiTn4$_$10,MATCH_STRONG,WhisperX_and_global_retrieval_support_official_text,VERIFIED,CTC_and_official_forced_alignment_meet_frozen_time_thresholds,ok,1.0,18,1.0,0.2700473611111107,0.19544652777777755,0.25517055555555535,0.3726342569444438,0.6306616666666662,1.0,1.0,unresolved_algorithmic_or_content_conflict,partially_verified,0.25,7.083333333333333,0,0.034090909090909095
-UacrmKiTn4$_$4,MATCH_STRONG,WhisperX_and_global_retrieval_support_official_text,VERIFIED,CTC_and_official_forced_alignment_meet_frozen_time_thresholds,ok,1.0,14,1.0,0.25012672413793147,0.16289892241379333,0.1934971982758623,0.23310420258620684,0.34727133620689665,1.0,1.0,unresolved_algorithmic_or_content_conflict,partially_verified,1.5,3.2333333333333334,0,0.31690140845070425
-UuX1xuaiiE$_$0,MATCH_STRONG,WhisperX_and_global_retrieval_support_official_text,VERIFIED,CTC_and_official_forced_alignment_meet_frozen_time_thresholds,ok,1.0,8,0.8888888888888888,0.2224228603603604,0.2320416666666668,0.2485143581081083,0.2655862049549549,0.39466610360360366,0.8888888888888888,1.0,unresolved_algorithmic_or_content_conflict,unresolved,0,3.6999999999999997,0,0.0
-UuX1xuaiiE$_$1,MATCH_STRONG,WhisperX_and_global_retrieval_support_official_text,VERIFIED,CTC_and_official_forced_alignment_meet_frozen_time_thresholds,ok,1.0,23,0.8518518518518519,0.29455078125,0.20032421874999995,0.2620234374999999,0.40055859374999964,0.6394687499999998,0.8518518518518519,1.0,unresolved_algorithmic_or_content_conflict,unresolved,0,10.333333333333334,0,0.0
-UuX1xuaiiE$_$3,MATCH_STRONG,WhisperX_and_global_retrieval_support_official_text,VERIFIED,CTC_and_official_forced_alignment_meet_frozen_time_thresholds,ok,1.0,9,1.0,0.28979449999999995,0.18779449999999986,0.2564129999999999,0.30915904999999994,0.5997469999999998,1.0,1.0,unresolved_algorithmic_or_content_conflict,partially_verified,0.5,3.5999999999999996,0,0.12195121951219513
-UuX1xuaiiE$_$6,MATCH_STRONG,WhisperX_and_global_retrieval_support_official_text,VERIFIED,CTC_and_official_forced_alignment_meet_frozen_time_thresholds,ok,1.0,22,1.0,0.25171546052631655,0.2035444078947371,0.25653083881578975,0.34915929276315805,1.1267384868421053,1.0,1.0,unresolved_algorithmic_or_content_conflict,partially_verified,2.25,5.85,0,0.2777777777777778
-a55Q6RWvTA$_$3,MATCH_STRONG,WhisperX_and_global_retrieval_support_official_text,VERIFIED,CTC_and_official_forced_alignment_meet_frozen_time_thresholds,ok,1.0,65,1.0,0.24551546625544196,0.18195405478954996,0.2297829281567454,0.39415762427430734,1.2743198929608113,1.0,1.0,unresolved_algorithmic_or_content_conflict,partially_verified,17.0,5.133333333333333,0,0.7680722891566265
-aNfi7CP8vM$_$7,MATCH_STRONG,WhisperX_and_global_retrieval_support_official_text,VERIFIED,CTC_and_official_forced_alignment_meet_frozen_time_thresholds,ok,1.0,18,1.0,0.2983824013157901,0.23596945488721754,0.28775851738721836,0.43672461818609004,0.7693201362781945,1.0,1.0,unresolved_algorithmic_or_content_conflict,partially_verified,1.666666666666666,7.0,0,0.19230769230769226
-aqamKhZ1Ec$_$0,MATCH_STRONG,WhisperX_and_global_retrieval_support_official_text,PARTIAL,official_text_has_reliable_partial_times_but_time_agreement_is_below_VERIFIED,ok,1.0,13,0.9285714285714286,0.3800884955752206,0.24015514380530956,0.31012181969026553,1.0951337112831863,1.936857300884956,0.9285714285714286,1.0,unresolved_algorithmic_or_content_conflict,unresolved,0,11.0,0,0.0
-dxfTGcXJoc$_$0,MATCH_STRONG,WhisperX_and_global_retrieval_support_official_text,VERIFIED,CTC_and_official_forced_alignment_meet_frozen_time_thresholds,ok,1.0,40,1.0,0.2815954670329681,0.19633379120879146,0.2581775902668759,0.39770122154630944,0.657071624803768,1.0,1.025,unresolved_algorithmic_or_content_conflict,partially_verified,14.75,1.5333333333333314,4.25,0.7183441558441559
-dxfTGcXJoc$_$1,MATCH_STRONG,WhisperX_and_global_retrieval_support_official_text,VERIFIED,CTC_and_official_forced_alignment_meet_frozen_time_thresholds,ok,1.0,36,1.0,0.33438437499999996,0.2106856249999991,0.2718756249999992,0.41774781250000004,0.6462849999999989,1.0,1.0,unresolved_algorithmic_or_content_conflict,fully_verified,14.75,1.3833333333333329,0,0.9142561983471075
-dxfTGcXJoc$_$2,MATCH_STRONG,WhisperX_and_global_retrieval_support_official_text,VERIFIED,CTC_and_official_forced_alignment_meet_frozen_time_thresholds,ok,1.0,34,1.0,0.28084236512524186,0.15816805154142743,0.2574263457369952,0.3638593147880547,0.5928252047206204,1.0,1.0,unresolved_algorithmic_or_content_conflict,fully_verified,15.75,0.9166666666666643,0,0.9450000000000002
-dxfTGcXJoc$_$6,MATCH_STRONG,WhisperX_and_global_retrieval_support_official_text,VERIFIED,CTC_and_official_forced_alignment_meet_frozen_time_thresholds,ok,1.0,27,1.0,0.27185905774111685,0.215253727791878,0.23272485723350234,0.400787484137055,0.622130155456853,1.0,1.0,unresolved_algorithmic_or_content_conflict,fully_verified,11.75,0.9833333333333325,0,0.9227748691099477
-egA8-b7-3M$_$1,MATCH_STRONG,WhisperX_and_global_retrieval_support_official_text,VERIFIED,CTC_and_official_forced_alignment_meet_frozen_time_thresholds,ok,1.0,20,1.0,0.25619303797468396,0.17945174050632984,0.24693809335443118,0.4098380340189875,0.8365356012658234,1.0,1.0,unresolved_algorithmic_or_content_conflict,unresolved,0,10.233333333333333,0,0.0
-egA8-b7-3M$_$13,MATCH_STRONG,WhisperX_and_global_retrieval_support_official_text,VERIFIED,CTC_and_official_forced_alignment_meet_frozen_time_thresholds,ok,1.0,11,1.0,0.2905564999999999,0.21914149999999966,0.26039900000000005,0.41370024999999955,0.9635004999999996,1.0,1.0,unresolved_algorithmic_or_content_conflict,unresolved,0,4.166666666666666,0,0.0
-egA8-b7-3M$_$16,MATCH_STRONG,WhisperX_and_global_retrieval_support_official_text,VERIFIED,CTC_and_official_forced_alignment_meet_frozen_time_thresholds,ok,1.0,11,1.0,0.27389117647058825,0.17656764705882377,0.21802058823529347,0.3326176470588236,0.48273235294117667,1.0,1.0,unresolved_algorithmic_or_content_conflict,unresolved,0,5.533333333333333,0,0.0
-egA8-b7-3M$_$17,MATCH_STRONG,WhisperX_and_global_retrieval_support_official_text,PARTIAL,official_text_has_reliable_partial_times_but_time_agreement_is_below_VERIFIED,ok,1.0,16,1.0,0.31813970588235274,0.2671397058823526,0.30081108597285044,0.4440699943438912,0.6448518099547504,1.0,1.0,unresolved_algorithmic_or_content_conflict,unresolved,0,7.266666666666667,0,0.0
-egA8-b7-3M$_$18,MATCH_STRONG,WhisperX_and_global_retrieval_support_official_text,VERIFIED,CTC_and_official_forced_alignment_meet_frozen_time_thresholds,ok,1.0,22,1.0,0.25210019455252874,0.17644224221789878,0.255528331712062,0.3813941147859923,0.6548827821011667,1.0,1.0,unresolved_algorithmic_or_content_conflict,unresolved,0,8.366666666666667,0,0.0
-egA8-b7-3M$_$20,MATCH_STRONG,WhisperX_and_global_retrieval_support_official_text,VERIFIED,CTC_and_official_forced_alignment_meet_frozen_time_thresholds,ok,1.0,20,1.0,0.2448474813432837,0.19815453980099523,0.21954131685323397,0.3173947061567168,0.6484530472636818,1.0,1.0,unresolved_algorithmic_or_content_conflict,unresolved,0,6.633333333333333,0,0.0
-egA8-b7-3M$_$26,MATCH_STRONG,WhisperX_and_global_retrieval_support_official_text,VERIFIED,CTC_and_official_forced_alignment_meet_frozen_time_thresholds,ok,1.0,15,1.0,0.26844480298913087,0.20484358016304416,0.23829755434782618,0.3490522078804348,0.6087272418478262,1.0,1.0,unresolved_algorithmic_or_content_conflict,unresolved,0,6.0,0,0.0
-egA8-b7-3M$_$6,MATCH_STRONG,WhisperX_and_global_retrieval_support_official_text,VERIFIED,CTC_and_official_forced_alignment_meet_frozen_time_thresholds,ok,1.0,12,1.0,0.26986588541666634,0.16915625000000012,0.2656101888020833,0.36008909505208336,0.5206715494791667,1.0,1.0,unresolved_algorithmic_or_content_conflict,unresolved,0,6.233333333333333,0,0.0
-egA8-b7-3M$_$9,MATCH_STRONG,WhisperX_and_global_retrieval_support_official_text,VERIFIED,CTC_and_official_forced_alignment_meet_frozen_time_thresholds,ok,1.0,10,1.0,0.32301960784313777,0.20825735294117687,0.29410477941176494,0.39085202205882397,0.5304313725490202,1.0,1.0,unresolved_algorithmic_or_content_conflict,unresolved,0,5.066666666666666,0,0.0
-hnBHBN8p5A$_$6,CONFLICT,CTC_and_WhisperX_agree_but_both_conflict_with_official,NOT_APPLICABLE,semantic_pairing_not_supported,ok,1.0,10,0.7692307692307693,0.7903316941624363,0.5983316941624364,0.6633129758883247,2.1130184486040604,2.334229854060913,0.7692307692307693,1.0,two_ASRs_agree_but_both_conflict_with_official,unresolved,0,5.25,1.1313777777777778,0.0
-hnBHBN8p5A$_$7,CONFLICT,CTC_and_WhisperX_agree_but_both_conflict_with_official,NOT_APPLICABLE,semantic_pairing_not_supported,ok,1.0,9,0.6923076923076923,3.1556369768722465,3.4219742566079288,3.278796393171806,4.700714812775329,4.862912307268721,0.6923076923076923,1.0,two_ASRs_agree_but_both_conflict_with_official,unresolved,0,6.3406666666666665,1.0,0.0
-iRBcNs9oI8$_$3,UNRESOLVED,within_video_clip_mapping_suspected,NOT_APPLICABLE,semantic_pairing_not_supported,ok,1.0,7,0.875,2.0879818313953487,2.4111984011627907,2.253369549418605,2.6459023255813956,2.839202761627907,0.875,1.0,clip_mapping_suspected,partially_verified,3.25,2.355600000000001,0,0.5797773654916512
-iRBcNs9oI8$_$6,UNRESOLVED,within_video_clip_mapping_suspected,NOT_APPLICABLE,semantic_pairing_not_supported,ok,1.0,3,0.6,0.24314116379310344,0.3299105603448276,0.30274820402298847,0.3515688936781609,0.5072869971264368,0.6,1.0,clip_mapping_suspected,partially_verified,2.25,0.6195333333333335,0,0.7840996213089236
-iRBcNs9oI8$_$7,CONFLICT,CTC_and_WhisperX_agree_but_both_conflict_with_official,NOT_APPLICABLE,semantic_pairing_not_supported,ok,1.0,5,0.5555555555555556,1.6048014112903224,1.6349747983870966,1.6198881048387095,1.7261568548387096,1.7661481854838712,0.5555555555555556,1.0,two_ASRs_agree_but_both_conflict_with_official,partially_verified,3.25,0.820733333333334,0,0.7983819459229294
-iRBcNs9oI8$_$8,CONFLICT,CTC_and_WhisperX_agree_but_both_conflict_with_official,NOT_APPLICABLE,semantic_pairing_not_supported,ok,1.0,10,0.47619047619047616,4.37007975,4.586077749999999,4.43625196875,4.835961312500001,4.9535043750000005,0.47619047619047616,1.0,two_ASRs_agree_but_both_conflict_with_official,partially_verified,5.0,3.0747333333333344,0,0.619215495248553
-iRBcNs9oI8$_$9,CONFLICT,CTC_and_WhisperX_agree_but_both_conflict_with_official,NOT_APPLICABLE,semantic_pairing_not_supported,ok,1.0,5,1.0,0.25712469951923067,0.2771246995192307,0.1296177884615386,0.44196439302884605,0.6065123197115381,1.0,1.0,two_ASRs_agree_but_both_conflict_with_official,unresolved,0,2.9034000000000004,0.5,0.0
-lzEya4AM_4$_$5,MATCH_STRONG,WhisperX_and_global_retrieval_support_official_text,VERIFIED,CTC_and_official_forced_alignment_meet_frozen_time_thresholds,ok,1.0,19,1.0,0.24229647775423846,0.17901602224576285,0.20665684586864413,0.3310209878177972,0.6196059322033904,1.0,1.0,unresolved_algorithmic_or_content_conflict,partially_verified,5.5,2.166666666666666,0,0.7173913043478262
-lzEya4AM_4$_$6,MATCH_STRONG,WhisperX_and_global_retrieval_support_official_text,VERIFIED,CTC_and_official_forced_alignment_meet_frozen_time_thresholds,ok,1.0,43,1.0,0.19478355978260886,0.15354497282608648,0.2176813179347823,0.368962187499999,0.6313304347826083,1.0,1.0,unresolved_algorithmic_or_content_conflict,partially_verified,8.75,6.016666666666666,0,0.5925507900677202
-mJ2ud6oKI8$_$1,UNRESOLVED,within_video_clip_mapping_suspected,NOT_APPLICABLE,semantic_pairing_not_supported,ok,1.0,3,0.23076923076923078,1.2708976063829787,4.725488031914893,2.998192819148936,4.424882180851063,4.793259308510638,0.23076923076923078,1.0,clip_mapping_suspected,missing,0,0,6.072733333333334,0.0
-mJ2ud6oKI8$_$2,CONFLICT,global_retrieval_prefers_other_audio,NOT_APPLICABLE,semantic_pairing_not_supported,ok,1.0,3,0.2727272727272727,1.2698935381355934,1.2454676906779663,1.2576806144067798,1.403347563559322,1.4419772245762712,0.2727272727272727,1.0,ASR_unstable,unresolved,0,3.2057,2.5,0.0
-mJ2ud6oKI8$_$6,UNRESOLVED,independent_semantic_evidence_is_inconclusive,NOT_APPLICABLE,semantic_pairing_not_supported,ok,1.0,3,0.6,0.09302083333333332,0.09347916666666661,0.09324999999999997,0.2126166666666667,0.33777083333333346,0.6,1.0,unresolved_algorithmic_or_content_conflict,unresolved,0,2.2355666666666667,0,0.0
-mJ2ud6oKI8$_$8,UNRESOLVED,independent_semantic_evidence_is_inconclusive,NOT_APPLICABLE,semantic_pairing_not_supported,ok,1.0,8,0.7272727272727273,0.37724467054263566,0.2808386627906976,0.2525591085271317,0.37505019379844945,0.42005474806201537,0.7272727272727273,1.0,unresolved_algorithmic_or_content_conflict,partially_verified,1.5,2.671337868480725,0,0.3595968601187241
-mJ2ud6oKI8$_$9,CONFLICT,CTC_and_WhisperX_agree_but_both_conflict_with_official,NOT_APPLICABLE,semantic_pairing_not_supported,ok,1.0,12,0.5454545454545454,0.8799781976744192,0.8699534883720933,0.9304694767441866,1.6213667151162794,2.01427034883721,0.5454545454545454,1.0,two_ASRs_agree_but_both_conflict_with_official,unresolved,0,7.007000000000001,0,0.0
-mqbVkbCndg$_$0,MATCH_STRONG,WhisperX_and_global_retrieval_support_official_text,PARTIAL,official_text_has_reliable_partial_times_but_time_agreement_is_below_VERIFIED,ok,1.0,12,1.0,0.3386507537688439,0.25112437185929654,0.30318404522613085,0.4252365577889447,0.6312261306532667,1.0,1.0,unresolved_algorithmic_or_content_conflict,partially_verified,4.75,1.75,0,0.7307692307692307
-qDkUB0GgYY$_$6,MATCH_STRONG,WhisperX_and_global_retrieval_support_official_text,VERIFIED,CTC_and_official_forced_alignment_meet_frozen_time_thresholds,ok,1.0,16,1.0,0.1982043269230771,0.14199694055944068,0.17211068618881126,0.3001559768356644,0.5676271853146853,1.0,1.0,unresolved_algorithmic_or_content_conflict,fully_verified,4.0,0.6666666666666661,0,0.8571428571428572
-ri04Z7vwnc$_$0,CONFLICT,global_retrieval_prefers_other_audio,NOT_APPLICABLE,semantic_pairing_not_supported,ok,1.0,6,0.75,0.3215154411764708,0.5921514705882356,0.4961011029411767,0.6046161764705884,0.6965720588235296,0.75,1.0,ASR_unstable,missing,0,0,2.7944666666666667,0.0
-ri04Z7vwnc$_$2,UNRESOLVED,within_video_clip_mapping_suspected,NOT_APPLICABLE,semantic_pairing_not_supported,ok,1.0,10,0.625,1.932324388586957,1.9367204483695657,2.0571344259510873,2.2168343919836953,2.458030910326087,0.625,1.0,clip_mapping_suspected,unresolved,0,2.2560000000000002,3.75,0.0
-ri04Z7vwnc$_$5,CONFLICT,CTC_and_WhisperX_agree_but_both_conflict_with_official;global_retrieval_prefers_other_audio,NOT_APPLICABLE,semantic_pairing_not_supported,ok,1.0,5,0.625,0.7031450471698114,0.7715412735849058,0.8054422169811322,0.830010141509434,0.9285507075471698,0.625,1.125,two_ASRs_agree_but_both_conflict_with_official,unresolved,0,3.5035111111111115,0,0.0
-s9qJ7ATP7w$_$0,MATCH_STRONG,WhisperX_and_global_retrieval_support_official_text,VERIFIED,CTC_and_official_forced_alignment_meet_frozen_time_thresholds,ok,1.0,23,0.9583333333333334,0.26704261363636395,0.22604261363636402,0.2603267045454546,0.3759457386363635,0.6372926136363644,0.9583333333333334,1.0,unresolved_algorithmic_or_content_conflict,unresolved,0,6.866666666666666,0,0.0
-s9qJ7ATP7w$_$1,MATCH_STRONG,WhisperX_and_global_retrieval_support_official_text,VERIFIED,CTC_and_official_forced_alignment_meet_frozen_time_thresholds,ok,1.0,11,1.0,0.23475716145833347,0.18120768229166684,0.2192623697916669,0.41656282552083357,0.850896484375,1.0,1.0,unresolved_algorithmic_or_content_conflict,partially_verified,1.0,3.7666666666666666,0,0.2097902097902098
-s9qJ7ATP7w$_$4,MATCH_STRONG,WhisperX_and_global_retrieval_support_official_text,VERIFIED,CTC_and_official_forced_alignment_meet_frozen_time_thresholds,ok,1.0,9,1.0,0.2711946022727272,0.18547585227272734,0.2989204545454545,0.40246079545454544,0.5640752840909091,1.0,1.0,unresolved_algorithmic_or_content_conflict,partially_verified,0.75,2.8999999999999995,0.75,0.17045454545454547
-s9qJ7ATP7w$_$5,MATCH_STRONG,WhisperX_and_global_retrieval_support_official_text,PARTIAL,official_text_has_reliable_partial_times_but_time_agreement_is_below_VERIFIED,ok,1.0,19,1.0,0.36929813218390795,0.2569039750957849,0.34633740421455883,0.49591762452107274,0.706435344827586,1.0,1.0,unresolved_algorithmic_or_content_conflict,unresolved,0,8.5,0.033333333333333215,0.0
-s9qJ7ATP7w$_$6,MATCH_STRONG,WhisperX_and_global_retrieval_support_official_text,VERIFIED,CTC_and_official_forced_alignment_meet_frozen_time_thresholds,ok,1.0,5,1.0,0.24296082746478875,0.22096082746478896,0.2684533450704226,0.368409639084507,0.6342922535211268,1.0,1.0,unresolved_algorithmic_or_content_conflict,unresolved,0,2.2166666666666663,0.25,0.0
-s9qJ7ATP7w$_$7,MATCH_STRONG,WhisperX_and_global_retrieval_support_official_text,VERIFIED,CTC_and_official_forced_alignment_meet_frozen_time_thresholds,ok,1.0,28,1.0,0.1849262030516432,0.143549149061033,0.1735576584507047,0.2868455252347421,0.43083348004694866,1.0,1.0,unresolved_algorithmic_or_content_conflict,unresolved,0,5.433333333333333,1.5,0.0
-s9qJ7ATP7w$_$8,MATCH_STRONG,WhisperX_and_global_retrieval_support_official_text,VERIFIED,CTC_and_official_forced_alignment_meet_frozen_time_thresholds,ok,1.0,12,1.0,0.22029924242424237,0.1756590909090907,0.23721338383838375,0.30403383838383835,0.46836742424242406,1.0,1.0833333333333333,unresolved_algorithmic_or_content_conflict,partially_verified,0.5,2.7666666666666666,0,0.15306122448979592
-t217m2on-s$_$2,MATCH_STRONG,WhisperX_and_global_retrieval_support_official_text,VERIFIED,CTC_and_official_forced_alignment_meet_frozen_time_thresholds,ok,1.0,12,1.0,0.2199456249999998,0.15432562500000002,0.20791531249999995,0.39292299999999997,1.03997625,1.0,1.0,unresolved_algorithmic_or_content_conflict,partially_verified,4.5,1.166666666666666,0,0.7941176470588236
-t217m2on-s$_$7,MATCH_STRONG,WhisperX_and_global_retrieval_support_official_text,VERIFIED,CTC_and_official_forced_alignment_meet_frozen_time_thresholds,ok,1.0,45,1.0,0.27069832862523313,0.20247693032014968,0.25589253766478226,0.385849835216571,0.6883167372881331,1.0,1.0,unresolved_algorithmic_or_content_conflict,partially_verified,9.0,8.166666666666664,0,0.5242718446601943
-tANM6ETl_M$_$3,MATCH_STRONG,WhisperX_and_global_retrieval_support_official_text,VERIFIED,CTC_and_official_forced_alignment_meet_frozen_time_thresholds,ok,1.0,22,1.0,0.2616253048780488,0.1977064024390236,0.2569911585365848,0.3580451981707315,0.4822506097560968,1.0,1.0,unresolved_algorithmic_or_content_conflict,partially_verified,5.25,1.4833333333333334,0,0.7797029702970297
-tPCytz4rww$_$10,MATCH_STRONG,WhisperX_and_global_retrieval_support_official_text,VERIFIED,CTC_and_official_forced_alignment_meet_frozen_time_thresholds,ok,1.0,12,1.0,0.3148765086206894,0.24248017241379272,0.2640329741379308,0.30777711206896535,0.5332176724137927,1.0,1.0,unresolved_algorithmic_or_content_conflict,fully_verified,4.75,0.016666666666666607,0,0.9965034965034966
-tPCytz4rww$_$11,MATCH_WEAK,WhisperX_partially_supports_official_text,VERIFIED,CTC_and_official_forced_alignment_meet_frozen_time_thresholds,ok,1.0,17,1.0,0.2469990643712574,0.18455033682634725,0.25332690868263474,0.3220311751497,0.5833038922155684,1.0,1.0,unresolved_algorithmic_or_content_conflict,fully_verified,5.466666666666667,0,0,1.0
-tPCytz4rww$_$12,MATCH_STRONG,WhisperX_and_global_retrieval_support_official_text,VERIFIED,CTC_and_official_forced_alignment_meet_frozen_time_thresholds,ok,1.0,26,1.0,0.2876705942622949,0.1955765881147542,0.24196618852459006,0.4104375640368848,0.7690732581967215,1.0,1.0,unresolved_algorithmic_or_content_conflict,fully_verified,11.0,0.8333333333333339,0,0.9295774647887324
-tPCytz4rww$_$16,MATCH_STRONG,WhisperX_and_global_retrieval_support_official_text,VERIFIED,CTC_and_official_forced_alignment_meet_frozen_time_thresholds,ok,1.0,16,1.0,0.28230250563063075,0.20579814189189216,0.29283199605855836,0.3421500914977482,1.675259290540541,1.0,1.0,unresolved_algorithmic_or_content_conflict,partially_verified,5.75,1.4500000000000002,0,0.798611111111111
-tPCytz4rww$_$18,MATCH_STRONG,WhisperX_and_global_retrieval_support_official_text,VERIFIED,CTC_and_official_forced_alignment_meet_frozen_time_thresholds,ok,1.0,16,1.0,0.2450935968137251,0.1638929227941177,0.19914682904411768,0.2942471660539213,0.6201973039215685,1.0,1.0,unresolved_algorithmic_or_content_conflict,fully_verified,5.883333333333333,0.75,0,0.8869346733668342
-uywlfIYOS8$_$4,MATCH_STRONG,WhisperX_and_global_retrieval_support_official_text,VERIFIED,CTC_and_official_forced_alignment_meet_frozen_time_thresholds,ok,1.0,18,1.0,0.2678094262295079,0.20855327868852447,0.24153995901639347,0.3276908811475406,0.4747920081967212,1.0,1.0,unresolved_algorithmic_or_content_conflict,fully_verified,5.0,1.0333333333333332,0,0.8287292817679558
-vxjVxOeScU$_$4,UNRESOLVED,independent_semantic_evidence_is_inconclusive,NOT_APPLICABLE,semantic_pairing_not_supported,ok,1.0,20,0.9523809523809523,0.30317148576512465,0.2221714857651247,0.27599810943060543,0.4518387844750894,0.9603507562277578,0.9523809523809523,1.0,ASR_unstable,unresolved,0,9.1,0,0.0
-wMB_hJL-3o$_$7,MATCH_STRONG,WhisperX_and_global_retrieval_support_official_text,VERIFIED,CTC_and_official_forced_alignment_meet_frozen_time_thresholds,ok,1.0,22,1.0,0.19754217069892455,0.15354889112903236,0.18439583333333348,0.3018500252016127,0.5196564180107528,1.0,1.0,unresolved_algorithmic_or_content_conflict,fully_verified,5.25,0.7833333333333332,0,0.8701657458563536
-wny0OAz3g8$_$0,MATCH_STRONG,WhisperX_and_global_retrieval_support_official_text,VERIFIED,CTC_and_official_forced_alignment_meet_frozen_time_thresholds,ok,1.0,9,1.0,0.17733663366336633,0.1982475247524751,0.19019306930693067,0.24005841584158413,0.3355544554455445,1.0,1.0,unresolved_algorithmic_or_content_conflict,fully_verified,2.75,0.583333333333333,0,0.8250000000000001
-wny0OAz3g8$_$1,MATCH_STRONG,WhisperX_and_global_retrieval_support_official_text,VERIFIED,CTC_and_official_forced_alignment_meet_frozen_time_thresholds,ok,1.0,22,1.0,0.2400097748815171,0.1562579976303322,0.21383130924170646,0.25483758886256025,0.3689880035545041,1.0,1.0454545454545454,unresolved_algorithmic_or_content_conflict,fully_verified,6.5,0.33333333333333304,0,0.951219512195122
-wny0OAz3g8$_$2,MATCH_STRONG,WhisperX_and_global_retrieval_support_official_text,VERIFIED,CTC_and_official_forced_alignment_meet_frozen_time_thresholds,ok,1.0,23,1.0,0.2200506465517238,0.17352478448275876,0.22394504310344798,0.36533965517241385,0.5636045258620688,1.0,1.0,unresolved_algorithmic_or_content_conflict,partially_verified,5.25,1.416666666666666,0,0.7875000000000001
-wny0OAz3g8$_$3,MATCH_STRONG,WhisperX_and_global_retrieval_support_official_text,VERIFIED,CTC_and_official_forced_alignment_meet_frozen_time_thresholds,ok,1.0,20,1.0,0.19376036184210543,0.14610855263157896,0.17455526315789507,0.2490098355263159,0.39689309210526336,1.0,1.0,unresolved_algorithmic_or_content_conflict,partially_verified,4.0,2.133333333333333,0,0.6521739130434783
-wny0OAz3g8$_$5,MATCH_STRONG,WhisperX_and_global_retrieval_support_official_text,VERIFIED,CTC_and_official_forced_alignment_meet_frozen_time_thresholds,ok,1.0,20,1.0,0.24919895833333316,0.19378697916666643,0.22697994791666654,0.3098019791666661,0.4612281249999999,1.0,1.0,unresolved_algorithmic_or_content_conflict,fully_verified,6.25,0.6499999999999995,0,0.9057971014492754
-wny0OAz3g8$_$7,MATCH_STRONG,WhisperX_and_global_retrieval_support_official_text,VERIFIED,CTC_and_official_forced_alignment_meet_frozen_time_thresholds,ok,1.0,29,1.0,0.22840345528455241,0.18055792682926874,0.21565142276422744,0.3431348577235773,0.5212540650406505,1.0,1.0,unresolved_algorithmic_or_content_conflict,fully_verified,7.25,0.8166666666666664,0,0.8987603305785125
-wny0OAz3g8$_$9,MATCH_STRONG,WhisperX_and_global_retrieval_support_official_text,VERIFIED,CTC_and_official_forced_alignment_meet_frozen_time_thresholds,ok,1.0,20,1.0,0.23717553191489393,0.18829787234042572,0.21216256648936174,0.3183481382978724,0.47105452127659575,1.0,1.0,unresolved_algorithmic_or_content_conflict,fully_verified,5.25,0.9500000000000002,0,0.8467741935483871
-yRb-Jum7EQ$_$1,MATCH_WEAK,WhisperX_partially_supports_official_text,PARTIAL,official_text_has_reliable_partial_times_but_time_agreement_is_below_VERIFIED,ok,1.0,39,0.7959183673469388,3.6210053630363,3.6420053630363007,3.5651749174917473,10.352707673267327,13.932281765676567,0.7959183673469388,1.0,ASR_unstable,unresolved,0,29.266666666666666,0,0.0
-yRb-Jum7EQ$_$5,MATCH_WEAK,WhisperX_partially_supports_official_text,PARTIAL,official_text_has_reliable_partial_times_but_time_agreement_is_below_VERIFIED,ok,1.0,9,0.36,4.862495469901718,4.882495469901719,4.88007125307125,6.661723963452089,8.808777718058968,0.36,1.0,ASR_unstable,partially_verified,1.25,11.916666666666666,0,0.0949367088607595
-yRb-Jum7EQ$_$6,MATCH_STRONG,WhisperX_and_global_retrieval_support_official_text,PARTIAL,official_text_has_reliable_partial_times_but_time_agreement_is_below_VERIFIED,ok,1.0,14,0.7368421052631579,0.45874374999999995,0.413156339285714,0.4172342410714283,1.1840450892857137,1.6635493749999988,0.7368421052631579,1.0,ASR_unstable,partially_verified,0.5,10.742539682539682,0,0.04447393686112837
