role	path	bytes	sha256
source_revision	SOURCE_REVISION	41	40a6409caa5cdbb09db3df38984873610ca37f8caca905a6f88ae7a1baf9f259
main_config	configs/q1.yaml	1491	f700329c7c5375bd358b9c15513772e812250505fe1766a03087380117bd01f8
formal_alignment_review	configs/alignment_review.csv	39919	1584599169ceea180d3f6ae606e02770514d81d82a822cabd00f936fa7f7afd3
formal_target_face_segments	configs/target_face_segments.csv	62	682c38c257eaf06e3a531f6599a2e0221b124f8ccf77b9572607e0257124b99a
compact50	runs/q1_full_20260924/features/q1_compact50.npz	6886904	0ba53548741328abb5c916bb2250495d41b8d98e2b461b099247a2b7a9c01057
manifest	runs/q1_full_20260924/manifest.jsonl	38398	f6b15042dbd90b7fd8c04f93cfea102404c8e53ce1ccf399729682d791a602c5
sample_index	runs/q1_full_20260924/sample_index.csv	25528	9095db9ce61f20b03b8f3514539ba78bd284ee48d015576159029ca3bd4a6090
quality	runs/q1_full_20260924/reports/quality.csv	122629	0812dc2ac89aa538143902ad82e61d1a537426819e26de2ca6fbb15daa1a4116
alignment_issues	runs/q1_full_20260924/reports/alignment_issues.csv	62548	104b4a42266cf317d10bb9daf508ea3a968bcff6729752bc91e50b98b5504b3f
validation	runs/q1_full_20260924/reports/validation.json	4063	4c6a479623195a71302892cf8aaecba53775c04129fe004c36ebaea1b39ab548
ctc_alignment	runs/q1_full_20260924/samples/000000/words.jsonl	8370	705952d47061567ec82923aac0e877a0bc6759d2a4289705108e9fcc90b23f0e
bert_word_features	runs/q1_full_20260924/samples/000000/bert_words.npz	43290	d69dd3cd8e80de8cf6dd46e38d01ce6cfea08797c604755a3f4e4d375dc8ec78
audio_native_features	runs/q1_full_20260924/samples/000000/audio_native.npz	45033	22753d13820d8a980f798cbd4edf5601fca506516d0dad21e0a0ad3c088e572e
vision_native_features	runs/q1_full_20260924/samples/000000/vision_native.npz	7042	ee8b7d72765e9f1578de548ea1a2fd9eb2672cc24b5845410292f7ec3f66a450
openface_raw_csv	runs/q1_full_20260924/samples/000000/openface/features.csv	445587	fb2acae63d5051d7c6e4e28544c7de8ebd779aa561c67e41edd83b11c7a95942
video_frame_timeline	runs/q1_full_20260924/samples/000000/video_frames.jsonl	40087	ae52959aa0a3898c98b69344ec293ecfcf17517f0b28094c003f216c2a822732
ctc_alignment	runs/q1_full_20260924/samples/000001/words.jsonl	7855	f232c796b70e1b5ae1f6b38d318cde7dc78642a7784cb4557643453c424b5e92
bert_word_features	runs/q1_full_20260924/samples/000001/bert_words.npz	40428	8d7f796a43ae6686de0dd16250c57291309fdd180e78ffdf4b46e8e6f096a994
audio_native_features	runs/q1_full_20260924/samples/000001/audio_native.npz	78246	cd6c579e9f5ddfceb8c7d451d0ffa5b6dab90aea6b2329ed0e651461a5916544
vision_native_features	runs/q1_full_20260924/samples/000001/vision_native.npz	11098	b4bbdf82b61e43372af344424ae0b4d64518a43fc0c9b147dabd1c59a4f852e0
openface_raw_csv	runs/q1_full_20260924/samples/000001/openface/features.csv	749901	b84bd06cf53083efd4e56385dc1ffccda7553c0a7ca3f97b01dd344386673744
video_frame_timeline	runs/q1_full_20260924/samples/000001/video_frames.jsonl	68070	85b26c3ecef7189ebc24bcd4dffb248301271021f5518db2c2c4df3c71d11802
ctc_alignment	runs/q1_full_20260924/samples/000002/words.jsonl	16346	f0c4f6473e8f095a7fe2cb35da53a2999167d73aaea8284bf70a9105c7ad4b96
bert_word_features	runs/q1_full_20260924/samples/000002/bert_words.npz	83314	8fcc4797e23da1d6b39f57df24ebff490f72d39cd5777185779127b22ec236ca
audio_native_features	runs/q1_full_20260924/samples/000002/audio_native.npz	119363	261437e98615303f64634854d182ca63f9ceefb12e4fce6dc4858a85af6efde3
vision_native_features	runs/q1_full_20260924/samples/000002/vision_native.npz	16091	98ad63bd8e670ecf14be0161006c3052ccf4d31d7c003c05a99d93eaea7f2141
openface_raw_csv	runs/q1_full_20260924/samples/000002/openface/features.csv	1161242	89b8f4041e1c82cede3ec2dd5c6d2f8c3fb2cc09f41554b821b6bf8c5a82eb62
video_frame_timeline	runs/q1_full_20260924/samples/000002/video_frames.jsonl	105994	92aa7cb2602c15ba128af4405d9ea39cd0c77c3d75b99c2ab0d41c896299e3ea
ctc_alignment	runs/q1_full_20260924/samples/000003/words.jsonl	11809	81e9a9e9b4219391b716f63348850f8b64bb7c8db03988434104be54cfaf154c
bert_word_features	runs/q1_full_20260924/samples/000003/bert_words.npz	60448	35627b4a5b7233b8ec28c2bc0921180deaf6ae5239f7da4b059c699e6f3f271e
audio_native_features	runs/q1_full_20260924/samples/000003/audio_native.npz	74289	60a462ed118778fd4d7f3f4145ce71b3e6989cacfa57db3ff0fadf257c05dec3
vision_native_features	runs/q1_full_20260924/samples/000003/vision_native.npz	10568	6f3862f565c5958ae598192d8b676cb61cf59288e5b07fe68bcd45d2ab15469b
openface_raw_csv	runs/q1_full_20260924/samples/000003/openface/features.csv	708661	2e53d2f1698ac119c85c7238cc6a3550d30cb19f3b6e9345b1dfefde73cd62ab
video_frame_timeline	runs/q1_full_20260924/samples/000003/video_frames.jsonl	64242	db695549660604f4a35113b12c2e4ab9d944ffcdbf2ef0a26303eb90df612272
ctc_alignment	runs/q1_full_20260924/samples/000004/words.jsonl	10094	78286aa3996a266e79fa81ae10bb0d35d7b99125d6dcca99d095a1ae3f8cf6d4
bert_word_features	runs/q1_full_20260924/samples/000004/bert_words.npz	51896	ec3929f1983b6cc05caf2fd5eeb1a7875c04b00cc47cd4c2fb2ad815d16df224
audio_native_features	runs/q1_full_20260924/samples/000004/audio_native.npz	67166	e5e05d6509806206de4d22b19bc0f4382d3ebf4781dc5da430ce586c6b87e7c1
vision_native_features	runs/q1_full_20260924/samples/000004/vision_native.npz	9263	1443fb257e024bc9ac117a1b72b1e9a5057720175d6a97087b18507831e7979a
openface_raw_csv	runs/q1_full_20260924/samples/000004/openface/features.csv	624566	6dfec759566e7e7f6d7197c94959b4de640efbdcba3892701953222695fb4df7
video_frame_timeline	runs/q1_full_20260924/samples/000004/video_frames.jsonl	57553	2d98e5f326b9cd96a68aeae6d4f86848cf8664936356ccceefdace378eccd4ee
ctc_alignment	runs/q1_full_20260924/samples/000005/words.jsonl	6756	6ccaa714e5d0f7cddb201e7abdd942332a833ff395df9cf7c7dc523500ee1487
bert_word_features	runs/q1_full_20260924/samples/000005/bert_words.npz	34772	8513a1ab309919d78c66d852059d16b9d843dfc1579c23e305f4b74cb6c534ac
audio_native_features	runs/q1_full_20260924/samples/000005/audio_native.npz	41786	f456c3cbecde599f4ff18e966227c067237cc2a8a85a91cdb5664c45734565d5
vision_native_features	runs/q1_full_20260924/samples/000005/vision_native.npz	6406	4f17a7cdbf8bfed9fcb51eac5d2e46837c10b1026de4b1a37880c23ffc502907
openface_raw_csv	runs/q1_full_20260924/samples/000005/openface/features.csv	387427	92ad0f9e618d1cb0e125bbe3e8a540bd4acc83bbaf775ce667769bdc6e21ee0a
video_frame_timeline	runs/q1_full_20260924/samples/000005/video_frames.jsonl	37048	84201c882f1ace8520147844db26645263fd2e06e3c99490df257455c6e29387
ctc_alignment	runs/q1_full_20260924/samples/000006/words.jsonl	24092	8aa38bd1ed0c5d5008bf85e51d9a8ee7e77505211f5c1282b033f52ebf7df2b3
bert_word_features	runs/q1_full_20260924/samples/000006/bert_words.npz	123324	519a6832321dd115599092a7fa4bcea4f0b699b5edf517268c8f517f92de491a
audio_native_features	runs/q1_full_20260924/samples/000006/audio_native.npz	128641	fcef045538eab2b6efe7b58736621cb280f6f7f26d28c4bdfa28079ad44729b9
vision_native_features	runs/q1_full_20260924/samples/000006/vision_native.npz	15218	fc567b25f8d58f2eb934a6afce31d57a9b09939c49cbc6a84eddd827bf1adac4
openface_raw_csv	runs/q1_full_20260924/samples/000006/openface/features.csv	1227559	d69f6dd16f3fb3645354fae9ea472499001e7ee18902534f67deddf864538f57
video_frame_timeline	runs/q1_full_20260924/samples/000006/video_frames.jsonl	111540	358f14d00fdd05f5481d1469683add70d0fa769173f58ca99eac0ead14fbc857
ctc_alignment	runs/q1_full_20260924/samples/000007/words.jsonl	19009	0eaaf6fde0f5658fb27a3abfb694b6fc7c6e92b18c78134eedae8b5b61bac771
bert_word_features	runs/q1_full_20260924/samples/000007/bert_words.npz	97572	84521672d78d6d87831ec15ddbd8d2726e3e69d21422b650c93c75cb0979ca6e
audio_native_features	runs/q1_full_20260924/samples/000007/audio_native.npz	112807	3981583188bd90e7ac2d4f0bd412e3c0e7299e60ad56f6f30e18d1a7defd2ed0
vision_native_features	runs/q1_full_20260924/samples/000007/vision_native.npz	14368	0523eb69f69e9de5c061e13f5f12ce7e5eaa74c316f4afef8f1edaf0ac4fd6d1
openface_raw_csv	runs/q1_full_20260924/samples/000007/openface/features.csv	1030448	cbdaf6768bd48f52caa5d90090cd1b8e96d993bf0b13d36fe3c31267f54de787
video_frame_timeline	runs/q1_full_20260924/samples/000007/video_frames.jsonl	93780	4bb9a57d36ec453bdf3cdfe7255c912938af50a17efcf36dcc4a911369bcff48
ctc_alignment	runs/q1_full_20260924/samples/000008/words.jsonl	12201	722f75ff38c1e415076fd02dbdaa668fbc6e39cea18a7b5a33529d9288d1f558
bert_word_features	runs/q1_full_20260924/samples/000008/bert_words.npz	63336	b00d07239987e0cef076860d21686ba65c89edc2195f99900c971ab26b88b0b0
audio_native_features	runs/q1_full_20260924/samples/000008/audio_native.npz	59820	b5838daab86fbb960876963fdbdc7c4cad33125bda767920d8295324d29c6056
vision_native_features	runs/q1_full_20260924/samples/000008/vision_native.npz	8610	712b176bfb10715e3ff63fc3ba13c29c090d0c758a88c5afd85770a145fbc890
openface_raw_csv	runs/q1_full_20260924/samples/000008/openface/features.csv	577137	a14ef87b276834ee9d2c557c61d934ddc520a52e0043d630cf76b3dd6cbe0438
video_frame_timeline	runs/q1_full_20260924/samples/000008/video_frames.jsonl	50366	4fb0c1404160e8e400610954c7ef6353fb483a6f2112188636fde784837a8ca1
ctc_alignment	runs/q1_full_20260924/samples/000009/words.jsonl	4983	e7b8376830a2d56ef67efc7e8524883e0c33f7681b9ea680b2d78296dbe59351
bert_word_features	runs/q1_full_20260924/samples/000009/bert_words.npz	26182	8bdadfcb2f2a8e60e750393d4cb9a25610dfbce3ff0fe1429ac37d2ad20a7281
audio_native_features	runs/q1_full_20260924/samples/000009/audio_native.npz	23050	d4b4131a334752723dbe0348093a2d28fb2b8171c9099a1857acb8007b138d0d
vision_native_features	runs/q1_full_20260924/samples/000009/vision_native.npz	4097	ef698253a4667fe1ff6816bba8536f4ea87f1dfbda5c696bdc048fba16bce45d
openface_raw_csv	runs/q1_full_20260924/samples/000009/openface/features.csv	226906	5b5f7df1448d76b68e78b0a2d204cd03435724e16b905df15baec53f0364fd13
video_frame_timeline	runs/q1_full_20260924/samples/000009/video_frames.jsonl	19504	15cc7c37fc9288b4daacf3f5084a0523f807367425a0e797f20c745951338b11
ctc_alignment	runs/q1_full_20260924/samples/000010/words.jsonl	6667	07d387b9fb4fc9fe034c3bb33f58c14c3699a49e9e59167794ac123569e35c59
bert_word_features	runs/q1_full_20260924/samples/000010/bert_words.npz	34721	5d51cd08983099623a965f26064f42dec891887dad00fdb11414f1cfb0fc04e7
audio_native_features	runs/q1_full_20260924/samples/000010/audio_native.npz	42092	319d1c054ffde35c302ac2612169dc87c18cc9d11c1711ac4f5ad269f24167b5
vision_native_features	runs/q1_full_20260924/samples/000010/vision_native.npz	1666	fd70207c1cb37025eb52faa1db88f6f0e3d32264d8bdac11ce09acec2aa243f5
openface_raw_csv	runs/q1_full_20260924/samples/000010/openface/features.csv	425038	4d3450d45f21a958adbc2962b22f13f50e452df3533ebabe0b7ab575b9baa3c1
video_frame_timeline	runs/q1_full_20260924/samples/000010/video_frames.jsonl	36587	e15275a242e6ff69b37ca27c9cb3977bf26b5264edc359ee8d8c559a149bd194
ctc_alignment	runs/q1_full_20260924/samples/000011/words.jsonl	23239	98e8b1c9a4eece4e7fcfcec4446bd57a87f579416adf42a967991c2cc8760955
bert_word_features	runs/q1_full_20260924/samples/000011/bert_words.npz	117511	b1619020cc344ac1dd124b118edd518d503d1470c46b81bbe2877c91ce473697
audio_native_features	runs/q1_full_20260924/samples/000011/audio_native.npz	175434	9561fa97733077d9c01ffa5148f194c72c92016063075b05d689c70228170251
vision_native_features	runs/q1_full_20260924/samples/000011/vision_native.npz	24039	2bdd590eeb32dda544fdba8e6220a210fdeeee3b50b3da5711b162ae726274ba
openface_raw_csv	runs/q1_full_20260924/samples/000011/openface/features.csv	1863622	2a404ba1f7ad091af4d1ed1efcf37e447b4c4f679687e65057bf4b37c9b9208f
video_frame_timeline	runs/q1_full_20260924/samples/000011/video_frames.jsonl	165809	d4429b23db90441c99dcc6648e408f0dc3e508007754812b6ce3bf5c4c75e5d9
ctc_alignment	runs/q1_full_20260924/samples/000012/words.jsonl	8910	260042732f086f38ceb8cb9eb8d53445cfde5ca9e4555d47732ed91c2ac4a707
bert_word_features	runs/q1_full_20260924/samples/000012/bert_words.npz	46180	bf3ae022845b620602f740c8d12434eb63a96ba849578596e509e18a79cb7e00
audio_native_features	runs/q1_full_20260924/samples/000012/audio_native.npz	69665	fb65b8f44d20f6f821f11ff80564469cd42c5914c473be093fc46e469eaf6ed6
vision_native_features	runs/q1_full_20260924/samples/000012/vision_native.npz	9410	ed2a2177f6dfbf314a1da098b7ce966dcee7d72e9c379c43d77bfc13ca9a8901
openface_raw_csv	runs/q1_full_20260924/samples/000012/openface/features.csv	657780	bb030a7d153b1dc1ae9350676aa67433ec68be8f98e384f9acbf350aa7398642
video_frame_timeline	runs/q1_full_20260924/samples/000012/video_frames.jsonl	59907	9051cd9008e0fb201d4ff482f3a28d0f3bf0a5d709eae30b85d6fd49dc1d3cb5
ctc_alignment	runs/q1_full_20260924/samples/000013/words.jsonl	4338	d0b90b2de7fb7e2abcc8e6c852cc46ca885e288666c077f000466dc2be0d0453
bert_word_features	runs/q1_full_20260924/samples/000013/bert_words.npz	23294	ee0fdb9e63a20515453591d83ff9a6622cfeeb66252e2a02e15ba0b23283056e
audio_native_features	runs/q1_full_20260924/samples/000013/audio_native.npz	33054	4502d0afc4f3ec8ad5496ef719a1b6f35806a95891714435e14a3e36ccdf6884
vision_native_features	runs/q1_full_20260924/samples/000013/vision_native.npz	1483	e13e473773eb1e48fb375bef0a8d9fb30fe250733026e89018389afee07d3c77
openface_raw_csv	runs/q1_full_20260924/samples/000013/openface/features.csv	263036	228b23723a45874fa7a52296d9bcb9194fb5af10c6d1ff2e930dee0b3b0ca9d1
video_frame_timeline	runs/q1_full_20260924/samples/000013/video_frames.jsonl	29166	2cb5c039bd337a3563f54c168c1a9071295c433204d88725961120e3c859cce9
ctc_alignment	runs/q1_full_20260924/samples/000014/words.jsonl	5547	697ceeb8e3e37e0e720a00a3ad6caf835b88ac42baf53add4326cb222554da29
bert_word_features	runs/q1_full_20260924/samples/000014/bert_words.npz	29005	057e9e418c6117b5cbb22ce6a8e0a5e7704372b67a6d04e63275abdf5f5501f6
audio_native_features	runs/q1_full_20260924/samples/000014/audio_native.npz	48542	56d96dd8086b294e494b9475e5db0a2e34b6e51cbedb5feabca66c486ea420b8
vision_native_features	runs/q1_full_20260924/samples/000014/vision_native.npz	1739	d422e3dbd965029ab35a2779228effd1b0958b43c38dfe3f00ffa4eded50c772
openface_raw_csv	runs/q1_full_20260924/samples/000014/openface/features.csv	223009	f17d93a73f7a9b20ce075466f172163dbd360f8aaca66852938f936a769d1f6e
video_frame_timeline	runs/q1_full_20260924/samples/000014/video_frames.jsonl	41263	ab54d0cb9f8e5d2b3cf73cb323b67655aa8742980ec7c3cd043a268b849db42c
ctc_alignment	runs/q1_full_20260924/samples/000015/words.jsonl	3901	45abe45fa9bdcc1eed5ed047647ab36700fffb0575cdbfa4636c7a4b39f84004
bert_word_features	runs/q1_full_20260924/samples/000015/bert_words.npz	20467	80be2fc788294b58f27b213f05360bc2e373280432784ad8d3a9a3c27e3bba9a
audio_native_features	runs/q1_full_20260924/samples/000015/audio_native.npz	29427	bd6d9712c65c503a6e59f7ccca3892ec15e19085e114b1fbbfff7d93de466735
vision_native_features	runs/q1_full_20260924/samples/000015/vision_native.npz	1385	85485f1ce5257c858db44a511dd52f1259fa8f209f8437541929a29e1fdd13de
openface_raw_csv	runs/q1_full_20260924/samples/000015/openface/features.csv	171970	9d90d263262300c1acf0880c5eecb431008be0fb2cb80b2b858d5bd6d8fbfafb
video_frame_timeline	runs/q1_full_20260924/samples/000015/video_frames.jsonl	24178	006002804436826df749ffdd425fdc3c3d0bc8fc2235f12462e03c6ff95d1909
ctc_alignment	runs/q1_full_20260924/samples/000016/words.jsonl	12272	fafa2364e5c988342a61f246074f3b6971b3ab256ff6c341bae839cda063127d
bert_word_features	runs/q1_full_20260924/samples/000016/bert_words.npz	63357	82ae1f832c0391e45cb55f87d5b993fbb03f4693353a79352250cfbd79d40041
audio_native_features	runs/q1_full_20260924/samples/000016/audio_native.npz	67204	393ac4a7e6a7ec4a0c8531fab65a041344b2ee5f34a2bcdcadb2d349bb1529f1
vision_native_features	runs/q1_full_20260924/samples/000016/vision_native.npz	2005	24cd4a99309177032f8470010adc82998ab893f8426c1fba1a4adfcc8b27d556
openface_raw_csv	runs/q1_full_20260924/samples/000016/openface/features.csv	471701	1344b33510de032fab1f155e783a86d3e10efcb85535486d3bf46f897495c8ca
video_frame_timeline	runs/q1_full_20260924/samples/000016/video_frames.jsonl	56858	5e55bda68410ffcbbd28e64884edcb4213979dcd36690d1276be4ce6312d6241
ctc_alignment	runs/q1_full_20260924/samples/000017/words.jsonl	10076	07ea7f38bbf4a4c4e29510987f8d19c35add4229aacafcaa5bd63b9535c2d500
bert_word_features	runs/q1_full_20260924/samples/000017/bert_words.npz	51912	38429a029e16995cfac7f3fb7d9941677793b0100b502a09723edd4697656173
audio_native_features	runs/q1_full_20260924/samples/000017/audio_native.npz	62469	630c7320d16e130e529a4547a08df20299a0d52c701380111e625f0c12a823d9
vision_native_features	runs/q1_full_20260924/samples/000017/vision_native.npz	7766	eb6bf95ccc2dd60afaa651dc30d232e605ba8b3b8857f627f456f8b671f7b659
openface_raw_csv	runs/q1_full_20260924/samples/000017/openface/features.csv	615469	65a045cd2b66bf0a1a0eb80dd8d347f7fa64cad7682d05967d21b71fc5862c9f
video_frame_timeline	runs/q1_full_20260924/samples/000017/video_frames.jsonl	54627	f5edc9a12f3a1430914fbbad7e6886446b19b9f67d5ed4b2d88371c3d5f45470
ctc_alignment	runs/q1_full_20260924/samples/000018/words.jsonl	12331	df0b3c317208b7d102bac024ed86a9170a927ae8695c8928ce173e49364d7283
bert_word_features	runs/q1_full_20260924/samples/000018/bert_words.npz	63378	a230fcd9ce9b7f96878f881b559249b40b0e064520baf1c4b17a0071a2a7db3c
audio_native_features	runs/q1_full_20260924/samples/000018/audio_native.npz	73657	9b46dadbbccce1f10c9c340914f6ccd740f483578fa8c3aa771431cdee5e86c3
vision_native_features	runs/q1_full_20260924/samples/000018/vision_native.npz	8973	deecae1dd2f5f08864e5e1c914b8794e9c3b15985715b694267e25b204db1718
openface_raw_csv	runs/q1_full_20260924/samples/000018/openface/features.csv	738614	4131f9dc7015d8e6aa1f9036ad23dc0473283a82e2864f7a9906f4aefd601b8e
video_frame_timeline	runs/q1_full_20260924/samples/000018/video_frames.jsonl	66074	2217893b08580abae82593d58605d86cc99a6ce4c698a781fcc7e16e4646a56d
ctc_alignment	runs/q1_full_20260924/samples/000019/words.jsonl	11769	6193170362b141c3a4d9c522085b066325c085fc4d411a22c391f0981f1b32f9
bert_word_features	runs/q1_full_20260924/samples/000019/bert_words.npz	60439	be66840ae3313492007cc4634be6a89051b8ee9f54ed20449b9f4025ac2adc6a
audio_native_features	runs/q1_full_20260924/samples/000019/audio_native.npz	77542	21da964b34b4d9aca61118460e48423aa517535295b7059b76e10004a5ed223d
vision_native_features	runs/q1_full_20260924/samples/000019/vision_native.npz	2193	d0b7d607aaa29b179ea69925d52e5c47ebf187712c25f61c0ce74e82cf22fd7e
openface_raw_csv	runs/q1_full_20260924/samples/000019/openface/features.csv	752717	ce1186dc54d51c3b1b2e65d8273062f4384e4b821c9939f96ccc09b2816f1057
video_frame_timeline	runs/q1_full_20260924/samples/000019/video_frames.jsonl	68125	ee95729d4bc7293e85e5ed902494d9b3913232622b43e9f3237bbb003463002b
ctc_alignment	runs/q1_full_20260924/samples/000020/words.jsonl	7812	b71a498f67be470a2c18b30c84f53e5632ba7d983ab3e18711d70a4ec5dfa652
bert_word_features	runs/q1_full_20260924/samples/000020/bert_words.npz	40493	cc438724544795fb0326166f6b6d3f56ae36adc38dc716d2a5539372fac7e469
audio_native_features	runs/q1_full_20260924/samples/000020/audio_native.npz	43315	5c37aff407592e31351982443aab90467566e569a2ea9abcea86afa25ba4dec3
vision_native_features	runs/q1_full_20260924/samples/000020/vision_native.npz	6274	0cc15dcf1d13afa76d96075d7981c3f11f8e75798aabf2a1e7ea75280e88457a
openface_raw_csv	runs/q1_full_20260924/samples/000020/openface/features.csv	432766	5e776a8096cffecf92929c4b7445f1d3e35a407769f243090443d035f7e40c7f
video_frame_timeline	runs/q1_full_20260924/samples/000020/video_frames.jsonl	38506	826cf517f184cbe1d3dd5b2c6c95c4c98d4d1c2f8ea31436ba8491526ce4e1d2
ctc_alignment	runs/q1_full_20260924/samples/000021/words.jsonl	17302	11235b27c8393540cb1cc80aac7297207dc6a9388d4c6aaca217a6912b5b2013
bert_word_features	runs/q1_full_20260924/samples/000021/bert_words.npz	89039	7f192db48221090f25b4037c95308539dfc0beeffd81efd71d875818cd62e118
audio_native_features	runs/q1_full_20260924/samples/000021/audio_native.npz	90613	1999d68f4495c5fa3c8cbaec30411b064e8f700ffe480e44e5efe195251ade97
vision_native_features	runs/q1_full_20260924/samples/000021/vision_native.npz	2346	9a3ee5f48af25a92615c98b9f5f648b06beaacf67f297d9f3c517e40a150f4ae
openface_raw_csv	runs/q1_full_20260924/samples/000021/openface/features.csv	896912	d00bf52f71e13ca64f885ed9ace592eef17404f205fc94036c0374ac09047c92
video_frame_timeline	runs/q1_full_20260924/samples/000021/video_frames.jsonl	76654	d483572e87f34906d84f67e2e37fac09f9176d0b2f9c1afb61c4c17183007f73
ctc_alignment	runs/q1_full_20260924/samples/000022/words.jsonl	8731	3beb20d2ddd7902775d9da15a99e40d630877649e6e22601ffd5e3769d461a93
bert_word_features	runs/q1_full_20260924/samples/000022/bert_words.npz	46117	7780fc3ea8692a1380e7904a4a039f4a5936f9c3d353c89e351ce2dd95cb756d
audio_native_features	runs/q1_full_20260924/samples/000022/audio_native.npz	41740	a8ff6bf8ed4a9150c951ee79fd09da1460cfa68448547b6947a245554a34e385
vision_native_features	runs/q1_full_20260924/samples/000022/vision_native.npz	1615	1cdb6ea56d507bde414f23ac4cc9986f4ddcb12fe277109d65aa54806dd894f2
openface_raw_csv	runs/q1_full_20260924/samples/000022/openface/features.csv	0
video_frame_timeline	runs/q1_full_20260924/samples/000022/video_frames.jsonl	39974	56f1b9a3ebd548b2c1ce9e55d44658664478f2a38e36f005e815ca5a9d9720ec
ctc_alignment	runs/q1_full_20260924/samples/000023/words.jsonl	9855	4a8a7597cdf030cfaf099aa13f54db333ea903d2d2de2959c34b727f742d62c2
bert_word_features	runs/q1_full_20260924/samples/000023/bert_words.npz	51868	c970fe37ffefa763c82d49e7f44e8c429badb3dacfedf484e5235cf8d8fdd247
audio_native_features	runs/q1_full_20260924/samples/000023/audio_native.npz	50331	889559bf2c1b66fff398a9a12d22f15dd73a7d0aee86bed9cf4b3774fddbf17d
vision_native_features	runs/q1_full_20260924/samples/000023/vision_native.npz	1723	b40327830a07be64f469df5c8dcec34f0068c8852af8d0c8143bc017c9993391
openface_raw_csv	runs/q1_full_20260924/samples/000023/openface/features.csv	0
video_frame_timeline	runs/q1_full_20260924/samples/000023/video_frames.jsonl	47686	800e43d038339a4abe6081e089f071ff37de62aca3bcb4423d9b08820428f3c9
ctc_alignment	runs/q1_full_20260924/samples/000024/words.jsonl	9491	5314ea059d4f1ef8ea2495660ce00192f6a278f057fb02d7bb7f7cf84611a27a
bert_word_features	runs/q1_full_20260924/samples/000024/bert_words.npz	49040	56cfe916f245fd4709a8c3cd769d37156b7811a301c992cd06bc6d5bfc564579
audio_native_features	runs/q1_full_20260924/samples/000024/audio_native.npz	45483	dc9e7bbf8bd763f36c9886bb1e888fd8547c15624dee7e447178eb451847968a
vision_native_features	runs/q1_full_20260924/samples/000024/vision_native.npz	6351	29eb7e8a0f139c20158711e49a5ac0ee8a9c93102faa60374694290a3a196c39
openface_raw_csv	runs/q1_full_20260924/samples/000024/openface/features.csv	468354	76b40e02473e7a4618d39069ab5546bb15932da9857818e2fce5826be734c312
video_frame_timeline	runs/q1_full_20260924/samples/000024/video_frames.jsonl	37749	968f862c433d1bb1a377dd4da83d44e2d5c1e11cef812c28a624780dfdf3ca13
ctc_alignment	runs/q1_full_20260924/samples/000025/words.jsonl	13961	74d38893d872714bc1afec05794519472b742517d42cc2726fcb4d9e722b3bbf
bert_word_features	runs/q1_full_20260924/samples/000025/bert_words.npz	71881	ad58341e3a46bf5385a5f48b3afc416e09a5d6ba05720b091bc4d3700287f5bf
audio_native_features	runs/q1_full_20260924/samples/000025/audio_native.npz	48678	123787322a5e7853ee2eb296d496ae17bd191651381ea758843426de89e038c4
vision_native_features	runs/q1_full_20260924/samples/000025/vision_native.npz	1722	c8843cac59c3c3123b50a3749e49796807d78a06ff21db314edc52de3702031f
openface_raw_csv	runs/q1_full_20260924/samples/000025/openface/features.csv	559551	e9b534b8d7e73c36e3bd6558b0bc65099e10adab6bfda3f2fe8f8cc66cc5ede2
video_frame_timeline	runs/q1_full_20260924/samples/000025/video_frames.jsonl	40087	db8ff1b0ffee052e96ce1a318d5a9be99375f3cc9f9911ca95f46dd3a6f9154c
ctc_alignment	runs/q1_full_20260924/samples/000026/words.jsonl	9509	d3ed1d0d8347f994caa616bcbb8c19b134b10ab88f01e55294531db3821a8659
bert_word_features	runs/q1_full_20260924/samples/000026/bert_words.npz	49052	56d67829ab7a4425eea2318050ff9bee9bcb5cde38f751643623e00683ea72d8
audio_native_features	runs/q1_full_20260924/samples/000026/audio_native.npz	40236	a153e1173d85f7ee96e3bdfedf1703bfb7c56fea85fb47c190588aae46dd8fd9
vision_native_features	runs/q1_full_20260924/samples/000026/vision_native.npz	5924	731895b167bbd3f7aed6103d6a98094230c47e7f72fee0a4ac9ae4f0c99ae272
openface_raw_csv	runs/q1_full_20260924/samples/000026/openface/features.csv	403515	c6f105736fb4f4071bf87e5fe8804e5a309d729e075a799be40e843e5d92c90c
video_frame_timeline	runs/q1_full_20260924/samples/000026/video_frames.jsonl	33646	2e39acdfc18498f56822da9505db8c2dedae3174519a7cb262be94459f19a031
ctc_alignment	runs/q1_full_20260924/samples/000027/words.jsonl	21870	150524fcf21e379ebf542c9ef86553043bcd0c896e892e9466595ae4149d14da
bert_word_features	runs/q1_full_20260924/samples/000027/bert_words.npz	111941	36d96ef5747f8761797a7faf40cf7ce0fdc808588a48f86c1690580b6e942b0e
audio_native_features	runs/q1_full_20260924/samples/000027/audio_native.npz	123837	a693239cd842af5fd072fa27513aeecc6c2e6ebb8798cfba18fb13bafe244650
vision_native_features	runs/q1_full_20260924/samples/000027/vision_native.npz	15761	799744ccffb1e32db8503bbda0d3dec726693a01335e5a7134811c5ddfb99726
openface_raw_csv	runs/q1_full_20260924/samples/000027/openface/features.csv	1195751	654dc5f9bbfbba12f6a5c3adea6ec1dcca580250e6e04d1bffd790c2f890193a
video_frame_timeline	runs/q1_full_20260924/samples/000027/video_frames.jsonl	108883	0589fc0e77d091417a1ecb6a544e13fd329df54933a2264cf642bcba8c3a09ee
ctc_alignment	runs/q1_full_20260924/samples/000028/words.jsonl	5625	0462d4141c25388231c7bdd6f1805092a0637d664d6c2efd037430fa1e660b0b
bert_word_features	runs/q1_full_20260924/samples/000028/bert_words.npz	29019	17ab1009e29e175c0b5518d26fbd5ba70d2ebdac77bd99301074d1b822f95197
audio_native_features	runs/q1_full_20260924/samples/000028/audio_native.npz	36006	39209f1ad75c62fc3142ecb93ce65566742d4a4b1b0fab595d8897ed4d54e45b
vision_native_features	runs/q1_full_20260924/samples/000028/vision_native.npz	5464	35ba2a84e7bcd00b63c0c438c86878510bd59574e0e5994655db5627f82d1424
openface_raw_csv	runs/q1_full_20260924/samples/000028/openface/features.csv	348891	b5344d876997dfd07ce448cf708038e3b1abf0413ebe26dde10b354e3e587c40
video_frame_timeline	runs/q1_full_20260924/samples/000028/video_frames.jsonl	31201	70f7eff7ac40eaf9f9a321e3098e0ac5321916636ef43d230e20a5b39a9854b1
ctc_alignment	runs/q1_full_20260924/samples/000029/words.jsonl	16670	91ba2fc0944d7ba76a6f8ad65bd3307c06f7c18b0bc023180353f66eecb23f8f
bert_word_features	runs/q1_full_20260924/samples/000029/bert_words.npz	86166	42f303debaf1953ecf0eb69567dc2b3f97895056a8819a76667c15490d3190a4
audio_native_features	runs/q1_full_20260924/samples/000029/audio_native.npz	68054	23c68be00c5fa2bbba41b02ce6ac27a1463758c7eefc91077c81cc9a8a01ad21
vision_native_features	runs/q1_full_20260924/samples/000029/vision_native.npz	2041	ba02e1d43160a2bf934b0db890f2b408447373b37d06736e00cfdac74586f78c
openface_raw_csv	runs/q1_full_20260924/samples/000029/openface/features.csv	649597	137c529b68b6128ab61fdc121d522c8ed04a9864e965369c541aec615eab8b7b
video_frame_timeline	runs/q1_full_20260924/samples/000029/video_frames.jsonl	58759	ee0fc3111106ab43ee2f51cd80e48e0afdd0cc4ec8810f24c9f54e43d3f470eb
ctc_alignment	runs/q1_full_20260924/samples/000030/words.jsonl	10049	b66462e209f30c609bca95e052c5a31ce34f0e5aa1b470e77b27c0b857d7b79d
bert_word_features	runs/q1_full_20260924/samples/000030/bert_words.npz	51862	bf8087b486eca0c325064fcf5bf83c94047bab65fdcb7649c8f4b707b716cec0
audio_native_features	runs/q1_full_20260924/samples/000030/audio_native.npz	65734	b1c91887c1ac1498af296213841c89f6a39a2f4c7e024f36cdee35686ffcf596
vision_native_features	runs/q1_full_20260924/samples/000030/vision_native.npz	8510	75b8e334726c8ac3b614e1892dfc13327c6b909773e3fd25c2ae8c1f2ffbbdfe
openface_raw_csv	runs/q1_full_20260924/samples/000030/openface/features.csv	603279	722d26381e3ac7c6b8be086e9670af7ccc4e95c809bb1738553fe7870ee504eb
video_frame_timeline	runs/q1_full_20260924/samples/000030/video_frames.jsonl	56965	6073e81244aab40b7d65e29e89daccd77d9c2793b20bc2b60d0007a508851cf0
ctc_alignment	runs/q1_full_20260924/samples/000031/words.jsonl	10019	090f45685b8115455951e454bd6714ca7dfe7495943546e0fa8466423eff8b60
bert_word_features	runs/q1_full_20260924/samples/000031/bert_words.npz	51883	ff906f5df2e233ebb0ece372721342843beda73e00bcd080b8f8fbb43fc2387b
audio_native_features	runs/q1_full_20260924/samples/000031/audio_native.npz	64138	3f9fe4e34ccdf61ea7f7c8f84c0d4e5dcc0b982ee04c10ab0277dc1067911d72
vision_native_features	runs/q1_full_20260924/samples/000031/vision_native.npz	7639	ab2a906d362a738293c87859d439e040ddd8b338c23a3c28177c0f842ff54de2
openface_raw_csv	runs/q1_full_20260924/samples/000031/openface/features.csv	595727	987cf59609c4d018cd45216c84aa518181957f80be8d5a006a5703673308a84d
video_frame_timeline	runs/q1_full_20260924/samples/000031/video_frames.jsonl	53149	65b7e2aa5f257b7ca04060aa543d2fa635c9e2116fdd0817399aea60e474a418
ctc_alignment	runs/q1_full_20260924/samples/000032/words.jsonl	7844	133b5093d25182cb5b62464cfcbda62770b87716aad74c2352139b8294cb2b1e
bert_word_features	runs/q1_full_20260924/samples/000032/bert_words.npz	40434	424151cafecad4694c782864bce51c999798cd6eb24e62f6a21ddee75d405bbf
audio_native_features	runs/q1_full_20260924/samples/000032/audio_native.npz	40834	370d4804a44ce0fe4625cef14a7f58f409637417375078eadc8406a5af319812
vision_native_features	runs/q1_full_20260924/samples/000032/vision_native.npz	5424	85d7b50c526665ae7cdc4da42e0a826eaf51bd4726f3693d9c2e41a9a3448bae
openface_raw_csv	runs/q1_full_20260924/samples/000032/openface/features.csv	390071	9f41ea64e42185ac22a1b29c6d301f202b7941e4cfb7aa255e0e7ba5707e20e8
video_frame_timeline	runs/q1_full_20260924/samples/000032/video_frames.jsonl	34689	134f9865e1ee5b6c99252ac1b052f463642ac722a9caf1f52a5f24ba0d93aac5
ctc_alignment	runs/q1_full_20260924/samples/000033/words.jsonl	5085	696a0b74898c858c08e60e906f9392124cfc32f9d2df5dfd95a4cd702bd7c125
bert_word_features	runs/q1_full_20260924/samples/000033/bert_words.npz	26157	8669cafae26648173c3096baf9aa23c625058e0710c4377b41d443f460839eb8
audio_native_features	runs/q1_full_20260924/samples/000033/audio_native.npz	31121	ba1d07696ef24393d41fe32b5a50164dbe8a35a0975d7682de51616a0e5469e6
vision_native_features	runs/q1_full_20260924/samples/000033/vision_native.npz	1440	6651e7ab5d2face8d21fcdc1dcb33c16d380c69579d3942d017c152a8c6aa0ef
openface_raw_csv	runs/q1_full_20260924/samples/000033/openface/features.csv	760007	c9317dcfa03facb669e17298b091049ed31d7162d1ed5c5eaa6467557e867238
video_frame_timeline	runs/q1_full_20260924/samples/000033/video_frames.jsonl	26806	5779d01557bdc4dd0243ab6b8ce8c24e326c05a2d5860e33109a3939e2b01113
ctc_alignment	runs/q1_full_20260924/samples/000034/words.jsonl	14873	fcf2edab99919e7e138b3e27cbd9691cca727807650eb9fdd0bccbbaf3a4e74c
bert_word_features	runs/q1_full_20260924/samples/000034/bert_words.npz	77616	496ea1ea4a860f4c385bd26ccd337df09f5860838addaf4fc4e657ed345d3d3f
audio_native_features	runs/q1_full_20260924/samples/000034/audio_native.npz	86998	0fba8e6bae015fe8f9d271bf4f0ab9bd5165e8f2e36f47bc8247953e5da6480c
vision_native_features	runs/q1_full_20260924/samples/000034/vision_native.npz	2324	f511eec29b7437ebad16f5c2910865c087e93e3042eb767b8c40f5123607de09
openface_raw_csv	runs/q1_full_20260924/samples/000034/openface/features.csv	3372822	32965af1c58ece5421b08c3f64311492ba075b5b1b1e0d30c483f7afb18995aa
video_frame_timeline	runs/q1_full_20260924/samples/000034/video_frames.jsonl	75728	fb66bb571737f0718e456f11ce88a82116b55a4c0041e6aa0f766b3187ddfb87
ctc_alignment	runs/q1_full_20260924/samples/000035/words.jsonl	4867	d37fe89054e57e89b139cd23a5818811c566b2c5b510a00b5d2f1d88f68ed251
bert_word_features	runs/q1_full_20260924/samples/000035/bert_words.npz	26159	e87b6d7a7f6077adbc18e20420dad7eb7c9c779edcfbd92e7633fdc1b1b37345
audio_native_features	runs/q1_full_20260924/samples/000035/audio_native.npz	35695	62d46e61ae30f7edbe6282a7279e0b099d1daa862ad38ccb92dad07be765dcf1
vision_native_features	runs/q1_full_20260924/samples/000035/vision_native.npz	1498	c6739c49c7eac9fcc21220c4610a130310d139f25898fbbb7bb71af1815dca7d
openface_raw_csv	runs/q1_full_20260924/samples/000035/openface/features.csv	401185	3bdd1c9f61bba308376a01fd57803e8742faaac4b21baec94ab961cc404b774e
video_frame_timeline	runs/q1_full_20260924/samples/000035/video_frames.jsonl	30041	450efe8d816f579aa6d3511b83afb905352cd6b2ff69c85d2b64b1fbbfc2b820
ctc_alignment	runs/q1_full_20260924/samples/000036/words.jsonl	12338	2f84dc6e356c0976963aa1d447673f36514e99cc4c9e01291c08add1ac5d7d17
bert_word_features	runs/q1_full_20260924/samples/000036/bert_words.npz	63382	26af8b1890c34f7cd14bec0fc0762d5ff122de81e6416f9ef467bef3bd7edab7
audio_native_features	runs/q1_full_20260924/samples/000036/audio_native.npz	67580	32030385a2fc7edab37893d5ee734b2deeee989105831ec932a8f58ff343ecea
vision_native_features	runs/q1_full_20260924/samples/000036/vision_native.npz	2041	9a8a0cc9bc2d4ac7fd0383860e636d9dd59a868fbb07c9b840809ca80602965f
openface_raw_csv	runs/q1_full_20260924/samples/000036/openface/features.csv	662090	882b28a3495dacf2454785092a8994d2f7a809f3dbe198a3753471652a81d5a9
video_frame_timeline	runs/q1_full_20260924/samples/000036/video_frames.jsonl	58946	0c7c8a40e2dfd47eb208d53637b92fbbb2eb543dce0c972bdce2e764712b5147
ctc_alignment	runs/q1_full_20260924/samples/000037/words.jsonl	36478	bf009641367448abdde791052b5b3196132c29fb99db9e17a016d29ed0451084
bert_word_features	runs/q1_full_20260924/samples/000037/bert_words.npz	186212	f29e8b9a21b3f13c2e8802eefa24030adf0390e80fb3e6a5896f5981e3d6dfed
audio_native_features	runs/q1_full_20260924/samples/000037/audio_native.npz	195837	7227f69f128d4e806d8ab652725e5e549ffb1fd40467b68ad18f104897dfdc16
vision_native_features	runs/q1_full_20260924/samples/000037/vision_native.npz	18669	8f701e8a59d3c3dd0ee0d9a27e9b4e297bd1a88529fee5455e95ffc93d008548
openface_raw_csv	runs/q1_full_20260924/samples/000037/openface/features.csv	1766066	983f53538b18fbbf797a936b6e2595d74ba5a5e9e346ccdaddaa496bc50c8263
video_frame_timeline	runs/q1_full_20260924/samples/000037/video_frames.jsonl	162880	6e5d94d6a9e54e76069a20b54a6974699555b9b761f95951bea89c42063ae930
ctc_alignment	runs/q1_full_20260924/samples/000038/words.jsonl	10148	2ae0af61d601021b9bf26017ced6bf7d62e724c1f9424a76091371418a2f1311
bert_word_features	runs/q1_full_20260924/samples/000038/bert_words.npz	51887	9dd8f250304f4b5281d823af6d3b4b35e315d846e691eb05e083c25d384ea349
audio_native_features	runs/q1_full_20260924/samples/000038/audio_native.npz	75472	e3ef898fe452cf3b9af6bb7082f0a0b71ece82ca223562c935e4144e0397d860
vision_native_features	runs/q1_full_20260924/samples/000038/vision_native.npz	8277	362e5dd166eccfcbad31a278859b5fb3c01a98690da6e603347aa04bc170d26f
openface_raw_csv	runs/q1_full_20260924/samples/000038/openface/features.csv	708600	63194b52f8e242f785d6fbd72e4def16192b1b194e1aa075ee1e10b85b875a79
video_frame_timeline	runs/q1_full_20260924/samples/000038/video_frames.jsonl	62861	3744dba324a7d0ab871719ecd9bffc28de3284d2ca7f5792208c3b3e8cf18afc
ctc_alignment	runs/q1_full_20260924/samples/000039/words.jsonl	7859	071f8758185affb42089d1e3ca951ba7a59b82d8f54b73d1589a77dd1c863289
bert_word_features	runs/q1_full_20260924/samples/000039/bert_words.npz	40465	0624655b79e2eec4f153ac9ceb62e4080adc2d7fecf553db717a2e8c3de9cb3f
audio_native_features	runs/q1_full_20260924/samples/000039/audio_native.npz	87649	e302e965d2b737ef67addef51c2c56b17bf9debcd443f281f01864c71d1742b0
vision_native_features	runs/q1_full_20260924/samples/000039/vision_native.npz	13076	19ebeffcd62969fcc0e0bb0c9263ab0df27e42ab7e38314679cb84ba4f6fdb04
openface_raw_csv	runs/q1_full_20260924/samples/000039/openface/features.csv	891709	97a336c250ca7238777ff8e97ad62816c8644dd0c9e1c50edc1de54b88a5b256
video_frame_timeline	runs/q1_full_20260924/samples/000039/video_frames.jsonl	80466	602e519f1dd6e818942f6a311019a9ff0b53336d3be07468fa0508762b06c2af
ctc_alignment	runs/q1_full_20260924/samples/000040/words.jsonl	23218	c3b55d79fe1f1a6d565cb72cde4da97d28f1787bfe6b55c3311219c52d177436
bert_word_features	runs/q1_full_20260924/samples/000040/bert_words.npz	117603	c95723a1111b791f50c4f39f02107d5b345342f7cb6ef1c22596b673d27ff2cd
audio_native_features	runs/q1_full_20260924/samples/000040/audio_native.npz	171640	2e2e8ee53a337dedb660e366d8c5d2ebc9cc2a8e424f8fc493e477ec582bb8a7
vision_native_features	runs/q1_full_20260924/samples/000040/vision_native.npz	15049	5cd4050a958853724b4292b9d70877958504203fdf0482b8c84f8ee50ca0f221
openface_raw_csv	runs/q1_full_20260924/samples/000040/openface/features.csv	1265141	5dfd66615b502422adb5d67836942f854899c2b07ad214cd4f3c456a0f688655
video_frame_timeline	runs/q1_full_20260924/samples/000040/video_frames.jsonl	150802	46de3e6740b9d5eaeaa7f01baf5a973153708947dcd32728092e04ce42a49bff
ctc_alignment	runs/q1_full_20260924/samples/000041/words.jsonl	19865	730bc554c8f8d72f2382a94f53b3ed88f77d2e4d5751d3b4d00f803961ec8daa
bert_word_features	runs/q1_full_20260924/samples/000041/bert_words.npz	103277	673447e2110c5e5a0ce500d8c1c7230599c5b90f015a2792076866eb3b59b3c2
audio_native_features	runs/q1_full_20260924/samples/000041/audio_native.npz	136082	85fa31dd28a0cc78e5a8ce3dbaaff5075107e9ab3c1f6a03124d276ccefade29
vision_native_features	runs/q1_full_20260924/samples/000041/vision_native.npz	2940	4b33a951d1a7bb09b89cb7a83ab7479c18cbb3877b63d41fb17d586ccf18b4e7
openface_raw_csv	runs/q1_full_20260924/samples/000041/openface/features.csv	1276490	520a368255e3ca3debb05ae6f015a974fa2b3495ed63f50de377f5ed7f47b49a
video_frame_timeline	runs/q1_full_20260924/samples/000041/video_frames.jsonl	118065	4b974b96c6f8dec6ace639a63c2e40f47035c58741071c2614ad99e4ed74751f
ctc_alignment	runs/q1_full_20260924/samples/000042/words.jsonl	19283	f4d45db7f0be8f275c93fecd120cbed691568845951850854afcdb2d4b638cd8
bert_word_features	runs/q1_full_20260924/samples/000042/bert_words.npz	97584	41e186f9d0dab3bb42b40615e22edbfb576b35c29d4fd38c87891d184c2c7b76
audio_native_features	runs/q1_full_20260924/samples/000042/audio_native.npz	140945	b4ef947510dc1518fc3da68b1c0b3c757a69154b5d9d521571a89d5f79ef9147
vision_native_features	runs/q1_full_20260924/samples/000042/vision_native.npz	15207	853f11fe582d215f6bc8249fe865e79b419d406ce3fef6b692450ce63cf827ef
openface_raw_csv	runs/q1_full_20260924/samples/000042/openface/features.csv	1304052	e88da9ea864fa90c280bba92471b9b5f13371ab9b1ed297f29a067c9c3d6c23f
video_frame_timeline	runs/q1_full_20260924/samples/000042/video_frames.jsonl	122494	22ae989ee47c39716769b93083445c3b2948d26fb6e24faa9138fbfb702ed519
ctc_alignment	runs/q1_full_20260924/samples/000043/words.jsonl	15315	39ae2809103a657a5cd653c786c646587e1de463525def4f899d878e0aeeb7ae
bert_word_features	runs/q1_full_20260924/samples/000043/bert_words.npz	77680	efa255c03687bdd6304466e6241f7d3cb566dc98e3e7a48bb83de862f2c3cd0d
audio_native_features	runs/q1_full_20260924/samples/000043/audio_native.npz	106893	4d424f126967c1d8ec28b9f031589e390ef6fc22f287bbfb0dc16add020bfb2a
vision_native_features	runs/q1_full_20260924/samples/000043/vision_native.npz	2587	84c720670ea732ea70b59275204f481d8e8feaa752c59bd1c16e4d6633215f27
openface_raw_csv	runs/q1_full_20260924/samples/000043/openface/features.csv	1022099	950c8eed90c2e57c1e1719581580574c709d151062ca93ea107a7890ee9441d2
video_frame_timeline	runs/q1_full_20260924/samples/000043/video_frames.jsonl	93188	5f780cb95f0bd6e2fb629605986385a819ebca59703c092210737b124e06354e
ctc_alignment	runs/q1_full_20260924/samples/000044/words.jsonl	11303	f7438ffe24c9c8784de3b48340d834de5c379a439347c5e1ae0bb0c0bc99dd3a
bert_word_features	runs/q1_full_20260924/samples/000044/bert_words.npz	57574	0447d9dc7319ef301a9cf93b095d6e62837a0074040597399ca70a0622f0d24c
audio_native_features	runs/q1_full_20260924/samples/000044/audio_native.npz	89969	6e8f1426192a1a2f2b2e241034d21c564125a43a9b50bfe70646fd3492804a38
vision_native_features	runs/q1_full_20260924/samples/000044/vision_native.npz	11388	95f243aef7bba48e0604cdfb39613df5e937214b860f3a20e42265fc09987a3b
openface_raw_csv	runs/q1_full_20260924/samples/000044/openface/features.csv	834324	db397c84cc07a0a66c40d6499025167b05bbd91071f7650db3c92ef62955243a
video_frame_timeline	runs/q1_full_20260924/samples/000044/video_frames.jsonl	74878	db788383ed5dd5a873f71718b187861385b06d985a0b1f93d7f31621feaf26ac
ctc_alignment	runs/q1_full_20260924/samples/000045/words.jsonl	6121	00971a2502deeda48bd3fff8548de536df77c0077b7434b93b833b538cd63c05
bert_word_features	runs/q1_full_20260924/samples/000045/bert_words.npz	31932	39f8f462089c80bc31f8b42275585c830ae36fb9ec295179ad76f6faa7cd98d3
audio_native_features	runs/q1_full_20260924/samples/000045/audio_native.npz	35054	a39173c53366f439a0b365f9f0fe12a064e449c4fc6ec6bf99402da8b948f475
vision_native_features	runs/q1_full_20260924/samples/000045/vision_native.npz	5372	767449e56c8d6a9e79009137425079cb0ca9ef6cbeca40443a29641aa912cd88
openface_raw_csv	runs/q1_full_20260924/samples/000045/openface/features.csv	338527	600c5be82d66b29ca860db53c44ef322be5bb89a2f1364ac138670c4cdf3b1ae
video_frame_timeline	runs/q1_full_20260924/samples/000045/video_frames.jsonl	29938	d84fd6219bcb0730111358beb20022c0fa915a3886880fe4fb6ab6d598559267
ctc_alignment	runs/q1_full_20260924/samples/000046/words.jsonl	6181	fc43c7971c23d25d56c64627e3804d86b93369b8b954e9c56fe400c07b4ed0a2
bert_word_features	runs/q1_full_20260924/samples/000046/bert_words.npz	31925	6c3bc349de51973577fe1ebfccff32529e43b5846cebc7bd703ff168309d9876
audio_native_features	runs/q1_full_20260924/samples/000046/audio_native.npz	48525	acacf492a326c9e1fb4c19f023b08a5b78d9693dd91bfa4094c24aa4f37d3212
vision_native_features	runs/q1_full_20260924/samples/000046/vision_native.npz	7129	12ac0bd0fe085c189b2281aa1258cad83e05ce992cbb3882214173372fa72e67
openface_raw_csv	runs/q1_full_20260924/samples/000046/openface/features.csv	453371	bdc2189a4c6ca99dde654a26142f5d9cd08f1e178c81bb81cd265d6244adbd2e
video_frame_timeline	runs/q1_full_20260924/samples/000046/video_frames.jsonl	40536	c6d47c359c5a05545ebf02e41a1be1d3ba4d0acc92ca4113b2b810e0320cca63
ctc_alignment	runs/q1_full_20260924/samples/000047/words.jsonl	8947	dff2bb402b2a09c6ffe376e09ee94e9751bf32e8712a7f077edd843027e77a14
bert_word_features	runs/q1_full_20260924/samples/000047/bert_words.npz	46136	385f4147f348fb8d02ebb7421bd6faaca9c31bfdf557993b10094dbd02e6ee7d
audio_native_features	runs/q1_full_20260924/samples/000047/audio_native.npz	61314	9829e8c99e7b41c7fa3ec6217d8ccdeb69f5cd876c67472de930a693ffd66d0c
vision_native_features	runs/q1_full_20260924/samples/000047/vision_native.npz	8313	1cd9616325791dff25be6079c6b39817a598cf564b08c1922353a3ee86431a67
openface_raw_csv	runs/q1_full_20260924/samples/000047/openface/features.csv	588858	b6803489b37bcf595c05fd9da2958c08832bb83c7bc8c6d8dcf7c210206006e6
video_frame_timeline	runs/q1_full_20260924/samples/000047/video_frames.jsonl	52561	90abab6e21a96d677683e3fb1044788e0edbbbfc9346717161c0bc05d618b35c
ctc_alignment	runs/q1_full_20260924/samples/000048/words.jsonl	12346	28099456d09904e51723dd705ad14b6b9f2489915278e4657d89a69085c35b91
bert_word_features	runs/q1_full_20260924/samples/000048/bert_words.npz	63369	6ad1b8e055d8e74819967e2f9194317bb5aa3b9084d43d8fd968cc721aa685fd
audio_native_features	runs/q1_full_20260924/samples/000048/audio_native.npz	71894	2f6587bb72eec1ced4cd634e6b6403189901f3c4173e2747103adcc8d86dd9a0
vision_native_features	runs/q1_full_20260924/samples/000048/vision_native.npz	9399	f2f9742c87fad4a1253b60bacecb664c0446a585e64456f63992f0c018fd22ca
openface_raw_csv	runs/q1_full_20260924/samples/000048/openface/features.csv	683303	b4ca5bef8d13c5c7bb9cf86060d6a77b1360ee36b4a6f9f21c1f33034e3fd421
video_frame_timeline	runs/q1_full_20260924/samples/000048/video_frames.jsonl	61111	ca94745156f0ed675672aff061510aad89ba92b1c203ab2655548ada38149f6c
ctc_alignment	runs/q1_full_20260924/samples/000049/words.jsonl	11184	074c2e017e413e7170c5d4ae99a1fff54e284e47690d66c400249b1f4b297f4e
bert_word_features	runs/q1_full_20260924/samples/000049/bert_words.npz	57557	fddde9fc7b35b15d11a7d7e95e6f1e07c70da450a139e3a7aa4ddb3ae27ea6dd
audio_native_features	runs/q1_full_20260924/samples/000049/audio_native.npz	56137	407f1ce1280c4f4ace64c74c83f406279c381a53e10023870b4b7f7a3304de4e
vision_native_features	runs/q1_full_20260924/samples/000049/vision_native.npz	7791	f2ef3fe14759045b84c30b7cf23bfa93b0bebe5e78cdf13ccb1495c91c2495d4
openface_raw_csv	runs/q1_full_20260924/samples/000049/openface/features.csv	536576	3f0ff2b4a2f376ee32c12ca16454a274284c666733994e8bd7b289ce332feae0
video_frame_timeline	runs/q1_full_20260924/samples/000049/video_frames.jsonl	47842	a5880ae984d366d279cac941e3742248e8416e2f9d0294200cde92576f5bd4c2
ctc_alignment	runs/q1_full_20260924/samples/000050/words.jsonl	8412	c8888f52c6f542b5064065f7353418bc7990d9befd887edf027832bcc3de2632
bert_word_features	runs/q1_full_20260924/samples/000050/bert_words.npz	43324	60dad8e30101146751cc5d632016a3a1461dccb754b957d01a5aa0dcddebcb57
audio_native_features	runs/q1_full_20260924/samples/000050/audio_native.npz	52779	d20634f423806ee7e1620e8b19f254597bf371409117f4f9e5d23be90da41cbe
vision_native_features	runs/q1_full_20260924/samples/000050/vision_native.npz	7117	00686f6ab6a0cb6c474a2095833b0497bc81db93217fc9d3ccd2684086899378
openface_raw_csv	runs/q1_full_20260924/samples/000050/openface/features.csv	506342	9cc57b9bcb005cf388199643326d462dcb745c6ffdc20a533f7e44c79194be80
video_frame_timeline	runs/q1_full_20260924/samples/000050/video_frames.jsonl	43467	b9303ff37ba036dfac8e9cf6d46884fc3ad656ffe05651b6e510b0f9f622f9c0
ctc_alignment	runs/q1_full_20260924/samples/000051/words.jsonl	6750	39c5ca88a40b1eae9a6438c571091ea9d5146cbf806e22aa9950cda26204ff5c
bert_word_features	runs/q1_full_20260924/samples/000051/bert_words.npz	34731	ab583aea7d8386bebd1c3dd502c6829253bd5cc3b44831bb35cba657bba42367
audio_native_features	runs/q1_full_20260924/samples/000051/audio_native.npz	54943	5092c29f2d538059edc8d5b98429e60ba17942e3d89fa37272c1fa6afff1cbb8
vision_native_features	runs/q1_full_20260924/samples/000051/vision_native.npz	7729	349cfcd113b83a3ede6e53a56d7433742158cead65a61d070ee478546fb4cf2e
openface_raw_csv	runs/q1_full_20260924/samples/000051/openface/features.csv	506986	4ba20e772dd883e085ef4c7401fe553e969b4812fabe6bd9c3d08cab09e29b50
video_frame_timeline	runs/q1_full_20260924/samples/000051/video_frames.jsonl	45511	bff052ac4faadfe2011ae685b3696f07c173b7c48dd8ec35f6402357cbad6f37
ctc_alignment	runs/q1_full_20260924/samples/000052/words.jsonl	5649	f4ba41f232dc140896d9a6ba23ba990a6fc07ff581722139555e33a96c0aa0c6
bert_word_features	runs/q1_full_20260924/samples/000052/bert_words.npz	28987	0c5f800927f92673472397cb5352e56c050170f98893d2f546f94e887cd4cc84
audio_native_features	runs/q1_full_20260924/samples/000052/audio_native.npz	43871	6b483284646dd8c4f9beb43e0f663c5a7ae16abd87c2ad2ef687802056f26aa3
vision_native_features	runs/q1_full_20260924/samples/000052/vision_native.npz	6493	03d7ec6cdff0b95fa4e116ded32910c837ac7d416f86de6df21b6a17e5987a1c
openface_raw_csv	runs/q1_full_20260924/samples/000052/openface/features.csv	410842	42d26147e19d97ed694cac01f880c5f445cea8f1d2e9e57150cb23704995dc30
video_frame_timeline	runs/q1_full_20260924/samples/000052/video_frames.jsonl	36462	5c3ed98d7030f99b93982f952fbd02efa1f6638de71924f29256dc16cdb58f96
ctc_alignment	runs/q1_full_20260924/samples/000053/words.jsonl	7227	11f1dfb91a1e8831a3e406ad07be542c3ad2d7f18addd929707074de243eb537
bert_word_features	runs/q1_full_20260924/samples/000053/bert_words.npz	37615	444bcf77b5d94009a43dc2428f5936d7a2349a7d9fd7bd5c01f3b85746441a79
audio_native_features	runs/q1_full_20260924/samples/000053/audio_native.npz	50151	ea09261a15b906bf1621aeb6eeee67b3766bb9b0369610b602e25bff49f33504
vision_native_features	runs/q1_full_20260924/samples/000053/vision_native.npz	2312	a3ca3396c263e4eb2324243eb5bc08ab859d9e63c0314c2d19cba83253e418e7
openface_raw_csv	runs/q1_full_20260924/samples/000053/openface/features.csv	473279	891277e2c8204a2a789bcc558f2e2ee236263aa035021d109a404479bcb6204a
video_frame_timeline	runs/q1_full_20260924/samples/000053/video_frames.jsonl	45855	4a8e7c9377fe0696d52181291993fee3c96b429ac5123513a38d3632310822b2
ctc_alignment	runs/q1_full_20260924/samples/000054/words.jsonl	7189	a6ad4e7cf2d0afcfebed59d4f5831bebd4424cf36a8e8c7d32e8d37fd126db57
bert_word_features	runs/q1_full_20260924/samples/000054/bert_words.npz	37592	8352b114d72fa15b731444961b12ec9d287a0b677282c8ec80c94156eae20e27
audio_native_features	runs/q1_full_20260924/samples/000054/audio_native.npz	59368	b010426db01ce7608097506c3bb76bf7f6cd708a67ab3639bfe3be950d704e42
vision_native_features	runs/q1_full_20260924/samples/000054/vision_native.npz	2535	a076c3a2140f258bebf45339ace560c6b8499e7c25538318d1445df93f194b8b
openface_raw_csv	runs/q1_full_20260924/samples/000054/openface/features.csv	593118	8527db12671a8f85ecf014740434d38b6102fda344f1e1c01a4a1a6abce0b627
video_frame_timeline	runs/q1_full_20260924/samples/000054/video_frames.jsonl	52763	975d3b624103c83443be62df0938f1d9db12a1f9078d3566e2019dfc24d82c45
ctc_alignment	runs/q1_full_20260924/samples/000055/words.jsonl	4399	0a3d393a2de16904843399e26b0e710de3be19392347d00b17137becf3d31e47
bert_word_features	runs/q1_full_20260924/samples/000055/bert_words.npz	23284	07a7c39931b84aac7381777fa5f054e89d03e06e8b2c21520e935784b4a031d1
audio_native_features	runs/q1_full_20260924/samples/000055/audio_native.npz	49260	d418f8e740c4af7db80c093f619bd49ea025aa99845012e3b1a1fbf348b0e279
vision_native_features	runs/q1_full_20260924/samples/000055/vision_native.npz	7266	f79f10be288bf11bbbcb3fd4bd280c2919c745dd8daf09e2b936b013ed29ec15
openface_raw_csv	runs/q1_full_20260924/samples/000055/openface/features.csv	473407	59635a9bbb4e4091ea691ac18ae4cd84b53bc6079b6a817e9ad78cb4983d7771
video_frame_timeline	runs/q1_full_20260924/samples/000055/video_frames.jsonl	41530	eb631ebe279f512f5f38b472271a4e6554b8a5c68253a2bbcf99c1ab118664cc
ctc_alignment	runs/q1_full_20260924/samples/000056/words.jsonl	2727	55ecadb96bb2e38f75d5954900f29f3f2b70d9eaf17cc87eb2d6c4e075565ed8
bert_word_features	runs/q1_full_20260924/samples/000056/bert_words.npz	14713	3a9cc84590be6218993f7a5d7f6b4ab7b8f4efe6f13c45e85045173b9e64b801
audio_native_features	runs/q1_full_20260924/samples/000056/audio_native.npz	26022	e3e45114527cd60812bf3e49deb9eb7367b85b48d7128ea38d6bd1ca3387be2c
vision_native_features	runs/q1_full_20260924/samples/000056/vision_native.npz	4402	b988f8e4f503fabc5965b2d3a61a3e04ba8039a2c244b7f47a883fae4ad6909c
openface_raw_csv	runs/q1_full_20260924/samples/000056/openface/features.csv	241180	fb3d4fa051f3bacb97afd2a892e6730bd1484b5ed29aa04cafa95063d18d74f7
video_frame_timeline	runs/q1_full_20260924/samples/000056/video_frames.jsonl	21318	c6cc7d91ccbc255e690f5e69546b34f42130b5d6aa2d0fc22d6897e9d4e269b6
ctc_alignment	runs/q1_full_20260924/samples/000057/words.jsonl	4958	f32d6eec6bc6e3406496afa2ebb977fd976dee2696e4c116b96e711ceadc2838
bert_word_features	runs/q1_full_20260924/samples/000057/bert_words.npz	26155	eaefa0a9c19b0313dd2e65c3adf6053411777768880c2fbf441299656a26028b
audio_native_features	runs/q1_full_20260924/samples/000057/audio_native.npz	35806	20c7b132264e07cbcd95fb134fa28e7b40128fa62363622bfc33464146d16161
vision_native_features	runs/q1_full_20260924/samples/000057/vision_native.npz	5661	23889e9ef200eefdc6d7cbf0270f77b113b2e7bb3f33c4753302a3bd5a4f51ff
openface_raw_csv	runs/q1_full_20260924/samples/000057/openface/features.csv	335441	3e27fc14e0bafd63fc11f93fcd9c0a3aebc62b9b9c725923a1d463479c2fae21
video_frame_timeline	runs/q1_full_20260924/samples/000057/video_frames.jsonl	29908	826ccc64ffc1a7612900da8df6f2149865415d323c6420f68fd349bd2a81c78b
ctc_alignment	runs/q1_full_20260924/samples/000058/words.jsonl	11171	ef08afa7be467563564d83e4aa3ef4fa6cc1767ed10eb9489cab5c336e311454
bert_word_features	runs/q1_full_20260924/samples/000058/bert_words.npz	60414	23757fc7e4051cc63c2f3efaa1a05baf72559bdbc712085ce4eb5c86ab314a27
audio_native_features	runs/q1_full_20260924/samples/000058/audio_native.npz	70479	84c985f920e2b9eefd50a921294e97d3f0bf93dbe11245b46dfe891fd2b65ed0
vision_native_features	runs/q1_full_20260924/samples/000058/vision_native.npz	9812	3d05e4460d61ea39b8f1f70cb918f55b284c26cb41bea3bade124fe8d22fa21f
openface_raw_csv	runs/q1_full_20260924/samples/000058/openface/features.csv	683224	30ea3e4c00653963cdeb71c7b9eddc3053d5a4acebfdefa1065cd28ebaad16e8
video_frame_timeline	runs/q1_full_20260924/samples/000058/video_frames.jsonl	59663	91383838352a64645f789a612cf23e861f08dac3ebd7f6a5eb1766ab71c06ca5
ctc_alignment	runs/q1_full_20260924/samples/000059/words.jsonl	2788	a2f39552dd69841e21d6555c9a67e14f0442cef060559404381ab84b5c2e742a
bert_word_features	runs/q1_full_20260924/samples/000059/bert_words.npz	14718	bfca3692862405028d735cf356283c4ab3ac37f66d1eb7ece8f00554aba2c5ff
audio_native_features	runs/q1_full_20260924/samples/000059/audio_native.npz	28754	6ef1a7798b680bbd679c6ed9f9650fe2c197e07cead1824a8107a4ed2ea85454
vision_native_features	runs/q1_full_20260924/samples/000059/vision_native.npz	1629	5aeabe23d18e041eca2a3b98e2d5afc953ea4c0a75b1f3ff2a59a3e0a132a5ba
openface_raw_csv	runs/q1_full_20260924/samples/000059/openface/features.csv	222895	d9e8ec25f88664ecaf4bb4da46327408c4f4e302bb4be587ecf92fffc829594b
video_frame_timeline	runs/q1_full_20260924/samples/000059/video_frames.jsonl	25455	717afb8b1a494ce716d6887259dd9aae8b530a1799dc066aa3219d58bf0dcf44
ctc_alignment	runs/q1_full_20260924/samples/000060/words.jsonl	10656	f81f726b45f7ebc5d55b7d1bb4e0f8f0b820fd923609b8d619bb93ac8db0de4c
bert_word_features	runs/q1_full_20260924/samples/000060/bert_words.npz	54742	1aae8fc08671f4fd8ed48eec31f2f1c58b0bf1a80106492dcf00cce9f64e66a2
audio_native_features	runs/q1_full_20260924/samples/000060/audio_native.npz	64611	7a96825fe3e2aad460f01cffaaa0ab013895cb1eb964bc883438e833acaf14ee
vision_native_features	runs/q1_full_20260924/samples/000060/vision_native.npz	8932	816eb90a95ff48048c0b86c31a2d6f50253a165ad2371f1d3ef464daffeaa0bd
openface_raw_csv	runs/q1_full_20260924/samples/000060/openface/features.csv	637533	2a39fd54ed8b522bbda857128a9577466a2798c48836d5a0ff43b0fd70403fbf
video_frame_timeline	runs/q1_full_20260924/samples/000060/video_frames.jsonl	55803	3c23c3754c5715bf9cbb1eb7d6753958de7e93ef1b28651ee2fea311e935019f
ctc_alignment	runs/q1_full_20260924/samples/000061/words.jsonl	24137	2e793a31cd607377fb3b35f6d7e4a38b9b6437ff4f6b1e30bcca99f024b717f7
bert_word_features	runs/q1_full_20260924/samples/000061/bert_words.npz	123342	e66a5fcbc49eec662c2f0060f6fe0b7b6bf2152e4c04487fbbe99140fbb381c6
audio_native_features	runs/q1_full_20260924/samples/000061/audio_native.npz	125467	c92b82d2db5a3a7bfbb6526f6aefa28ae156c8da309643d70c08e2851266fa89
vision_native_features	runs/q1_full_20260924/samples/000061/vision_native.npz	2803	6696bb7c0b98c5038a10fce9ae582dcac7ca6b55eee7961fe4bc7651e2b2193e
openface_raw_csv	runs/q1_full_20260924/samples/000061/openface/features.csv	1223198	ca4f33c5e054586d38c96b7d9983a703a3d7a3fd65603643889cf5579ef2de23
video_frame_timeline	runs/q1_full_20260924/samples/000061/video_frames.jsonl	108580	3c1163bed83365cdc25f00d9fe171c3c727466f3d979b4a3eb506b646fb86f06
ctc_alignment	runs/q1_full_20260924/samples/000062/words.jsonl	7032	e955ad2559c2f789f0a3e575baa8fe132055cc37a2d9ee27b6e8b134784871bf
bert_word_features	runs/q1_full_20260924/samples/000062/bert_words.npz	37596	397cf9bd53eb6da83de57bd7cb7e13d3160567a542d891ff2a839fe69a9ead1d
audio_native_features	runs/q1_full_20260924/samples/000062/audio_native.npz	3817	502ded2311b34292f08f83b6ea754247f58708c9b4ec9ec18e9825080297456d
vision_native_features	runs/q1_full_20260924/samples/000062/vision_native.npz	2160	167bd08c50e5d3851cd4c8004c90949bd831f8674660c44960dad5b30fc74d09
openface_raw_csv	runs/q1_full_20260924/samples/000062/openface/features.csv	0
video_frame_timeline	runs/q1_full_20260924/samples/000062/video_frames.jsonl	45092	f7cd2e4f5e93ad8ee8ec797dd87b6bdbc087ea53e0963bfa260cbc5bdbf8b02c
ctc_alignment	runs/q1_full_20260924/samples/000063/words.jsonl	6102	26a07a2b78f597a2f36eb60d0a51bcc0e1ed69127e2819ba7ce5e5e59dc685a0
bert_word_features	runs/q1_full_20260924/samples/000063/bert_words.npz	31901	82a428e8651dfb504d21c3411e4998441c368b87d590c7a689e9d0628fc99f33
audio_native_features	runs/q1_full_20260924/samples/000063/audio_native.npz	3671	a4445f654e9425b89c14a32bdd0d7b4059140a9b911341a15307e1a85dc6cef8
vision_native_features	runs/q1_full_20260924/samples/000063/vision_native.npz	2090	773238f6052c3b6462e839c922a45eead73617c9bf2147900e1a798ec7ae811e
openface_raw_csv	runs/q1_full_20260924/samples/000063/openface/features.csv	287160	195ec4aa9ae1ace0263609bbd552b27b33a729634e35f983629f2882bc8e01cb
video_frame_timeline	runs/q1_full_20260924/samples/000063/video_frames.jsonl	42416	3256a839e5df256cb9cf97576a4e5301bae1c071b2937ee190cc3d0b7f918119
ctc_alignment	runs/q1_full_20260924/samples/000064/words.jsonl	2734	9352e4e514a53c110edcd631bdbd6b077a3c7a77e59e0e11ddc2ff70841632d7
bert_word_features	runs/q1_full_20260924/samples/000064/bert_words.npz	14700	5ca66239943961216b364e60fbd9cea836f6bb6893dbead1c49d65e638db2d1c
audio_native_features	runs/q1_full_20260924/samples/000064/audio_native.npz	19509	f1f8dfff90be4ae4ecc2c95fa53f95f07dc98c668d7484bde3c9114edcc5e7ad
vision_native_features	runs/q1_full_20260924/samples/000064/vision_native.npz	3535	84f7061b15a3dc3b37c1ebae9a92e797808549ae1c255f44cee80b5f31ca5f33
openface_raw_csv	runs/q1_full_20260924/samples/000064/openface/features.csv	187541	336b1c2eb4ae09ce0e42af768a3b8db0c91e5d87d66bf4ee05f9d760bbc5c737
video_frame_timeline	runs/q1_full_20260924/samples/000064/video_frames.jsonl	16480	5550199719d7140fef53e75fe20ada4642fc4a0b4c96611140a876896045a72e
ctc_alignment	runs/q1_full_20260924/samples/000065/words.jsonl	6093	7c536fe34d8f1a23c7149b66dbe131a2f95adafc5782c5866019f540a3df210c
bert_word_features	runs/q1_full_20260924/samples/000065/bert_words.npz	31922	73b226a6fc64f8019dd61289731eef26fbfbdb09a39b21a09097ab598a8d2aff
audio_native_features	runs/q1_full_20260924/samples/000065/audio_native.npz	35138	f6898abe7c73bd7969f47a1c074c1498980a018f26daac2b46297a6c14d4568c
vision_native_features	runs/q1_full_20260924/samples/000065/vision_native.npz	5389	37a5a0b8bfb7fc2e3cdced7c3764bf260bbce9da9ad2047e568aea4aaf4d9738
openface_raw_csv	runs/q1_full_20260924/samples/000065/openface/features.csv	350291	57a43a5a32bdf9f163c9b112d8022fee3623af5d421fd25b151950c3c2950c7c
video_frame_timeline	runs/q1_full_20260924/samples/000065/video_frames.jsonl	31096	b2713ac39d6ece25fbb18a138a39febf3e01f6d374f7eb6210188aa2f2e78169
ctc_alignment	runs/q1_full_20260924/samples/000066/words.jsonl	12054	c6a8a80a36dcb7a2fbe6a9cedd41ea1d0aae75d14bcb07fbbe857ee2b236d59a
bert_word_features	runs/q1_full_20260924/samples/000066/bert_words.npz	63292	3078f555f8dd6f793ee8e6015cdb0ac5f277d49f67b9a24f9f851e7ff15fc888
audio_native_features	runs/q1_full_20260924/samples/000066/audio_native.npz	55950	465c581b4235ec73412859e79007ecd49226a86ce656b528a75312a35ef24682
vision_native_features	runs/q1_full_20260924/samples/000066/vision_native.npz	2340	323f64d584e3118ca6a40876d4dcd923da3b909359d68e21a78480dafd52bc4a
openface_raw_csv	runs/q1_full_20260924/samples/000066/openface/features.csv	579068	6399932cb5330c3b6a8646a8fba9d704c4e9f423426129c620f4f526fe2ec1fb
video_frame_timeline	runs/q1_full_20260924/samples/000066/video_frames.jsonl	51647	20eab163c908b3f9556dd78a65681c8d2fc0071e31c7f71106f60361bda46ce8
ctc_alignment	runs/q1_full_20260924/samples/000067/words.jsonl	6750	379057255ba56519347c5e7e65ad861b2dccda011c24797e143ddb67f12b2129
bert_word_features	runs/q1_full_20260924/samples/000067/bert_words.npz	34763	dc21ec068b3d0f9f7b158ac9c02f9dcc357d0320dd7eb1e032a3ec7fc5c3c3d5
audio_native_features	runs/q1_full_20260924/samples/000067/audio_native.npz	55646	ec69217ede20b1ac931b3021052fb6e03e2b94cc35453ee53c26818c2377507d
vision_native_features	runs/q1_full_20260924/samples/000067/vision_native.npz	8024	751858391d973091e139bc0f9751002097b1310a21bccc888d1ebf10ff93520d
openface_raw_csv	runs/q1_full_20260924/samples/000067/openface/features.csv	537449	140b0d4329720959b5c97922234dd53cbfae6df4a41bced968410b491fd32b2d
video_frame_timeline	runs/q1_full_20260924/samples/000067/video_frames.jsonl	47417	78809bef8736f69680428daf4a4d780374c5096d4903cf790b5074961750662b
ctc_alignment	runs/q1_full_20260924/samples/000068/words.jsonl	8902	d56c97bb290f03be55f035ecd80608dd2da453bf6235f0203604a3f9e9c31c4a
bert_word_features	runs/q1_full_20260924/samples/000068/bert_words.npz	46139	f644a91152c80f48e6f1e69147ab7550bb2cd0097421eaf4bd37770d4e901b0b
audio_native_features	runs/q1_full_20260924/samples/000068/audio_native.npz	41554	c1e3a8ed887fe8f54c0ef415e4d98e3468948577f53df8b03712fe9029128dcd
vision_native_features	runs/q1_full_20260924/samples/000068/vision_native.npz	6056	23978559a845c59faa042803d45116adcded27f02c17fe030bf0f8da95f8b5e6
openface_raw_csv	runs/q1_full_20260924/samples/000068/openface/features.csv	381261	4626d0bc774c9ca5d8fb7f1cc61a3cdf9b9e609d328b252dfb0cbfbd7c359745
video_frame_timeline	runs/q1_full_20260924/samples/000068/video_frames.jsonl	34117	9847496822e96006d06f7fc8d24b7301bce061d5cadd1c9a5e43205e53cf4112
ctc_alignment	runs/q1_full_20260924/samples/000069/words.jsonl	4407	ef24335e9e56a1fa3abe4f2fb5d4cd7114742f7f2cb5b2ddbec30908cd251cab
bert_word_features	runs/q1_full_20260924/samples/000069/bert_words.npz	23295	927c9a4548ca2260c2ddab8a03c7ec60263f7db9a58eb33acee0d4c0cf5b6c16
audio_native_features	runs/q1_full_20260924/samples/000069/audio_native.npz	27315	29a498a5d6f5478eef375e7b2d3cdd33c27f5a10b34924fb4af60b997d1eda9b
vision_native_features	runs/q1_full_20260924/samples/000069/vision_native.npz	1525	a7c3e1f2224a6b83a287485b35af64fc924e8ba67b5b50ffe8db6b04a03f274d
openface_raw_csv	runs/q1_full_20260924/samples/000069/openface/features.csv	0
video_frame_timeline	runs/q1_full_20260924/samples/000069/video_frames.jsonl	20002	aef0c9aa64010d1eb5bb939340efd73d21ba0c7e61369d68a03b4e63f63b2366
ctc_alignment	runs/q1_full_20260924/samples/000070/words.jsonl	8872	9870116fcef4621974a9451b00860966408193b9d982e989c9120b3553a3214d
bert_word_features	runs/q1_full_20260924/samples/000070/bert_words.npz	46150	04b1d6df73c778a0c2cf98502cac1228c72d3c2e3ae589098d3a15bdabbe1885
audio_native_features	runs/q1_full_20260924/samples/000070/audio_native.npz	56455	5fd87e4682ccbb150210cd7c6ab790a2e8a082b1addcb6e611d7a2d9bce4d1dc
vision_native_features	runs/q1_full_20260924/samples/000070/vision_native.npz	4051	79d3e13f6c6dbe747a653332f7a78ff965abc5811dc1bd94cbda9d9af850b45a
openface_raw_csv	runs/q1_full_20260924/samples/000070/openface/features.csv	163108	1cbcd85fdc71f9bbc6509e71a384092aba61ee01de4246ef1130f4ef0eaa2595
video_frame_timeline	runs/q1_full_20260924/samples/000070/video_frames.jsonl	42761	05d705cfa7b6d3e0563936e7c36b47013ca8fc67a3a3ef83dfbaa51f31095318
ctc_alignment	runs/q1_full_20260924/samples/000071/words.jsonl	4845	1747175f05e3aef80815af85d33a8041e82e2f022bc6f058defee2b2dcf12307
bert_word_features	runs/q1_full_20260924/samples/000071/bert_words.npz	26166	6b2fdb6b262215e8aa1c5b7faf49102aced2a37864a3d2c7ea8511c693f73a39
audio_native_features	runs/q1_full_20260924/samples/000071/audio_native.npz	31809	126affb5a795f0345e68940560f19c0d9ba7da4f5aff5356821bfb724f23bf8e
vision_native_features	runs/q1_full_20260924/samples/000071/vision_native.npz	4906	ab16d51de8968610c7265b0d5877aebfc2a1079f96e7588bf4399133fad0f536
openface_raw_csv	runs/q1_full_20260924/samples/000071/openface/features.csv	283805	b10dde50aeb2ce49f1940284bf4cdf7c4b9bbbb1ace5e3fdb98967d04cca196b
video_frame_timeline	runs/q1_full_20260924/samples/000071/video_frames.jsonl	24733	beb6dfec007046b922b2729314b40e49fb1147cbe2a6333d173479210a06df5d
ctc_alignment	runs/q1_full_20260924/samples/000072/words.jsonl	13351	aac4749cb455cba0601ca5f289ea752ac120dca80aa35efe862ccbd8fb64cae9
bert_word_features	runs/q1_full_20260924/samples/000072/bert_words.npz	69034	f91d800b5b450c15ec798170623de3e9f0fc8e0df89d7c3d7a02bfdca41622d7
audio_native_features	runs/q1_full_20260924/samples/000072/audio_native.npz	58750	63340a2fbb603cc2858d778a7f81b83bab53a751f3e5e40f5025c9fa564406c1
vision_native_features	runs/q1_full_20260924/samples/000072/vision_native.npz	1882	3b2f874afe06ffe967716be9eb6ea9111c4908633eac2072343f09eace876505
openface_raw_csv	runs/q1_full_20260924/samples/000072/openface/features.csv	1086528	2e18a74d58ea93c2b445c4a41dc28c2043c93b07e0903a24d6678f30d396d3b2
video_frame_timeline	runs/q1_full_20260924/samples/000072/video_frames.jsonl	49775	82e4bb1983ae8b894ec39368f4469ee92095c1cfd143a71426818066ac369434
ctc_alignment	runs/q1_full_20260924/samples/000073/words.jsonl	6086	63a9ca1e596a9b5dcf1a15f8365eb48d4049329a7404db3da13c98dbedf28a7d
bert_word_features	runs/q1_full_20260924/samples/000073/bert_words.npz	31924	a45bea8a35dc89dec2a673e683a78d767f564e20542cc1010033e37740c2c993
audio_native_features	runs/q1_full_20260924/samples/000073/audio_native.npz	38830	3b26ca48722d92b49cef1e225c6753caa84fc510e883f3c847442fd5a5167eaf
vision_native_features	runs/q1_full_20260924/samples/000073/vision_native.npz	1626	5071812bf5e4c0559b1be03a968e889124ca09dafea302e246ff07e22f0c92bf
openface_raw_csv	runs/q1_full_20260924/samples/000073/openface/features.csv	776564	10b0d6604e5c57c472f52c936490e795fc55390c6492b1d1dff335b51c1eff42
video_frame_timeline	runs/q1_full_20260924/samples/000073/video_frames.jsonl	34234	cc112914e6a0c70b731f87c4ad22decc29c86116e896c42018d57e074fe290cc
ctc_alignment	runs/q1_full_20260924/samples/000074/words.jsonl	4961	5bd839b13caeeb8ca051a32e754b016ebfcf25fbcb2e326e9933e759d5638818
bert_word_features	runs/q1_full_20260924/samples/000074/bert_words.npz	26137	7cb9932e918f076dfa99092eb95ddfeb292b7f1220fd705ea5732a589e2415bc
audio_native_features	runs/q1_full_20260924/samples/000074/audio_native.npz	36612	429cd35df129ef87f9f409ce888e4c7c26ae3cea6650a9fe9d18f1e7fd103227
vision_native_features	runs/q1_full_20260924/samples/000074/vision_native.npz	1555	b3c9c2ff43f851a9843ab16b76a7939fcd85c1656335c2e7d3f83aa72593a344
openface_raw_csv	runs/q1_full_20260924/samples/000074/openface/features.csv	421680	eee008d868df77f1779b042c7d5712b6a50bbc9a002599ac969801490204593c
video_frame_timeline	runs/q1_full_20260924/samples/000074/video_frames.jsonl	31289	7ce724b245d9511c3d96648e36ff7bd04c72d4f137949fe25ec29c0dee75c976
ctc_alignment	runs/q1_full_20260924/samples/000075/words.jsonl	10572	c0d1af285c7a3d8ae9ea81f3f9724cd64e24aa898f7c7e6cb4d1e112dede4105
bert_word_features	runs/q1_full_20260924/samples/000075/bert_words.npz	54773	3abf54b1bad58085b129d4f56f502fc70f1277e7aa0d00d6691e247b8389bdb9
audio_native_features	runs/q1_full_20260924/samples/000075/audio_native.npz	73232	3c288dbf25224fe9e61d10f33372cbc09fdb5349ac5b2301b2812da1d410989f
vision_native_features	runs/q1_full_20260924/samples/000075/vision_native.npz	9955	098e1d6bb368862124925111b3bfcfba5255a20c5addff10a356c0d7c03e9feb
openface_raw_csv	runs/q1_full_20260924/samples/000075/openface/features.csv	708722	05bd76a8c16aa4efbc7bfd30e73e33013904a06d4ba34bafeeca863d632eb7cd
video_frame_timeline	runs/q1_full_20260924/samples/000075/video_frames.jsonl	61896	f421323b25c4a3d286391141b82a6b8e95393e01680f3a1d79d82991308bea6b
ctc_alignment	runs/q1_full_20260924/samples/000076/words.jsonl	2780	fee8d79e66a2c9d70a3259c5e3bb0793caaf3b4d9817cf346f420836edfec25d
bert_word_features	runs/q1_full_20260924/samples/000076/bert_words.npz	14725	5f40c21caf6005be1edf7b681978d1873facd743f44054d3a2bdd16ea54ca8cf
audio_native_features	runs/q1_full_20260924/samples/000076/audio_native.npz	18675	296a005191c984e58648b4a64e2ba4fb136c42707684698354cf0e9272b9c98f
vision_native_features	runs/q1_full_20260924/samples/000076/vision_native.npz	2775	f1528d8431fb40e334d480e29364b1643fa44a5c846709d700dc014fbbe8ecbc
openface_raw_csv	runs/q1_full_20260924/samples/000076/openface/features.csv	192468	30e91b8d8a06fe4ffe0471514a102c2df495ad7013f9b2ea4a2de70a4538e266
video_frame_timeline	runs/q1_full_20260924/samples/000076/video_frames.jsonl	17468	d7b26a118f169cbd8153fb438622db49ee135fcfcd94fe3934bab631b1d27d0a
ctc_alignment	runs/q1_full_20260924/samples/000077/words.jsonl	15623	1eca5f2bddb44a49a81532175162b343301dafa582a441dda3f4c2c02eebde1c
bert_word_features	runs/q1_full_20260924/samples/000077/bert_words.npz	80455	1d72a2795181edbc947ea22694e3e906ee914c1872df3a1bc94e8af104f633df
audio_native_features	runs/q1_full_20260924/samples/000077/audio_native.npz	56505	d64ca349e897173e0dd09115d3ce98733625c108196f9c31b2131ee7ac52ada6
vision_native_features	runs/q1_full_20260924/samples/000077/vision_native.npz	1896	21ef4fdc6180a1655883972480656b86497c98b4a8bf178641dd96393b1213be
openface_raw_csv	runs/q1_full_20260924/samples/000077/openface/features.csv	724420	45bd08e4155ef006ab677d82e6ff958be5cfcaa9c479339a6253fe68881ccdff
video_frame_timeline	runs/q1_full_20260924/samples/000077/video_frames.jsonl	50668	872b6a890cebc8938fcbaf02f1a46ff3cfad4a269a9a2ebb7d8851923592f7f7
ctc_alignment	runs/q1_full_20260924/samples/000078/words.jsonl	7116	ff097b8278e1722562aabd756e1528bc09bd542a989c847a6faf618cc69d313b
bert_word_features	runs/q1_full_20260924/samples/000078/bert_words.npz	37595	59f0e6da5ca90296475cc15253c0fb62c1560a4e8fb6bd8e5857f686a7ac186d
audio_native_features	runs/q1_full_20260924/samples/000078/audio_native.npz	27514	7dac98f2cba1c84b8d73751f46bf1db2cb58740562f0960aa8316b09117606f5
vision_native_features	runs/q1_full_20260924/samples/000078/vision_native.npz	1373	5811b3315f1366cfd1e830ba89c1b38cab6ef960c17d8980c0c82c8feec230a1
openface_raw_csv	runs/q1_full_20260924/samples/000078/openface/features.csv	533236	dbaaa707d9ff221ff728ff7b25276e88b1db101cbfec6b408f2f71e8d3173bb4
video_frame_timeline	runs/q1_full_20260924/samples/000078/video_frames.jsonl	23609	4ab72cb74401736494016b1762348b766297a9a9fa4b8bc8666c128b3f2f4fcc
ctc_alignment	runs/q1_full_20260924/samples/000079/words.jsonl	6427	f732021f8220ee7747bfe451d6c6161299e941e260cc8b5ad241b5bed8f8c4db
bert_word_features	runs/q1_full_20260924/samples/000079/bert_words.npz	34795	74c06e717f79ecb93193ef0616722e2d70c5a5df30bdbb8cfb3d443b9154f7ec
audio_native_features	runs/q1_full_20260924/samples/000079/audio_native.npz	49887	a3890a67b25cf32d61f00b67e40d5b37e08f87b1c36544152097671ac75585ab
vision_native_features	runs/q1_full_20260924/samples/000079/vision_native.npz	6347	6583a7f673122062821254878849da83adfdb451e30faa943c784faa889b200d
openface_raw_csv	runs/q1_full_20260924/samples/000079/openface/features.csv	459111	b1e72b5624371df2e9d97d5dfc42d4337ad600ec6878e3df6391c5f80f5137d0
video_frame_timeline	runs/q1_full_20260924/samples/000079/video_frames.jsonl	41422	3d8f7142f7a6e7e51ccf175190953b6d3c66bd68dc78084b87dd80f062f44745
ctc_alignment	runs/q1_full_20260924/samples/000080/words.jsonl	25305	4bc3a1f5ae0e980399ccf52b362419eb5196310b1f323e5a22cea0757d98c18b
bert_word_features	runs/q1_full_20260924/samples/000080/bert_words.npz	129053	f18b27ab9229e0bd47a771f2703b46d1ceaad4a6e6765da01a8fb614fca5a650
audio_native_features	runs/q1_full_20260924/samples/000080/audio_native.npz	146375	635037b43884649323e60710a6596d62ad63474d128f5d1c65cde93c24f4997f
vision_native_features	runs/q1_full_20260924/samples/000080/vision_native.npz	14480	76231abe0cc75454ebcf9dc2eaa240fb584961a5eadad43907ea6454add7e2e6
openface_raw_csv	runs/q1_full_20260924/samples/000080/openface/features.csv	1368961	ec416b60a77faa6d48fd9b815572013d3606a36e230509731f75c3b6abbcfae1
video_frame_timeline	runs/q1_full_20260924/samples/000080/video_frames.jsonl	125438	c8241129dd4ec7cfd09ac524b6a4c37c2bcd0137359e95f88dbc4f173712314c
ctc_alignment	runs/q1_full_20260924/samples/000081/words.jsonl	12318	cb73d673211eafd93b5a61bebc4a77a5ab6892f2631b7e61aad1928b47be7318
bert_word_features	runs/q1_full_20260924/samples/000081/bert_words.npz	63345	7ad27187208cf5c59fba1ca2bb5b696c742d7213486f4728d33c746c889212a0
audio_native_features	runs/q1_full_20260924/samples/000081/audio_native.npz	59307	8a19fd048770b04ee6f7f6e6f8c861bc5163700dbb2a723e018c9bcafbb2b3fd
vision_native_features	runs/q1_full_20260924/samples/000081/vision_native.npz	1866	5f6b12914afb87ffdd69c00dbd5d3e20a89bccc28977ed36c894801b8a375501
openface_raw_csv	runs/q1_full_20260924/samples/000081/openface/features.csv	563862	be8eaeb9be039cb07c73c92ee8fd550a726ebe80185e89b2c4e0c4c6acfdbceb
video_frame_timeline	runs/q1_full_20260924/samples/000081/video_frames.jsonl	48897	f512f215fa5f558e2300dd13296696ca02ae2075a1c406e0aac7ef9e341b7c16
ctc_alignment	runs/q1_full_20260924/samples/000082/words.jsonl	6716	19c63bfc18ac268c1dcbdad74ec20086b6a563d142a500eb0e2d91f912859110
bert_word_features	runs/q1_full_20260924/samples/000082/bert_words.npz	34736	050e27cacfdb25eee88a2e428279969cfcb221b3571e4f78d4aacb0b51059eba
audio_native_features	runs/q1_full_20260924/samples/000082/audio_native.npz	39543	27187ee31a195216bee57a76a20a9d5d028e6d9859876162d8b64c98525cecaf
vision_native_features	runs/q1_full_20260924/samples/000082/vision_native.npz	5106	c107d3c467b6fe82c0e6580a571c10d5ba234101490aea1c2ae1e24f2ff839b2
openface_raw_csv	runs/q1_full_20260924/samples/000082/openface/features.csv	380170	901c1308b8d0bdbe7e0b061de0feb35d6b5a0368ae5b2e5e388aeb5c255e7a75
video_frame_timeline	runs/q1_full_20260924/samples/000082/video_frames.jsonl	34703	d56edfee83fc92c6353b5ecba6c4ffe6a65e8807724ad11ebe8306456fedcc90
ctc_alignment	runs/q1_full_20260924/samples/000083/words.jsonl	9540	b3ff42e2f8538cfe2382071876d6ca73e066bd9604cf80f7eef34f065b109872
bert_word_features	runs/q1_full_20260924/samples/000083/bert_words.npz	49040	dc9ce1277c70d28fa5bff184f0da013f4017fbfdf4adcd0f099e268cc9510430
audio_native_features	runs/q1_full_20260924/samples/000083/audio_native.npz	48384	ab6153713998814b8dfb9ef6238f134db053a4201fcc0ce8eb39614443bf0b1d
vision_native_features	runs/q1_full_20260924/samples/000083/vision_native.npz	5263	89962e9b6d87f64ea8a1df3f774dc1f56699022491ea04ac39c2e4f63b0a3c0f
openface_raw_csv	runs/q1_full_20260924/samples/000083/openface/features.csv	434115	fd268c0b25278b5a347e82ba068640597d94e63d5376119fd0e74d2960453f2f
video_frame_timeline	runs/q1_full_20260924/samples/000083/video_frames.jsonl	39964	dc2522b6924020deb9bcca647e7f698ed16607a1d636b917a0c283d28cb77c02
ctc_alignment	runs/q1_full_20260924/samples/000084/words.jsonl	14616	e83b10ac3ef9f9b321fddd691825d5f4523dd832f02cb4a0d40ba473921a4a72
bert_word_features	runs/q1_full_20260924/samples/000084/bert_words.npz	74741	8740f7f52b0ffc86c76272fec3cc0b61af0aa29901f9de0a9002c62de5872ba8
audio_native_features	runs/q1_full_20260924/samples/000084/audio_native.npz	101401	f438696b5580af731c0c7bd6bcc67c0e9be60dcab71c1bf30494c53f018fdb41
vision_native_features	runs/q1_full_20260924/samples/000084/vision_native.npz	9044	225d03599d4a56082256691403d2621dcb5b6ab026395d0941d7a50aecacf9d0
openface_raw_csv	runs/q1_full_20260924/samples/000084/openface/features.csv	930073	7021e5103f82d6c35db5b9db7f5157eac68ddff7e3e629c221d5776b38ecfa33
video_frame_timeline	runs/q1_full_20260924/samples/000084/video_frames.jsonl	86401	46d742d3a367742ed84594842ec30b33d0f094f73d3c2d299544b678d69f0179
ctc_alignment	runs/q1_full_20260924/samples/000085/words.jsonl	8894	bcb54b3c95f865b8185f0f6ae79b17e8318a1ae9f338a2067a03e44231890492
bert_word_features	runs/q1_full_20260924/samples/000085/bert_words.npz	46173	874bf931504847d16e8d1e1bc256b462c78cf15772043b8359491c562ce291ca
audio_native_features	runs/q1_full_20260924/samples/000085/audio_native.npz	61141	d4f4675b05eb2fb25747cf5bee86ecabe5525bd9d7f28ec2c3e6335cebe08020
vision_native_features	runs/q1_full_20260924/samples/000085/vision_native.npz	6780	65fa3795afaa862f025af424bc3ef3cf3693d94e0231b096e4ec58c40f95133f
openface_raw_csv	runs/q1_full_20260924/samples/000085/openface/features.csv	572348	cd3c9d7f4753af60cfe6ff495a69e9cf54a1615a931fde5f4e65bac7d6c57ec7
video_frame_timeline	runs/q1_full_20260924/samples/000085/video_frames.jsonl	52561	25cfe5b47e9de3e7b88e6b8916a5c2f4e00185bb350efc3d883ce854c60d4203
ctc_alignment	runs/q1_full_20260924/samples/000086/words.jsonl	8960	23afca2c60e837643683ce1c615669e6d3ffec33b921f8e5fae5d11c1d687ea7
bert_word_features	runs/q1_full_20260924/samples/000086/bert_words.npz	46123	9cb24bece71d373ce8d1947e2d05e0512127e0d56f7315a9ca140ffa543c3a29
audio_native_features	runs/q1_full_20260924/samples/000086/audio_native.npz	58444	2332b3ae380faae8fe08298c0b8f0b5cbc44a00935d3e75064bad4a5abb17c31
vision_native_features	runs/q1_full_20260924/samples/000086/vision_native.npz	6032	dc620826a284c1de56862496526f40c552bfcd6ae836f389adef0eefa10c1b16
openface_raw_csv	runs/q1_full_20260924/samples/000086/openface/features.csv	527706	b0c38c44d497a6d338374cd2846875785568e97d088e4bf3e505b16bece46f85
video_frame_timeline	runs/q1_full_20260924/samples/000086/video_frames.jsonl	48429	1f75ad2ba2546ab59f2f076767e740ce9fb5f6d9e9b50248f9fdbd8053fc6de6
ctc_alignment	runs/q1_full_20260924/samples/000087/words.jsonl	10073	a3f0f9bbb9815804f60bb80ee6ee88a2d433328b404c88ac736518b613afe89d
bert_word_features	runs/q1_full_20260924/samples/000087/bert_words.npz	51906	51054fa80d92493ce832473c60c2069a4c163e780b8cb222d00d22d7fdf656d2
audio_native_features	runs/q1_full_20260924/samples/000087/audio_native.npz	53660	3e97d0a075d3296ce5f653696f3ba9711148c34cb686d186eaad554aba7f8fa0
vision_native_features	runs/q1_full_20260924/samples/000087/vision_native.npz	6812	917780479671faf137ae47eab8d0667098d1a51ea7ce17fb7a1723f7ba69f86b
openface_raw_csv	runs/q1_full_20260924/samples/000087/openface/features.csv	490345	e87b2aabdab66a4895e332d83f2f05fd708e2f78457b7703bcf15920f0691963
video_frame_timeline	runs/q1_full_20260924/samples/000087/video_frames.jsonl	43767	1af4f01d7a647d376930e516063af02dec5d9a7ed35b985df71b04e1a470d163
ctc_alignment	runs/q1_full_20260924/samples/000088/words.jsonl	11766	5473c4469f3f12996e075acb245694acc74187695213e81b8d8e91b8109c1e5c
bert_word_features	runs/q1_full_20260924/samples/000088/bert_words.npz	60452	f5f86a0d54366716646ee0b116680247ceb02da99c02186db599c2eed78510cb
audio_native_features	runs/q1_full_20260924/samples/000088/audio_native.npz	82081	ab7994e00cc0db1865efaa759ae911e38f97eed538f6d9bec2b40e0171747bb9
vision_native_features	runs/q1_full_20260924/samples/000088/vision_native.npz	9369	1c557eb5a9a7ff96fd0e12ca1d61f26285df8d0993b7bf16c0d0a253b6c2fe8c
openface_raw_csv	runs/q1_full_20260924/samples/000088/openface/features.csv	828645	f204dd03db9606891d09bfb2fdde8c2a0b31ff9131b738367a23a4ab7b17c094
video_frame_timeline	runs/q1_full_20260924/samples/000088/video_frames.jsonl	66361	88ce64f04c26a624f63d07b6255827fc8e8a0f977d0978729dde36b9d56c1deb
ctc_alignment	runs/q1_full_20260924/samples/000089/words.jsonl	12267	c6d3bb1da6ddcef2496a579af1a1508ca98f8b7fb5f1ac9d064f4d1e1b66d118
bert_word_features	runs/q1_full_20260924/samples/000089/bert_words.npz	63387	50276498557393db72e5898d3a0d80c22ff68f58912910d43dc7f8245f69aa9b
audio_native_features	runs/q1_full_20260924/samples/000089/audio_native.npz	51358	bf7830b3956e954c4d2795c2f549a0728c0fa1bebd5d9a58e4bced762060fee7
vision_native_features	runs/q1_full_20260924/samples/000089/vision_native.npz	1792	8d6da0858e310a719be048017a0c072cd852a6b529dd17ee4e9dc5b4a37c0747
openface_raw_csv	runs/q1_full_20260924/samples/000089/openface/features.csv	488067	b501cd6cddec0f8879ce9e7b54cbfc0e130a257f7500eb3a1a706e8383ac8d54
video_frame_timeline	runs/q1_full_20260924/samples/000089/video_frames.jsonl	44053	a9761109399dad6635e47116dc522d3b5de47191e77854b1c4ecc628e8d6e79d
ctc_alignment	runs/q1_full_20260924/samples/000090/words.jsonl	5065	cffbf49cd09d69e36dc3ae304138b2b0456e568966385cf914ae7a98c2d6bd79
bert_word_features	runs/q1_full_20260924/samples/000090/bert_words.npz	26157	50336e7795d91a590a761270acd2c719bbe9bb043e689cbcc4ef475f6289d6e0
audio_native_features	runs/q1_full_20260924/samples/000090/audio_native.npz	30234	f207fb10d3c9c36167cb64a4256b85c42ddd8881716dba455bef524806afa0eb
vision_native_features	runs/q1_full_20260924/samples/000090/vision_native.npz	1398	7d5788c1e16e44cfb39e3a218be233eefe7001e8d33aec0654571f4dce02b169
openface_raw_csv	runs/q1_full_20260924/samples/000090/openface/features.csv	576110	4df3d124cb408eaa9082e951838d5d851980810ca1fdf7b037362456e4d327ec
video_frame_timeline	runs/q1_full_20260924/samples/000090/video_frames.jsonl	24463	2a15adc217c15a286774f0f4fecba6e9deb120373dc6f742b301806481f7ba91
ctc_alignment	runs/q1_full_20260924/samples/000091/words.jsonl	12857	3699e7225cb66f402c3547e70f47fcb11f8f3542d492bf220641d236ac4318d1
bert_word_features	runs/q1_full_20260924/samples/000091/bert_words.npz	66223	f5ce955c80d4230747c1a628724a7cc503a19a870ddfd04dc52812c81d2df043
audio_native_features	runs/q1_full_20260924/samples/000091/audio_native.npz	60775	c41239c7cb62b2dabf89dba315eff0b68062f107d4ba296b5c1b9784caab348b
vision_native_features	runs/q1_full_20260924/samples/000091/vision_native.npz	1886	c1e7915be21835b71aa9a85b00b52e037e23e85bbf17e6322098e19cefb79892
openface_raw_csv	runs/q1_full_20260924/samples/000091/openface/features.csv	750307	dbdc773a42f2531599b083e412ea2ebe4e7cd72744eaffc7b9570f1ab16e0522
video_frame_timeline	runs/q1_full_20260924/samples/000091/video_frames.jsonl	50063	7341ed27f98f7a57d8181309731b284515491b99c7bd4df70582e6eb9e650fb4
ctc_alignment	runs/q1_full_20260924/samples/000092/words.jsonl	12925	2b797e9d8dbcd2dc071bcaef104052e0e4a12aa5008eee5b58d1fe194987eab3
bert_word_features	runs/q1_full_20260924/samples/000092/bert_words.npz	66209	1d84ee2249e113ca5f8329fa0eee409022a71f10a2582dcc427dc8c77db441e5
audio_native_features	runs/q1_full_20260924/samples/000092/audio_native.npz	59320	b3bce0759892127f20dcc3e23511cc7ed66ce08de250f220416229b425a5d710
vision_native_features	runs/q1_full_20260924/samples/000092/vision_native.npz	1857	4b0ef3b782a1ab9485ed51d78bd30ec8c57db29904c6173b60b3c974361f03ab
openface_raw_csv	runs/q1_full_20260924/samples/000092/openface/features.csv	630369	6eda0a098927da1ecfab674a9d245022c447540c7f79ee0fe16e9a6dcc44ba97
video_frame_timeline	runs/q1_full_20260924/samples/000092/video_frames.jsonl	48307	6a83e2408d7a4802895b48233958a2ff1e19baac36e0aef0330e9cad96d27b14
ctc_alignment	runs/q1_full_20260924/samples/000093/words.jsonl	11168	3b27a14e9dd05efdc74a68f3073888e463411cfae687c9dce05c70a42b10263e
bert_word_features	runs/q1_full_20260924/samples/000093/bert_words.npz	57630	66b8438ffe1532d1f2507ea1b6938051f529a3818fcc354bd5e6c98f0c5890f4
audio_native_features	runs/q1_full_20260924/samples/000093/audio_native.npz	56937	fbd9df6834d212a9fe439d8b54261aea3ebeece204dad0106f1f6105bd001f62
vision_native_features	runs/q1_full_20260924/samples/000093/vision_native.npz	1803	17e6cabce520431f9d89e4467f1d45bd87b5ede27ccb7b748b16d62b86534268
openface_raw_csv	runs/q1_full_20260924/samples/000093/openface/features.csv	541483	cca26cdedc63e229a3184d9d3e3f0922c6895e76cf3610ac0d8d3baf3d10d8a6
video_frame_timeline	runs/q1_full_20260924/samples/000093/video_frames.jsonl	45079	880e821fd5d8fba13e62f05519579a26c0b3cd9e91148d2eb60ef679d79c344f
ctc_alignment	runs/q1_full_20260924/samples/000094/words.jsonl	11285	3a19340c2f914f8aa860b845b10f6ee419207bcd3142da06660331486f849d69
bert_word_features	runs/q1_full_20260924/samples/000094/bert_words.npz	57598	0193ae1366c6c17233f62d76f0fa0407286cb73e90593f6a056bb63a565b8d45
audio_native_features	runs/q1_full_20260924/samples/000094/audio_native.npz	60041	67e6b594be02f476893c9a493cd25ad2ff2cd1c2ce357bcc53ada6c80a62e39d
vision_native_features	runs/q1_full_20260924/samples/000094/vision_native.npz	1886	157b9987e9301bea48fe2c725ee50b55621d739e83f8825f0e175735a3244171
openface_raw_csv	runs/q1_full_20260924/samples/000094/openface/features.csv	737195	c3e7104291f4d56c44d8737a8a9d3f508c1df8641e3e4981224be3cb9dbc1aa9
video_frame_timeline	runs/q1_full_20260924/samples/000094/video_frames.jsonl	50078	477f9241de911ca3354e611bd24dd7821b35d695cd8b3e8426d2dcddd14584f0
ctc_alignment	runs/q1_full_20260924/samples/000095/words.jsonl	16258	ad759b47d16a1092802551ce2e856ca940ffe756aae245bd6ff0e542266cc4b6
bert_word_features	runs/q1_full_20260924/samples/000095/bert_words.npz	83327	4e9c1c17318535d8653660b4f8ec62cdd6f0bc9d0bf1ca0a42e523fa37983b6c
audio_native_features	runs/q1_full_20260924/samples/000095/audio_native.npz	72038	bfa301445e154ea0fc30b8bd65ca951420aea94539276474c38d1c123bd5dd1f
vision_native_features	runs/q1_full_20260924/samples/000095/vision_native.npz	2032	7d031d0e7c7f1196c41c8cb7463254b38819664a06c8de418999fecf26e34e3d
openface_raw_csv	runs/q1_full_20260924/samples/000095/openface/features.csv	690428	59c3e9aad69c40cca8ecc3979364a842433ef7a87a83c9dbb1b2bea086dc91b9
video_frame_timeline	runs/q1_full_20260924/samples/000095/video_frames.jsonl	58658	fdd3ff623d53b52936041b4b477ad3d372e3be8d1a9a6cf7c89070cb59e74651
ctc_alignment	runs/q1_full_20260924/samples/000096/words.jsonl	11243	48790635b94ad79dfe2e6577bacde9c475ee06b07c2ccd7ebdbb521becf63b90
bert_word_features	runs/q1_full_20260924/samples/000096/bert_words.npz	57580	9b4aa23516f1fbd3602dd5e34a4a17abf05c6fd7dcad70a8dda913534bd5d1a7
audio_native_features	runs/q1_full_20260924/samples/000096/audio_native.npz	56071	4799cfca483de6b2c963f4f164c13cd204f285112d6c371bd00aec3993e504d7
vision_native_features	runs/q1_full_20260924/samples/000096/vision_native.npz	1794	184d42f928718cb0fbf3f25232a4fbccb1ab0b7115f3d4ff93971308cf53c479
openface_raw_csv	runs/q1_full_20260924/samples/000096/openface/features.csv	501892	0eb9a8bb2c3c27137f79d4ca67eca506741c18be209eb7c8858b2005ca905204
video_frame_timeline	runs/q1_full_20260924/samples/000096/video_frames.jsonl	44505	c447c97beb10b0fa93ca982611f06572f00f17549db98a51b2a32891e878ad52
ctc_alignment	runs/q1_full_20260924/samples/000097/words.jsonl	27439	885485b786405c1d38461946b8e48c971984909a4bfb7b7685a895d6d8411781
bert_word_features	runs/q1_full_20260924/samples/000097/bert_words.npz	140519	9d959cafd3aac3e22984a11235831a7d38996b090a4e63b84d3cd77fc5e6e046
audio_native_features	runs/q1_full_20260924/samples/000097/audio_native.npz	241740	7267bb6db37623b10b06cd7d9f345a0c3024baa2e10a7a9fb6dac945ad64bd29
vision_native_features	runs/q1_full_20260924/samples/000097/vision_native.npz	4570	749dda157703743fe903c490c1284febc693ec0ebfef57e7971eb5146748ad7a
openface_raw_csv	runs/q1_full_20260924/samples/000097/openface/features.csv	3006933	4f235d5e847315c7c391064a6a54eebfa700cbe39fb9bbe11712b30e03b839f3
video_frame_timeline	runs/q1_full_20260924/samples/000097/video_frames.jsonl	215678	c488f06010170debfec3a4bfe5bbfcc4218048cca8755ec34809418b0e7c900e
ctc_alignment	runs/q1_full_20260924/samples/000098/words.jsonl	13713	de07d895191770f9bf8f875d23af105173cd511d20da5117da9442937a0dfea0
bert_word_features	runs/q1_full_20260924/samples/000098/bert_words.npz	71924	a8059583f576df3bbdb5db1f2e95af47a8d2583a880886667754fad682e72a31
audio_native_features	runs/q1_full_20260924/samples/000098/audio_native.npz	112242	8bc984886dba47e8bb0c1191e39f2d55ec3ebabd27438de6a236f01393c6d57b
vision_native_features	runs/q1_full_20260924/samples/000098/vision_native.npz	2626	defb16b320b50b7f7e790122f74ec5c70329b250417c4615df665a60add92f92
openface_raw_csv	runs/q1_full_20260924/samples/000098/openface/features.csv	1147902	b9fe172359ff385dc612df0d25f6ec4ae2b8bacf7286284b704abdef6265fa19
video_frame_timeline	runs/q1_full_20260924/samples/000098/video_frames.jsonl	96766	c2a428381fc34eaa6fb676241c3bcf705b089c940e26aa5ae534d221c880ed83
ctc_alignment	runs/q1_full_20260924/samples/000099/words.jsonl	10563	2038579162602dc1ff0d7bc3dbe748986f8aa2a92ecdc644ab841cd3a5c81590
bert_word_features	runs/q1_full_20260924/samples/000099/bert_words.npz	54750	086d9c40b5cbb8801dfba68d167aa646234bfab888244d9600237c5b5c47e0ad
audio_native_features	runs/q1_full_20260924/samples/000099/audio_native.npz	90616	d3213ad7a8d41f33b7dc4290635c1fd4e0367634174ce9f3f320348108d0671e
vision_native_features	runs/q1_full_20260924/samples/000099/vision_native.npz	13136	74d49f6932f20fbad459ef4a5225074337c9bacca215fdebe260d9f4e8a041b1
openface_raw_csv	runs/q1_full_20260924/samples/000099/openface/features.csv	917351	6caeaa5af7856a5be2798c49118e187757c43125eda9d0bec6fd38f06d9edcb9
video_frame_timeline	runs/q1_full_20260924/samples/000099/video_frames.jsonl	82248	d2d4085056a6c7b5830ff6bbc3d91fbe470c179f081b853342c985212fdbc5b9
