sample_id,diagonal_score,row_best_sample_id,row_best_score,row_best_minus_diagonal,hungarian_sample_id,hungarian_score,mapping_suspected,video_id
-3g5yACwYnA$_$13,0.8997509339975094,-3g5yACwYnA$_$13,0.8997509339975094,0.0,-3g5yACwYnA$_$13,0.8997509339975094,0,-3g5yACwYnA
-3g5yACwYnA$_$2,0.9210302256279268,-3g5yACwYnA$_$2,0.9210302256279268,0.0,-3g5yACwYnA$_$2,0.9210302256279268,0,-3g5yACwYnA
-3g5yACwYnA$_$3,1.0,-3g5yACwYnA$_$3,1.0,0.0,-3g5yACwYnA$_$3,1.0,0,-3g5yACwYnA
-3g5yACwYnA$_$9,1.0,-3g5yACwYnA$_$9,1.0,0.0,-3g5yACwYnA$_$9,1.0,0,-3g5yACwYnA
-3nNcZdcdvU$_$5,0.9549808429118773,-3nNcZdcdvU$_$5,0.9549808429118773,0.0,-3nNcZdcdvU$_$5,0.9549808429118773,0,-3nNcZdcdvU
-571d8cVauQ$_$0,0.9498587570621468,-571d8cVauQ$_$0,0.9498587570621468,0.0,-571d8cVauQ$_$0,0.9498587570621468,0,-571d8cVauQ
-571d8cVauQ$_$5,0.9256410256410256,-571d8cVauQ$_$5,0.9256410256410256,0.0,-571d8cVauQ$_$5,0.9256410256410256,0,-571d8cVauQ
-6rXp3zJ3kc$_$8,0.9371819960861056,-6rXp3zJ3kc$_$8,0.9371819960861056,0.0,-6rXp3zJ3kc$_$8,0.9371819960861056,0,-6rXp3zJ3kc
-9y-fZ3swSY$_$0,0.7473469387755102,-9y-fZ3swSY$_$0,0.7473469387755102,0.0,-9y-fZ3swSY$_$0,0.7473469387755102,0,-9y-fZ3swSY
-9y-fZ3swSY$_$4,0.9010526315789473,-9y-fZ3swSY$_$4,0.9010526315789473,0.0,-9y-fZ3swSY$_$4,0.9010526315789473,0,-9y-fZ3swSY
-9y-fZ3swSY$_$8,0.9286363636363636,-9y-fZ3swSY$_$8,0.9286363636363636,0.0,-9y-fZ3swSY$_$8,0.9286363636363636,0,-9y-fZ3swSY
-AUZQgSxyPQ$_$2,0.9427301968053208,-AUZQgSxyPQ$_$2,0.9427301968053208,0.0,-AUZQgSxyPQ$_$2,0.9427301968053208,0,-AUZQgSxyPQ
-HeZS2-Prhc$_$2,0.8638095238095238,-HeZS2-Prhc$_$2,0.8638095238095238,0.0,-HeZS2-Prhc$_$2,0.8638095238095238,0,-HeZS2-Prhc
-HwX2H8Z4hY$_$2,0.06944444444444442,-HwX2H8Z4hY$_$5,0.484375,0.4149305555555556,-HwX2H8Z4hY$_$2,0.06944444444444442,0,-HwX2H8Z4hY
-HwX2H8Z4hY$_$5,1.0,-HwX2H8Z4hY$_$5,1.0,0.0,-HwX2H8Z4hY$_$5,1.0,0,-HwX2H8Z4hY
-HwX2H8Z4hY$_$6,0.8885714285714286,-HwX2H8Z4hY$_$6,0.8885714285714286,0.0,-HwX2H8Z4hY$_$6,0.8885714285714286,0,-HwX2H8Z4hY
-HwX2H8Z4hY$_$9,0.9679639297579496,-HwX2H8Z4hY$_$9,0.9679639297579496,0.0,-HwX2H8Z4hY$_$9,0.9679639297579496,0,-HwX2H8Z4hY
-I_e4mIh0yE$_$1,1.0,-I_e4mIh0yE$_$1,1.0,0.0,-I_e4mIh0yE$_$1,1.0,0,-I_e4mIh0yE
-I_e4mIh0yE$_$3,0.9279715762273901,-I_e4mIh0yE$_$3,0.9279715762273901,0.0,-I_e4mIh0yE$_$3,0.9279715762273901,0,-I_e4mIh0yE
-MeTTeMJBNc$_$0,1.0,-MeTTeMJBNc$_$0,1.0,0.0,-MeTTeMJBNc$_$0,1.0,0,-MeTTeMJBNc
-MeTTeMJBNc$_$13,0.8620606644198363,-MeTTeMJBNc$_$13,0.8620606644198363,0.0,-MeTTeMJBNc$_$13,0.8620606644198363,0,-MeTTeMJBNc
-MeTTeMJBNc$_$7,1.0,-MeTTeMJBNc$_$7,1.0,0.0,-MeTTeMJBNc$_$7,1.0,0,-MeTTeMJBNc
-NFrJFQijFE$_$1,0.0,-NFrJFQijFE$_$2,0.10256410256410259,0.10256410256410259,-NFrJFQijFE$_$1,0.0,0,-NFrJFQijFE
-NFrJFQijFE$_$2,0.12048192771084337,-NFrJFQijFE$_$2,0.12048192771084337,0.0,-NFrJFQijFE$_$2,0.12048192771084337,0,-NFrJFQijFE
-RfYyzHpjk4$_$11,1.0,-RfYyzHpjk4$_$11,1.0,0.0,-RfYyzHpjk4$_$11,1.0,0,-RfYyzHpjk4
-RfYyzHpjk4$_$2,0.9638709677419355,-RfYyzHpjk4$_$2,0.9638709677419355,0.0,-RfYyzHpjk4$_$2,0.9638709677419355,0,-RfYyzHpjk4
-RfYyzHpjk4$_$8,0.8343253968253967,-RfYyzHpjk4$_$8,0.8343253968253967,0.0,-RfYyzHpjk4$_$8,0.8343253968253967,0,-RfYyzHpjk4
-THoVjtIkeU$_$12,0.9805194805194806,-THoVjtIkeU$_$12,0.9805194805194806,0.0,-THoVjtIkeU$_$12,0.9805194805194806,0,-THoVjtIkeU
-THoVjtIkeU$_$2,1.0,-THoVjtIkeU$_$2,1.0,0.0,-THoVjtIkeU$_$2,1.0,0,-THoVjtIkeU
-THoVjtIkeU$_$6,0.9367611451360206,-THoVjtIkeU$_$6,0.9367611451360206,0.0,-THoVjtIkeU$_$6,0.9367611451360206,0,-THoVjtIkeU
-UUCSKoHeMA$_$0,0.972972972972973,-UUCSKoHeMA$_$0,0.972972972972973,0.0,-UUCSKoHeMA$_$0,0.972972972972973,0,-UUCSKoHeMA
-UacrmKiTn4$_$10,0.9207430340557277,-UacrmKiTn4$_$10,0.9207430340557277,0.0,-UacrmKiTn4$_$10,0.9207430340557277,0,-UacrmKiTn4
-UacrmKiTn4$_$4,1.0,-UacrmKiTn4$_$4,1.0,0.0,-UacrmKiTn4$_$4,1.0,0,-UacrmKiTn4
-UuX1xuaiiE$_$0,0.9271099744245525,-UuX1xuaiiE$_$0,0.9271099744245525,0.0,-UuX1xuaiiE$_$0,0.9271099744245525,0,-UuX1xuaiiE
-UuX1xuaiiE$_$1,1.0,-UuX1xuaiiE$_$1,1.0,0.0,-UuX1xuaiiE$_$1,1.0,0,-UuX1xuaiiE
-UuX1xuaiiE$_$3,1.0,-UuX1xuaiiE$_$3,1.0,0.0,-UuX1xuaiiE$_$3,1.0,0,-UuX1xuaiiE
-UuX1xuaiiE$_$6,0.9666666666666666,-UuX1xuaiiE$_$6,0.9666666666666666,0.0,-UuX1xuaiiE$_$6,0.9666666666666666,0,-UuX1xuaiiE
-a55Q6RWvTA$_$3,0.977010821877742,-a55Q6RWvTA$_$3,0.977010821877742,0.0,-a55Q6RWvTA$_$3,0.977010821877742,0,-a55Q6RWvTA
-aNfi7CP8vM$_$7,1.0,-aNfi7CP8vM$_$7,1.0,0.0,-aNfi7CP8vM$_$7,1.0,0,-aNfi7CP8vM
-aqamKhZ1Ec$_$0,0.9016091954022989,-aqamKhZ1Ec$_$0,0.9016091954022989,0.0,-aqamKhZ1Ec$_$0,0.9016091954022989,0,-aqamKhZ1Ec
-dxfTGcXJoc$_$0,0.9823529411764707,-dxfTGcXJoc$_$0,0.9823529411764707,0.0,-dxfTGcXJoc$_$0,0.9823529411764707,0,-dxfTGcXJoc
-dxfTGcXJoc$_$1,0.976861381219391,-dxfTGcXJoc$_$1,0.976861381219391,0.0,-dxfTGcXJoc$_$1,0.976861381219391,0,-dxfTGcXJoc
-dxfTGcXJoc$_$2,0.9782608695652174,-dxfTGcXJoc$_$2,0.9782608695652174,0.0,-dxfTGcXJoc$_$2,0.9782608695652174,0,-dxfTGcXJoc
-dxfTGcXJoc$_$6,0.9705592105263159,-dxfTGcXJoc$_$6,0.9705592105263159,0.0,-dxfTGcXJoc$_$6,0.9705592105263159,0,-dxfTGcXJoc
-egA8-b7-3M$_$1,0.9689369535204786,-egA8-b7-3M$_$1,0.9689369535204786,0.0,-egA8-b7-3M$_$1,0.9689369535204786,0,-egA8-b7-3M
-egA8-b7-3M$_$13,1.0,-egA8-b7-3M$_$13,1.0,0.0,-egA8-b7-3M$_$13,1.0,0,-egA8-b7-3M
-egA8-b7-3M$_$16,1.0,-egA8-b7-3M$_$16,1.0,0.0,-egA8-b7-3M$_$16,1.0,0,-egA8-b7-3M
-egA8-b7-3M$_$17,1.0,-egA8-b7-3M$_$17,1.0,0.0,-egA8-b7-3M$_$17,1.0,0,-egA8-b7-3M
-egA8-b7-3M$_$18,1.0,-egA8-b7-3M$_$18,1.0,0.0,-egA8-b7-3M$_$18,1.0,0,-egA8-b7-3M
-egA8-b7-3M$_$20,1.0,-egA8-b7-3M$_$20,1.0,0.0,-egA8-b7-3M$_$20,1.0,0,-egA8-b7-3M
-egA8-b7-3M$_$26,1.0,-egA8-b7-3M$_$26,1.0,0.0,-egA8-b7-3M$_$26,1.0,0,-egA8-b7-3M
-egA8-b7-3M$_$6,1.0,-egA8-b7-3M$_$6,1.0,0.0,-egA8-b7-3M$_$6,1.0,0,-egA8-b7-3M
-egA8-b7-3M$_$9,1.0,-egA8-b7-3M$_$9,1.0,0.0,-egA8-b7-3M$_$9,1.0,0,-egA8-b7-3M
-hnBHBN8p5A$_$6,0.22806067172264358,-hnBHBN8p5A$_$6,0.22806067172264358,0.0,-hnBHBN8p5A$_$6,0.22806067172264358,0,-hnBHBN8p5A
-hnBHBN8p5A$_$7,0.10666666666666669,-hnBHBN8p5A$_$6,0.12433862433862436,0.017671957671957672,-hnBHBN8p5A$_$7,0.10666666666666669,0,-hnBHBN8p5A
-iRBcNs9oI8$_$3,0.16363636363636364,-iRBcNs9oI8$_$9,0.46915584415584416,0.3055194805194805,-iRBcNs9oI8$_$7,0.2830409356725146,1,-iRBcNs9oI8
-iRBcNs9oI8$_$6,0.09459459459459457,-iRBcNs9oI8$_$9,0.53125,0.43665540540540543,-iRBcNs9oI8$_$9,0.53125,1,-iRBcNs9oI8
-iRBcNs9oI8$_$7,0.17222222222222222,-iRBcNs9oI8$_$9,0.17543859649122806,0.0032163742690058394,-iRBcNs9oI8$_$8,0.17247067448680353,0,-iRBcNs9oI8
-iRBcNs9oI8$_$8,0.12552854122621565,-iRBcNs9oI8$_$7,0.2170376712328767,0.09150913000666105,-iRBcNs9oI8$_$6,0.18310502283105023,0,-iRBcNs9oI8
-iRBcNs9oI8$_$9,0.25,-iRBcNs9oI8$_$9,0.25,0.0,-iRBcNs9oI8$_$3,0.2143540669856459,0,-iRBcNs9oI8
-lzEya4AM_4$_$5,0.9745817245817245,-lzEya4AM_4$_$5,0.9745817245817245,0.0,-lzEya4AM_4$_$5,0.9745817245817245,0,-lzEya4AM_4
-lzEya4AM_4$_$6,0.9886531661845066,-lzEya4AM_4$_$6,0.9886531661845066,0.0,-lzEya4AM_4$_$6,0.9886531661845066,0,-lzEya4AM_4
-mJ2ud6oKI8$_$1,0.0,-mJ2ud6oKI8$_$6,0.22023809523809523,0.22023809523809523,-mJ2ud6oKI8$_$8,0.1734143049932524,1,-mJ2ud6oKI8
-mJ2ud6oKI8$_$2,0.0,-mJ2ud6oKI8$_$6,0.11184210526315791,0.11184210526315791,-mJ2ud6oKI8$_$2,0.0,0,-mJ2ud6oKI8
-mJ2ud6oKI8$_$6,0.21581196581196582,-mJ2ud6oKI8$_$6,0.21581196581196582,0.0,-mJ2ud6oKI8$_$1,0.0,0,-mJ2ud6oKI8
-mJ2ud6oKI8$_$8,0.18859649122807018,-mJ2ud6oKI8$_$6,0.2669856459330143,0.07838915470494415,-mJ2ud6oKI8$_$6,0.2669856459330143,0,-mJ2ud6oKI8
-mJ2ud6oKI8$_$9,0.149452804377565,-mJ2ud6oKI8$_$9,0.149452804377565,0.0,-mJ2ud6oKI8$_$9,0.149452804377565,0,-mJ2ud6oKI8
-mqbVkbCndg$_$0,1.0,-mqbVkbCndg$_$0,1.0,0.0,-mqbVkbCndg$_$0,1.0,0,-mqbVkbCndg
-qDkUB0GgYY$_$6,0.8587301587301588,-qDkUB0GgYY$_$6,0.8587301587301588,0.0,-qDkUB0GgYY$_$6,0.8587301587301588,0,-qDkUB0GgYY
-ri04Z7vwnc$_$0,0.0,-ri04Z7vwnc$_$5,0.15416666666666667,0.15416666666666667,-ri04Z7vwnc$_$0,0.0,0,-ri04Z7vwnc
-ri04Z7vwnc$_$2,0.05625000000000002,-ri04Z7vwnc$_$5,0.20892857142857146,0.15267857142857144,-ri04Z7vwnc$_$5,0.20892857142857146,1,-ri04Z7vwnc
-ri04Z7vwnc$_$5,0.12291666666666669,-ri04Z7vwnc$_$5,0.12291666666666669,0.0,-ri04Z7vwnc$_$2,0.10526315789473684,0,-ri04Z7vwnc
-s9qJ7ATP7w$_$0,1.0,-s9qJ7ATP7w$_$0,1.0,0.0,-s9qJ7ATP7w$_$0,1.0,0,-s9qJ7ATP7w
-s9qJ7ATP7w$_$1,0.7715173025732032,-s9qJ7ATP7w$_$1,0.7715173025732032,0.0,-s9qJ7ATP7w$_$1,0.7715173025732032,0,-s9qJ7ATP7w
-s9qJ7ATP7w$_$4,0.7797805642633229,-s9qJ7ATP7w$_$4,0.7797805642633229,0.0,-s9qJ7ATP7w$_$4,0.7797805642633229,0,-s9qJ7ATP7w
-s9qJ7ATP7w$_$5,1.0,-s9qJ7ATP7w$_$5,1.0,0.0,-s9qJ7ATP7w$_$5,1.0,0,-s9qJ7ATP7w
-s9qJ7ATP7w$_$6,0.803030303030303,-s9qJ7ATP7w$_$6,0.803030303030303,0.0,-s9qJ7ATP7w$_$6,0.803030303030303,0,-s9qJ7ATP7w
-s9qJ7ATP7w$_$7,1.0,-s9qJ7ATP7w$_$7,1.0,0.0,-s9qJ7ATP7w$_$7,1.0,0,-s9qJ7ATP7w
-s9qJ7ATP7w$_$8,0.7810304449648712,-s9qJ7ATP7w$_$8,0.7810304449648712,0.0,-s9qJ7ATP7w$_$8,0.7810304449648712,0,-s9qJ7ATP7w
-t217m2on-s$_$2,1.0,-t217m2on-s$_$2,1.0,0.0,-t217m2on-s$_$2,1.0,0,-t217m2on-s
-t217m2on-s$_$7,1.0,-t217m2on-s$_$7,1.0,0.0,-t217m2on-s$_$7,1.0,0,-t217m2on-s
-tANM6ETl_M$_$3,0.9773830820342448,-tANM6ETl_M$_$3,0.9773830820342448,0.0,-tANM6ETl_M$_$3,0.9773830820342448,0,-tANM6ETl_M
-tPCytz4rww$_$10,0.6916329284750338,-tPCytz4rww$_$10,0.6916329284750338,0.0,-tPCytz4rww$_$10,0.6916329284750338,0,-tPCytz4rww
-tPCytz4rww$_$11,0.651642475171887,-tPCytz4rww$_$11,0.651642475171887,0.0,-tPCytz4rww$_$11,0.651642475171887,0,-tPCytz4rww
-tPCytz4rww$_$12,0.7204241839966947,-tPCytz4rww$_$12,0.7204241839966947,0.0,-tPCytz4rww$_$12,0.7204241839966947,0,-tPCytz4rww
-tPCytz4rww$_$16,0.8202898550724638,-tPCytz4rww$_$16,0.8202898550724638,0.0,-tPCytz4rww$_$16,0.8202898550724638,0,-tPCytz4rww
-tPCytz4rww$_$18,0.8441971383147853,-tPCytz4rww$_$18,0.8441971383147853,0.0,-tPCytz4rww$_$18,0.8441971383147853,0,-tPCytz4rww
-uywlfIYOS8$_$4,0.8064432989690722,-uywlfIYOS8$_$4,0.8064432989690722,0.0,-uywlfIYOS8$_$4,0.8064432989690722,0,-uywlfIYOS8
-vxjVxOeScU$_$4,0.347949080622348,-vxjVxOeScU$_$4,0.347949080622348,0.0,-vxjVxOeScU$_$4,0.347949080622348,0,-vxjVxOeScU
-wMB_hJL-3o$_$7,1.0,-wMB_hJL-3o$_$7,1.0,0.0,-wMB_hJL-3o$_$7,1.0,0,-wMB_hJL-3o
-wny0OAz3g8$_$0,0.9099415204678363,-wny0OAz3g8$_$0,0.9099415204678363,0.0,-wny0OAz3g8$_$0,0.9099415204678363,0,-wny0OAz3g8
-wny0OAz3g8$_$1,0.8841463414634146,-wny0OAz3g8$_$1,0.8841463414634146,0.0,-wny0OAz3g8$_$1,0.8841463414634146,0,-wny0OAz3g8
-wny0OAz3g8$_$2,0.9636208206686929,-wny0OAz3g8$_$2,0.9636208206686929,0.0,-wny0OAz3g8$_$2,0.9636208206686929,0,-wny0OAz3g8
-wny0OAz3g8$_$3,0.9500690289921767,-wny0OAz3g8$_$3,0.9500690289921767,0.0,-wny0OAz3g8$_$3,0.9500690289921767,0,-wny0OAz3g8
-wny0OAz3g8$_$5,0.9586527293844367,-wny0OAz3g8$_$5,0.9586527293844367,0.0,-wny0OAz3g8$_$5,0.9586527293844367,0,-wny0OAz3g8
-wny0OAz3g8$_$7,0.9789124668435014,-wny0OAz3g8$_$7,0.9789124668435014,0.0,-wny0OAz3g8$_$7,0.9789124668435014,0,-wny0OAz3g8
-wny0OAz3g8$_$9,1.0,-wny0OAz3g8$_$9,1.0,0.0,-wny0OAz3g8$_$9,1.0,0,-wny0OAz3g8
-yRb-Jum7EQ$_$1,0.6341431894546394,-yRb-Jum7EQ$_$1,0.6341431894546394,0.0,-yRb-Jum7EQ$_$1,0.6341431894546394,0,-yRb-Jum7EQ
-yRb-Jum7EQ$_$5,0.48112109994711794,-yRb-Jum7EQ$_$5,0.48112109994711794,0.0,-yRb-Jum7EQ$_$5,0.48112109994711794,0,-yRb-Jum7EQ
-yRb-Jum7EQ$_$6,0.9331436699857754,-yRb-Jum7EQ$_$6,0.9331436699857754,0.0,-yRb-Jum7EQ$_$6,0.9331436699857754,0,-yRb-Jum7EQ
