sample_id,sample_index,modality,Formal,Stage 2,Stage 3,change_pp,stage3_increment_pp
-3g5yACwYnA$_$13,0,A,1.0,1.0,1.0,0.0,0.0
-3g5yACwYnA$_$13,0,T,0.68,0.68,0.68,0.0,0.0
-3g5yACwYnA$_$13,0,V,1.0,1.0,1.0,0.0,0.0
-3g5yACwYnA$_$2,1,A,1.0,1.0,1.0,0.0,0.0
-3g5yACwYnA$_$2,1,T,0.54,0.54,0.54,0.0,0.0
-3g5yACwYnA$_$2,1,V,1.0,1.0,1.0,0.0,0.0
-3g5yACwYnA$_$3,2,A,1.0,1.0,1.0,0.0,0.0
-3g5yACwYnA$_$3,2,T,0.8,0.8,0.8,0.0,0.0
-3g5yACwYnA$_$3,2,V,1.0,1.0,1.0,0.0,0.0
-3g5yACwYnA$_$9,3,A,1.0,1.0,1.0,0.0,0.0
-3g5yACwYnA$_$9,3,T,0.86,0.86,0.86,0.0,0.0
-3g5yACwYnA$_$9,3,V,1.0,1.0,1.0,0.0,0.0
-3nNcZdcdvU$_$5,4,A,1.0,1.0,1.0,0.0,0.0
-3nNcZdcdvU$_$5,4,T,0.88,0.88,0.88,0.0,0.0
-3nNcZdcdvU$_$5,4,V,1.0,1.0,1.0,0.0,0.0
-571d8cVauQ$_$0,5,A,0.98,0.98,0.98,0.0,0.0
-571d8cVauQ$_$0,5,T,0.7,0.7,0.7,0.0,0.0
-571d8cVauQ$_$0,5,V,0.96,0.96,0.96,0.0,0.0
-571d8cVauQ$_$5,6,A,1.0,1.0,1.0,0.0,0.0
-571d8cVauQ$_$5,6,T,0.92,0.92,0.92,0.0,0.0
-571d8cVauQ$_$5,6,V,1.0,1.0,1.0,0.0,0.0
-6rXp3zJ3kc$_$8,7,A,1.0,1.0,1.0,0.0,0.0
-6rXp3zJ3kc$_$8,7,T,0.9,0.9,0.9,0.0,0.0
-6rXp3zJ3kc$_$8,7,V,1.0,1.0,1.0,0.0,0.0
-9y-fZ3swSY$_$0,8,A,0.98,0.98,0.98,0.0,0.0
-9y-fZ3swSY$_$0,8,T,0.9,0.9,0.9,0.0,0.0
-9y-fZ3swSY$_$0,8,V,1.0,1.0,1.0,0.0,0.0
-9y-fZ3swSY$_$4,9,A,0.96,0.96,0.96,0.0,0.0
-9y-fZ3swSY$_$4,9,T,0.82,0.82,0.82,0.0,0.0
-9y-fZ3swSY$_$4,9,V,0.96,0.96,0.96,0.0,0.0
-9y-fZ3swSY$_$8,10,A,1.0,1.0,1.0,0.0,0.0
-9y-fZ3swSY$_$8,10,T,0.82,0.82,0.82,0.0,0.0
-9y-fZ3swSY$_$8,10,V,0.0,0.0,0.0,0.0,0.0
-AUZQgSxyPQ$_$2,11,A,1.0,0.94,0.94,-6.000000000000005,0.0
-AUZQgSxyPQ$_$2,11,T,0.98,0.98,0.98,0.0,0.0
-AUZQgSxyPQ$_$2,11,V,1.0,1.0,1.0,0.0,0.0
-HeZS2-Prhc$_$2,12,A,1.0,0.68,0.68,-31.999999999999996,0.0
-HeZS2-Prhc$_$2,12,T,0.76,0.76,0.76,0.0,0.0
-HeZS2-Prhc$_$2,12,V,1.0,1.0,1.0,0.0,0.0
-HwX2H8Z4hY$_$2,13,A,1.0,0.0,0.0,-100.0,0.0
-HwX2H8Z4hY$_$2,13,T,0.0,0.0,0.0,0.0,0.0
-HwX2H8Z4hY$_$2,13,V,0.0,0.0,0.0,0.0,0.0
-HwX2H8Z4hY$_$5,14,A,1.0,1.0,1.0,0.0,0.0
-HwX2H8Z4hY$_$5,14,T,0.82,0.82,0.82,0.0,0.0
-HwX2H8Z4hY$_$5,14,V,0.0,0.0,0.0,0.0,0.0
-HwX2H8Z4hY$_$6,15,A,0.98,0.98,0.98,0.0,0.0
-HwX2H8Z4hY$_$6,15,T,0.68,0.68,0.68,0.0,0.0
-HwX2H8Z4hY$_$6,15,V,0.0,0.0,0.0,0.0,0.0
-HwX2H8Z4hY$_$9,16,A,1.0,1.0,1.0,0.0,0.0
-HwX2H8Z4hY$_$9,16,T,0.0,0.0,0.0,0.0,0.0
-HwX2H8Z4hY$_$9,16,V,0.0,0.2,0.54,54.0,34.0
-I_e4mIh0yE$_$1,17,A,0.98,0.98,0.98,0.0,0.0
-I_e4mIh0yE$_$1,17,T,0.8,0.8,0.8,0.0,0.0
-I_e4mIh0yE$_$1,17,V,1.0,1.0,1.0,0.0,0.0
-I_e4mIh0yE$_$3,18,A,1.0,0.82,0.82,-18.000000000000004,0.0
-I_e4mIh0yE$_$3,18,T,0.68,0.68,0.68,0.0,0.0
-I_e4mIh0yE$_$3,18,V,1.0,1.0,1.0,0.0,0.0
-MeTTeMJBNc$_$0,19,A,1.0,1.0,1.0,0.0,0.0
-MeTTeMJBNc$_$0,19,T,0.86,0.86,0.86,0.0,0.0
-MeTTeMJBNc$_$0,19,V,0.0,0.16,0.98,98.0,82.0
-MeTTeMJBNc$_$13,20,A,0.98,0.98,0.98,0.0,0.0
-MeTTeMJBNc$_$13,20,T,0.72,0.72,0.72,0.0,0.0
-MeTTeMJBNc$_$13,20,V,0.98,0.98,0.98,0.0,0.0
-MeTTeMJBNc$_$7,21,A,1.0,1.0,1.0,0.0,0.0
-MeTTeMJBNc$_$7,21,T,0.88,0.88,0.88,0.0,0.0
-MeTTeMJBNc$_$7,21,V,0.0,0.0,0.0,0.0,0.0
-NFrJFQijFE$_$1,22,A,1.0,0.0,0.0,-100.0,0.0
-NFrJFQijFE$_$1,22,T,0.0,0.0,0.0,0.0,0.0
-NFrJFQijFE$_$1,22,V,0.0,0.0,0.0,0.0,0.0
-NFrJFQijFE$_$2,23,A,0.98,0.0,0.0,-98.0,0.0
-NFrJFQijFE$_$2,23,T,0.0,0.0,0.0,0.0,0.0
-NFrJFQijFE$_$2,23,V,0.0,0.0,0.0,0.0,0.0
-RfYyzHpjk4$_$11,24,A,0.98,0.98,0.98,0.0,0.0
-RfYyzHpjk4$_$11,24,T,0.74,0.74,0.74,0.0,0.0
-RfYyzHpjk4$_$11,24,V,0.94,0.94,0.94,0.0,0.0
-RfYyzHpjk4$_$2,25,A,1.0,1.0,1.0,0.0,0.0
-RfYyzHpjk4$_$2,25,T,0.84,0.84,0.84,0.0,0.0
-RfYyzHpjk4$_$2,25,V,0.0,0.28,1.0,100.0,72.0
-RfYyzHpjk4$_$8,26,A,1.0,1.0,1.0,0.0,0.0
-RfYyzHpjk4$_$8,26,T,0.82,0.82,0.82,0.0,0.0
-RfYyzHpjk4$_$8,26,V,0.96,0.96,0.96,0.0,0.0
-THoVjtIkeU$_$12,27,A,1.0,1.0,1.0,0.0,0.0
-THoVjtIkeU$_$12,27,T,0.82,0.82,0.82,0.0,0.0
-THoVjtIkeU$_$12,27,V,1.0,1.0,1.0,0.0,0.0
-THoVjtIkeU$_$2,28,A,1.0,1.0,1.0,0.0,0.0
-THoVjtIkeU$_$2,28,T,0.72,0.72,0.72,0.0,0.0
-THoVjtIkeU$_$2,28,V,1.0,1.0,1.0,0.0,0.0
-THoVjtIkeU$_$6,29,A,1.0,1.0,1.0,0.0,0.0
-THoVjtIkeU$_$6,29,T,0.88,0.88,0.88,0.0,0.0
-THoVjtIkeU$_$6,29,V,0.0,0.8,0.8,80.0,0.0
-UUCSKoHeMA$_$0,30,A,1.0,1.0,1.0,0.0,0.0
-UUCSKoHeMA$_$0,30,T,0.78,0.78,0.78,0.0,0.0
-UUCSKoHeMA$_$0,30,V,0.98,0.98,0.98,0.0,0.0
-UacrmKiTn4$_$10,31,A,1.0,1.0,1.0,0.0,0.0
-UacrmKiTn4$_$10,31,T,0.78,0.78,0.78,0.0,0.0
-UacrmKiTn4$_$10,31,V,1.0,1.0,1.0,0.0,0.0
-UacrmKiTn4$_$4,32,A,1.0,1.0,1.0,0.0,0.0
-UacrmKiTn4$_$4,32,T,0.8,0.8,0.8,0.0,0.0
-UacrmKiTn4$_$4,32,V,1.0,1.0,1.0,0.0,0.0
-UuX1xuaiiE$_$0,33,A,0.98,0.98,0.98,0.0,0.0
-UuX1xuaiiE$_$0,33,T,0.68,0.68,0.68,0.0,0.0
-UuX1xuaiiE$_$0,33,V,0.0,0.0,0.0,0.0,0.0
-UuX1xuaiiE$_$1,34,A,1.0,1.0,1.0,0.0,0.0
-UuX1xuaiiE$_$1,34,T,0.76,0.76,0.76,0.0,0.0
-UuX1xuaiiE$_$1,34,V,0.0,0.0,0.0,0.0,0.0
-UuX1xuaiiE$_$3,35,A,1.0,1.0,1.0,0.0,0.0
-UuX1xuaiiE$_$3,35,T,0.72,0.72,0.72,0.0,0.0
-UuX1xuaiiE$_$3,35,V,0.0,0.14,0.88,88.0,74.0
-UuX1xuaiiE$_$6,36,A,1.0,1.0,1.0,0.0,0.0
-UuX1xuaiiE$_$6,36,T,0.8,0.8,0.8,0.0,0.0
-UuX1xuaiiE$_$6,36,V,0.0,0.34,1.0,100.0,65.99999999999999
-a55Q6RWvTA$_$3,37,A,1.0,1.0,1.0,0.0,0.0
-a55Q6RWvTA$_$3,37,T,0.96,0.96,0.96,0.0,0.0
-a55Q6RWvTA$_$3,37,V,1.0,1.0,1.0,0.0,0.0
-aNfi7CP8vM$_$7,38,A,1.0,1.0,1.0,0.0,0.0
-aNfi7CP8vM$_$7,38,T,0.74,0.74,0.74,0.0,0.0
-aNfi7CP8vM$_$7,38,V,1.0,1.0,1.0,0.0,0.0
-aqamKhZ1Ec$_$0,39,A,1.0,0.86,0.86,-14.000000000000002,0.0
-aqamKhZ1Ec$_$0,39,T,0.0,0.0,0.0,0.0,0.0
-aqamKhZ1Ec$_$0,39,V,1.0,1.0,1.0,0.0,0.0
-dxfTGcXJoc$_$0,40,A,1.0,1.0,1.0,0.0,0.0
-dxfTGcXJoc$_$0,40,T,0.96,0.96,0.96,0.0,0.0
-dxfTGcXJoc$_$0,40,V,0.8,0.8,0.8,0.0,0.0
-dxfTGcXJoc$_$1,41,A,1.0,1.0,1.0,0.0,0.0
-dxfTGcXJoc$_$1,41,T,0.94,0.94,0.94,0.0,0.0
-dxfTGcXJoc$_$1,41,V,0.0,0.98,1.0,100.0,2.0000000000000018
-dxfTGcXJoc$_$2,42,A,1.0,1.0,1.0,0.0,0.0
-dxfTGcXJoc$_$2,42,T,0.96,0.96,0.96,0.0,0.0
-dxfTGcXJoc$_$2,42,V,1.0,1.0,1.0,0.0,0.0
-dxfTGcXJoc$_$6,43,A,1.0,1.0,1.0,0.0,0.0
-dxfTGcXJoc$_$6,43,T,0.94,0.94,0.94,0.0,0.0
-dxfTGcXJoc$_$6,43,V,0.0,0.94,1.0,100.0,6.000000000000005
-egA8-b7-3M$_$1,44,A,1.0,1.0,1.0,0.0,0.0
-egA8-b7-3M$_$1,44,T,0.86,0.86,0.86,0.0,0.0
-egA8-b7-3M$_$1,44,V,1.0,1.0,1.0,0.0,0.0
-egA8-b7-3M$_$13,45,A,0.98,0.98,0.98,0.0,0.0
-egA8-b7-3M$_$13,45,T,0.7,0.7,0.7,0.0,0.0
-egA8-b7-3M$_$13,45,V,1.0,1.0,1.0,0.0,0.0
-egA8-b7-3M$_$16,46,A,1.0,1.0,1.0,0.0,0.0
-egA8-b7-3M$_$16,46,T,0.84,0.84,0.84,0.0,0.0
-egA8-b7-3M$_$16,46,V,1.0,1.0,1.0,0.0,0.0
-egA8-b7-3M$_$17,47,A,0.98,0.68,0.68,-29.999999999999993,0.0
-egA8-b7-3M$_$17,47,T,0.7,0.7,0.7,0.0,0.0
-egA8-b7-3M$_$17,47,V,1.0,1.0,1.0,0.0,0.0
-egA8-b7-3M$_$18,48,A,1.0,1.0,1.0,0.0,0.0
-egA8-b7-3M$_$18,48,T,0.9,0.9,0.9,0.0,0.0
-egA8-b7-3M$_$18,48,V,1.0,1.0,1.0,0.0,0.0
-egA8-b7-3M$_$20,49,A,0.98,0.98,0.98,0.0,0.0
-egA8-b7-3M$_$20,49,T,0.84,0.84,0.84,0.0,0.0
-egA8-b7-3M$_$20,49,V,1.0,1.0,1.0,0.0,0.0
-egA8-b7-3M$_$26,50,A,1.0,1.0,1.0,0.0,0.0
-egA8-b7-3M$_$26,50,T,0.84,0.84,0.84,0.0,0.0
-egA8-b7-3M$_$26,50,V,0.96,0.96,0.96,0.0,0.0
-egA8-b7-3M$_$6,51,A,1.0,1.0,1.0,0.0,0.0
-egA8-b7-3M$_$6,51,T,0.78,0.78,0.78,0.0,0.0
-egA8-b7-3M$_$6,51,V,1.0,1.0,1.0,0.0,0.0
-egA8-b7-3M$_$9,52,A,0.98,0.98,0.98,0.0,0.0
-egA8-b7-3M$_$9,52,T,0.78,0.78,0.78,0.0,0.0
-egA8-b7-3M$_$9,52,V,1.0,1.0,1.0,0.0,0.0
-hnBHBN8p5A$_$6,53,A,1.0,0.0,0.0,-100.0,0.0
-hnBHBN8p5A$_$6,53,T,0.0,0.0,0.0,0.0,0.0
-hnBHBN8p5A$_$6,53,V,0.0,0.0,0.0,0.0,0.0
-hnBHBN8p5A$_$7,54,A,1.0,0.0,0.0,-100.0,0.0
-hnBHBN8p5A$_$7,54,T,0.0,0.0,0.0,0.0,0.0
-hnBHBN8p5A$_$7,54,V,0.0,0.0,0.0,0.0,0.0
-iRBcNs9oI8$_$3,55,A,1.0,0.0,0.0,-100.0,0.0
-iRBcNs9oI8$_$3,55,T,0.0,0.0,0.0,0.0,0.0
-iRBcNs9oI8$_$3,55,V,0.98,0.98,0.98,0.0,0.0
-iRBcNs9oI8$_$6,56,A,1.0,0.0,0.0,-100.0,0.0
-iRBcNs9oI8$_$6,56,T,0.0,0.0,0.0,0.0,0.0
-iRBcNs9oI8$_$6,56,V,1.0,1.0,1.0,0.0,0.0
-iRBcNs9oI8$_$7,57,A,1.0,0.0,0.0,-100.0,0.0
-iRBcNs9oI8$_$7,57,T,0.0,0.0,0.0,0.0,0.0
-iRBcNs9oI8$_$7,57,V,1.0,1.0,1.0,0.0,0.0
-iRBcNs9oI8$_$8,58,A,1.0,0.0,0.0,-100.0,0.0
-iRBcNs9oI8$_$8,58,T,0.0,0.0,0.0,0.0,0.0
-iRBcNs9oI8$_$8,58,V,0.98,0.98,0.98,0.0,0.0
-iRBcNs9oI8$_$9,59,A,1.0,0.0,0.0,-100.0,0.0
-iRBcNs9oI8$_$9,59,T,0.0,0.0,0.0,0.0,0.0
-iRBcNs9oI8$_$9,59,V,0.0,0.0,0.0,0.0,0.0
-lzEya4AM_4$_$5,60,A,1.0,1.0,1.0,0.0,0.0
-lzEya4AM_4$_$5,60,T,0.82,0.82,0.82,0.0,0.0
-lzEya4AM_4$_$5,60,V,1.0,1.0,1.0,0.0,0.0
-lzEya4AM_4$_$6,61,A,1.0,1.0,1.0,0.0,0.0
-lzEya4AM_4$_$6,61,T,0.96,0.96,0.96,0.0,0.0
-lzEya4AM_4$_$6,61,V,0.0,0.64,0.94,94.0,29.999999999999993
-mJ2ud6oKI8$_$1,62,A,1.0,0.0,0.0,-100.0,0.0
-mJ2ud6oKI8$_$1,62,T,0.0,0.0,0.0,0.0,0.0
-mJ2ud6oKI8$_$1,62,V,0.0,0.0,0.0,0.0,0.0
-mJ2ud6oKI8$_$2,63,A,1.0,0.0,0.0,-100.0,0.0
-mJ2ud6oKI8$_$2,63,T,0.0,0.0,0.0,0.0,0.0
-mJ2ud6oKI8$_$2,63,V,0.0,0.0,0.0,0.0,0.0
-mJ2ud6oKI8$_$6,64,A,1.0,0.0,0.0,-100.0,0.0
-mJ2ud6oKI8$_$6,64,T,0.0,0.0,0.0,0.0,0.0
-mJ2ud6oKI8$_$6,64,V,1.0,1.0,1.0,0.0,0.0
-mJ2ud6oKI8$_$8,65,A,1.0,0.0,0.0,-100.0,0.0
-mJ2ud6oKI8$_$8,65,T,0.0,0.0,0.0,0.0,0.0
-mJ2ud6oKI8$_$8,65,V,1.0,1.0,1.0,0.0,0.0
-mJ2ud6oKI8$_$9,66,A,1.0,0.0,0.0,-100.0,0.0
-mJ2ud6oKI8$_$9,66,T,0.0,0.0,0.0,0.0,0.0
-mJ2ud6oKI8$_$9,66,V,0.0,0.0,0.0,0.0,0.0
-mqbVkbCndg$_$0,67,A,1.0,0.8,0.8,-19.999999999999996,0.0
-mqbVkbCndg$_$0,67,T,0.9,0.9,0.9,0.0,0.0
-mqbVkbCndg$_$0,67,V,1.0,1.0,1.0,0.0,0.0
-qDkUB0GgYY$_$6,68,A,1.0,1.0,1.0,0.0,0.0
-qDkUB0GgYY$_$6,68,T,0.78,0.78,0.78,0.0,0.0
-qDkUB0GgYY$_$6,68,V,1.0,1.0,1.0,0.0,0.0
-ri04Z7vwnc$_$0,69,A,1.0,0.0,0.0,-100.0,0.0
-ri04Z7vwnc$_$0,69,T,0.0,0.0,0.0,0.0,0.0
-ri04Z7vwnc$_$0,69,V,0.0,0.0,0.0,0.0,0.0
-ri04Z7vwnc$_$2,70,A,1.0,0.0,0.0,-100.0,0.0
-ri04Z7vwnc$_$2,70,T,0.0,0.0,0.0,0.0,0.0
-ri04Z7vwnc$_$2,70,V,0.34,0.34,0.34,0.0,0.0
-ri04Z7vwnc$_$5,71,A,1.0,0.0,0.0,-100.0,0.0
-ri04Z7vwnc$_$5,71,T,0.0,0.0,0.0,0.0,0.0
-ri04Z7vwnc$_$5,71,V,1.0,1.0,1.0,0.0,0.0
-s9qJ7ATP7w$_$0,72,A,0.98,0.98,0.98,0.0,0.0
-s9qJ7ATP7w$_$0,72,T,0.88,0.88,0.88,0.0,0.0
-s9qJ7ATP7w$_$0,72,V,0.0,0.0,0.0,0.0,0.0
-s9qJ7ATP7w$_$1,73,A,0.98,0.98,0.98,0.0,0.0
-s9qJ7ATP7w$_$1,73,T,0.68,0.68,0.68,0.0,0.0
-s9qJ7ATP7w$_$1,73,V,0.0,0.24,0.24,24.0,0.0
-s9qJ7ATP7w$_$4,74,A,0.98,0.98,0.98,0.0,0.0
-s9qJ7ATP7w$_$4,74,T,0.72,0.72,0.72,0.0,0.0
-s9qJ7ATP7w$_$4,74,V,0.0,0.08,0.32,32.0,24.0
-s9qJ7ATP7w$_$5,75,A,1.0,0.76,0.76,-24.0,0.0
-s9qJ7ATP7w$_$5,75,T,0.8,0.8,0.8,0.0,0.0
-s9qJ7ATP7w$_$5,75,V,1.0,1.0,1.0,0.0,0.0
-s9qJ7ATP7w$_$6,76,A,0.94,0.94,0.94,0.0,0.0
-s9qJ7ATP7w$_$6,76,T,0.58,0.58,0.58,0.0,0.0
-s9qJ7ATP7w$_$6,76,V,0.62,0.62,0.62,0.0,0.0
-s9qJ7ATP7w$_$7,77,A,1.0,1.0,1.0,0.0,0.0
-s9qJ7ATP7w$_$7,77,T,0.86,0.86,0.86,0.0,0.0
-s9qJ7ATP7w$_$7,77,V,0.0,0.0,0.0,0.0,0.0
-s9qJ7ATP7w$_$8,78,A,0.98,0.98,0.98,0.0,0.0
-s9qJ7ATP7w$_$8,78,T,0.7,0.7,0.7,0.0,0.0
-s9qJ7ATP7w$_$8,78,V,0.0,0.18,0.18,18.0,0.0
-t217m2on-s$_$2,79,A,1.0,1.0,1.0,0.0,0.0
-t217m2on-s$_$2,79,T,0.74,0.74,0.74,0.0,0.0
-t217m2on-s$_$2,79,V,1.0,1.0,1.0,0.0,0.0
-t217m2on-s$_$7,80,A,1.0,1.0,1.0,0.0,0.0
-t217m2on-s$_$7,80,T,0.92,0.92,0.92,0.0,0.0
-t217m2on-s$_$7,80,V,1.0,1.0,1.0,0.0,0.0
-tANM6ETl_M$_$3,81,A,1.0,1.0,1.0,0.0,0.0
-tANM6ETl_M$_$3,81,T,0.88,0.88,0.88,0.0,0.0
-tANM6ETl_M$_$3,81,V,0.0,0.78,0.96,96.0,17.999999999999993
-tPCytz4rww$_$10,82,A,1.0,1.0,1.0,0.0,0.0
-tPCytz4rww$_$10,82,T,0.8,0.8,0.8,0.0,0.0
-tPCytz4rww$_$10,82,V,1.0,1.0,1.0,0.0,0.0
-tPCytz4rww$_$11,83,A,1.0,1.0,1.0,0.0,0.0
-tPCytz4rww$_$11,83,T,0.82,0.82,0.82,0.0,0.0
-tPCytz4rww$_$11,83,V,1.0,1.0,1.0,0.0,0.0
-tPCytz4rww$_$12,84,A,1.0,1.0,1.0,0.0,0.0
-tPCytz4rww$_$12,84,T,0.86,0.86,0.86,0.0,0.0
-tPCytz4rww$_$12,84,V,1.0,1.0,1.0,0.0,0.0
-tPCytz4rww$_$16,85,A,1.0,1.0,1.0,0.0,0.0
-tPCytz4rww$_$16,85,T,0.72,0.72,0.72,0.0,0.0
-tPCytz4rww$_$16,85,V,1.0,1.0,1.0,0.0,0.0
-tPCytz4rww$_$18,86,A,1.0,1.0,1.0,0.0,0.0
-tPCytz4rww$_$18,86,T,0.86,0.86,0.86,0.0,0.0
-tPCytz4rww$_$18,86,V,1.0,1.0,1.0,0.0,0.0
-uywlfIYOS8$_$4,87,A,0.98,0.98,0.98,0.0,0.0
-uywlfIYOS8$_$4,87,T,0.78,0.78,0.78,0.0,0.0
-uywlfIYOS8$_$4,87,V,1.0,1.0,1.0,0.0,0.0
-vxjVxOeScU$_$4,88,A,1.0,0.0,0.0,-100.0,0.0
-vxjVxOeScU$_$4,88,T,0.84,0.84,0.84,0.0,0.0
-vxjVxOeScU$_$4,88,V,1.0,1.0,1.0,0.0,0.0
-wMB_hJL-3o$_$7,89,A,1.0,1.0,1.0,0.0,0.0
-wMB_hJL-3o$_$7,89,T,0.84,0.84,0.84,0.0,0.0
-wMB_hJL-3o$_$7,89,V,0.0,0.88,0.88,88.0,0.0
-wny0OAz3g8$_$0,90,A,1.0,1.0,1.0,0.0,0.0
-wny0OAz3g8$_$0,90,T,0.74,0.74,0.74,0.0,0.0
-wny0OAz3g8$_$0,90,V,0.0,0.82,0.98,98.0,16.000000000000004
-wny0OAz3g8$_$1,91,A,1.0,1.0,1.0,0.0,0.0
-wny0OAz3g8$_$1,91,T,0.88,0.88,0.88,0.0,0.0
-wny0OAz3g8$_$1,91,V,0.0,0.98,1.0,100.0,2.0000000000000018
-wny0OAz3g8$_$2,92,A,0.98,0.98,0.98,0.0,0.0
-wny0OAz3g8$_$2,92,T,0.88,0.88,0.88,0.0,0.0
-wny0OAz3g8$_$2,92,V,0.0,0.8,1.0,100.0,19.999999999999996
-wny0OAz3g8$_$3,93,A,1.0,1.0,1.0,0.0,0.0
-wny0OAz3g8$_$3,93,T,0.84,0.84,0.84,0.0,0.0
-wny0OAz3g8$_$3,93,V,0.0,0.64,0.98,98.0,34.0
-wny0OAz3g8$_$5,94,A,0.98,0.98,0.98,0.0,0.0
-wny0OAz3g8$_$5,94,T,0.86,0.86,0.86,0.0,0.0
-wny0OAz3g8$_$5,94,V,0.0,0.9,0.98,98.0,7.9999999999999964
-wny0OAz3g8$_$7,95,A,1.0,1.0,1.0,0.0,0.0
-wny0OAz3g8$_$7,95,T,0.88,0.88,0.88,0.0,0.0
-wny0OAz3g8$_$7,95,V,0.0,0.9,1.0,100.0,9.999999999999998
-wny0OAz3g8$_$9,96,A,0.98,0.98,0.98,0.0,0.0
-wny0OAz3g8$_$9,96,T,0.86,0.86,0.86,0.0,0.0
-wny0OAz3g8$_$9,96,V,0.0,0.82,0.92,92.0,10.000000000000009
-yRb-Jum7EQ$_$1,97,A,1.0,0.9,0.9,-9.999999999999998,0.0
-yRb-Jum7EQ$_$1,97,T,0.0,0.0,0.0,0.0,0.0
-yRb-Jum7EQ$_$1,97,V,0.0,0.0,0.0,0.0,0.0
-yRb-Jum7EQ$_$5,98,A,1.0,0.82,0.82,-18.000000000000004,0.0
-yRb-Jum7EQ$_$5,98,T,0.0,0.0,0.0,0.0,0.0
-yRb-Jum7EQ$_$5,98,V,0.0,0.14,1.0,100.0,86.0
-yRb-Jum7EQ$_$6,99,A,1.0,0.48,0.48,-52.0,0.0
-yRb-Jum7EQ$_$6,99,T,0.0,0.0,0.0,0.0,0.0
-yRb-Jum7EQ$_$6,99,V,1.0,1.0,1.0,0.0,0.0
