sample_id,true_class,pred_class,true_score,pred_score,residual,abs_error,class
-AUZQgSxyPQ$_$2,2,2,0.6666666865348816,1.5067696571350098,0.8401029706001282,0.8401029706001282,Pos
-HeZS2-Prhc$_$2,2,2,0.6666666865348816,0.5093315839767456,-0.157335102558136,0.157335102558136,Pos
-MeTTeMJBNc$_$0,2,2,0.3333333432674408,0.5600488781929016,0.22671553492546082,0.22671553492546082,Pos
-RfYyzHpjk4$_$2,2,2,0.3333333432674408,0.5267044305801392,0.19337108731269836,0.19337108731269836,Pos
-s9qJ7ATP7w$_$2,2,2,1.3333333730697632,1.5468990802764893,0.21356570720672607,0.21356570720672607,Pos
-s9qJ7ATP7w$_$5,0,0,-2.0,-0.2049918919801712,1.7950081080198288,1.7950081080198288,Neg
-s9qJ7ATP7w$_$6,1,0,0.0,-0.4122612476348877,-0.4122612476348877,0.4122612476348877,Neu
-yRb-Jum7EQ$_$1,1,0,0.0,-0.7920882701873779,-0.7920882701873779,0.7920882701873779,Neu
0K7dCp80n9c$_$6,1,0,0.0,-0.6809906959533691,-0.6809906959533691,0.6809906959533691,Neu
0YiAKqU36KE$_$1,2,2,1.3333333730697632,0.5459107756614685,-0.7874225974082947,0.7874225974082947,Pos
0YiAKqU36KE$_$0,0,0,-1.0,-0.3146350681781769,0.6853649318218231,0.6853649318218231,Neg
0bxhZ-LIfZY$_$4,0,0,-0.3333333432674408,0.0590012334287166,0.3923345766961574,0.3923345766961574,Neg
100178$_$15,1,0,0.0,-0.8908705711364746,-0.8908705711364746,0.8908705711364746,Neu
10219$_$10,2,0,2.0,-0.8156882524490356,-2.8156882524490356,2.8156882524490356,Pos
10219$_$1,1,1,0.0,0.0897178053855896,0.0897178053855896,0.0897178053855896,Neu
10219$_$5,2,2,1.6666666269302368,0.4887433648109436,-1.1779232621192932,1.1779232621192932,Pos
102213$_$2,2,2,1.3333333730697632,1.2946900129318235,-0.038643360137939675,0.038643360137939675,Pos
102213$_$5,0,0,-1.0,-1.5636370182037354,-0.5636370182037354,0.5636370182037354,Neg
102213$_$7,0,0,-1.0,-0.21979920566082,0.78020079433918,0.78020079433918,Neg
102389$_$5,0,0,-1.6666666269302368,-0.0825091451406478,1.584157481789589,1.584157481789589,Neg
104741$_$0,1,1,0.0,0.3729038536548614,0.3729038536548614,0.3729038536548614,Neu
104741$_$5,1,1,0.0,-0.1641373187303543,-0.1641373187303543,0.1641373187303543,Neu
107585$_$12,0,0,-2.0,-1.8339636325836184,0.16603636741638161,0.16603636741638161,Neg
107585$_$18,0,0,-2.0,-1.9638855457305908,0.03611445426940918,0.03611445426940918,Neg
107585$_$1,0,2,-0.6666666865348816,0.9660560488700868,1.6327227354049683,1.6327227354049683,Neg
108146$_$3,0,0,-1.6666666269302368,-1.1803580522537231,0.48630857467651367,0.48630857467651367,Neg
110565$_$1,0,2,-1.0,1.5648291110992432,2.564829111099243,2.564829111099243,Neg
110565$_$5,2,2,1.0,0.577427089214325,-0.42257291078567505,0.42257291078567505,Pos
111881$_$11,0,0,-1.0,-1.3135604858398438,-0.31356048583984375,0.31356048583984375,Neg
111881$_$10,0,2,-2.0,0.7853718996047974,2.7853718996047974,2.7853718996047974,Neg
111881$_$15,0,0,-2.0,-1.494276523590088,0.5057234764099121,0.5057234764099121,Neg
111881$_$4,0,0,-1.3333333730697632,0.1692974865436554,1.5026308596134186,1.5026308596134186,Neg
111881$_$7,0,2,-2.0,0.6150747537612915,2.6150747537612915,2.6150747537612915,Neg
111881$_$6,2,2,0.3333333432674408,0.6434692144393921,0.3101358711719513,0.3101358711719513,Pos
112425$_$10,2,2,2.3333332538604736,0.6215354204177856,-1.711797833442688,1.711797833442688,Pos
112425$_$1,2,2,0.6666666865348816,0.3146497011184692,-0.3520169854164124,0.3520169854164124,Pos
112425$_$7,2,2,1.3333333730697632,1.571692705154419,0.23835933208465576,0.23835933208465576,Pos
112509$_$4,0,0,-2.0,-1.3610371351242063,0.6389628648757937,0.6389628648757937,Neg
116213$_$3,0,1,-0.6666666865348816,0.1576631665229797,0.8243298530578613,0.8243298530578613,Neg
121400$_$0,1,2,0.0,0.8589681386947632,0.8589681386947632,0.8589681386947632,Neu
126872$_$11,0,0,-2.0,-0.8969984650611877,1.1030015349388123,1.1030015349388123,Neg
130366$_$11,0,0,-1.3333333730697632,-1.4143097400665283,-0.08097636699676514,0.08097636699676514,Neg
130366$_$2,2,1,0.3333333432674408,0.156852900981903,-0.1764804422855378,0.1764804422855378,Pos
130366$_$4,0,0,-0.3333333432674408,-0.0162144880741834,0.3171188551932574,0.3171188551932574,Neg
132028$_$7,2,2,0.3333333432674408,1.551039218902588,1.217705875635147,1.217705875635147,Pos
135623$_$5,0,0,-2.3333332538604736,-0.2918857932090759,2.0414474606513977,2.0414474606513977,Neg
135623$_$8,0,2,-1.3333333730697632,0.4581494927406311,1.7914828658103943,1.7914828658103943,Neg
136196$_$0,2,1,0.3333333432674408,0.1683273613452911,-0.16500598192214969,0.16500598192214969,Pos
136196$_$9,0,0,-2.0,-1.9166245460510252,0.08337545394897483,0.08337545394897483,Neg
136196$_$8,0,0,-1.6666666269302368,-1.293654441833496,0.3730121850967407,0.3730121850967407,Neg
167521$_$17,2,0,1.3333333730697632,-1.5096256732940674,-2.8429590463638306,2.8429590463638306,Pos
167521$_$16,2,2,2.0,1.1815400123596191,-0.8184599876403809,0.8184599876403809,Pos
167521$_$5,2,2,0.3333333432674408,0.98022723197937,0.6468938887119292,0.6468938887119292,Pos
190743$_$13,0,2,-2.0,0.2864734828472137,2.2864734828472137,2.2864734828472137,Neg
190743$_$17,0,0,-2.0,-0.6555843353271484,1.3444156646728516,1.3444156646728516,Neg
190743$_$5,0,0,-2.0,-1.730295181274414,0.26970481872558594,0.26970481872558594,Neg
194299$_$14,1,2,0.0,0.4553492069244385,0.4553492069244385,0.4553492069244385,Neu
194299$_$4,0,0,-1.0,-1.3415684700012207,-0.3415684700012207,0.3415684700012207,Neg
194299$_$9,1,1,0.0,0.2362463474273681,0.2362463474273681,0.2362463474273681,Neu
198112$_$12,2,2,2.0,1.5918729305267334,-0.4081270694732666,0.4081270694732666,Pos
198112$_$0,2,2,0.3333333432674408,0.3203244805335998,-0.013008862733840998,0.013008862733840998,Pos
198112$_$5,2,2,1.0,0.9464726448059082,-0.0535273551940918,0.0535273551940918,Pos
198112$_$9,2,0,2.3333332538604736,-1.3407807350158691,-3.6741139888763428,3.6741139888763428,Pos
198112$_$8,2,0,2.0,0.1896642446517944,-1.8103357553482056,1.8103357553482056,Pos
1HS2HcN2LDo$_$1,2,2,0.3333333432674408,1.440072536468506,1.1067391932010653,1.1067391932010653,Pos
1HS2HcN2LDo$_$9,2,2,1.3333333730697632,0.9070584774017334,-0.4262748956680298,0.4262748956680298,Pos
1S6ji_d4OLI$_$9,2,2,0.6666666865348816,0.4747126698493957,-0.1919540166854859,0.1919540166854859,Pos
1jogeKX0wGw$_$4,2,2,1.0,0.8018762469291687,-0.1981237530708313,0.1981237530708313,Pos
1pl2FVdQWj0$_$2,2,2,0.6666666865348816,0.1115229427814483,-0.5551437437534333,0.5551437437534333,Pos
200941$_$10,0,0,-1.0,-2.0614922046661377,-1.0614922046661377,1.0614922046661377,Neg
202826$_$10,0,0,-1.6666666269302368,-0.987375020980835,0.6792916059494019,0.6792916059494019,Neg
202826$_$7,2,2,1.0,0.1166930198669433,-0.8833069801330566,0.8833069801330566,Pos
206585$_$3,1,2,0.0,0.361419528722763,0.361419528722763,0.361419528722763,Neu
208322$_$12,0,2,-2.3333332538604736,1.0920188426971436,3.425352096557617,3.425352096557617,Neg
208592$_$2,1,1,0.0,-0.0698633566498756,-0.0698633566498756,0.0698633566498756,Neu
208592$_$9,0,0,-2.6666667461395264,-1.7075603008270264,0.9591064453125,0.9591064453125,Neg
209758$_$15,2,2,1.3333333730697632,0.5043498277664185,-0.8289835453033447,0.8289835453033447,Pos
209758$_$3,1,2,0.0,0.9426807165145874,0.9426807165145874,0.9426807165145874,Neu
209758$_$5,1,1,0.0,0.0245001837611198,0.0245001837611198,0.0245001837611198,Neu
20LfN8ENbhM$_$1,2,2,2.0,1.4873487949371338,-0.5126512050628662,0.5126512050628662,Pos
210259$_$11,0,0,-3.0,-1.9761865139007568,1.0238134860992432,1.0238134860992432,Neg
210259$_$16,0,0,-2.3333332538604736,-2.024454355239868,0.30887889862060547,0.30887889862060547,Neg
210259$_$0,1,2,0.0,0.6989493370056152,0.6989493370056152,0.6989493370056152,Neu
210259$_$8,0,0,-2.3333332538604736,-1.482346534729004,0.8509867191314697,0.8509867191314697,Neg
210433$_$0,1,1,0.0,0.4324257373809814,0.4324257373809814,0.4324257373809814,Neu
210433$_$7,0,0,-2.0,-1.7837823629379272,0.21621763706207275,0.21621763706207275,Neg
211875$_$4,0,2,-1.6666666269302368,1.6424860954284668,3.3091527223587036,3.3091527223587036,Neg
211875$_$8,0,0,-1.3333333730697632,-0.7253608107566833,0.6079725623130798,0.6079725623130798,Neg
213327$_$6,0,0,-2.3333332538604736,-1.030692219734192,1.3026410341262817,1.3026410341262817,Neg
213327$_$8,0,0,-2.0,-0.7841737270355225,1.2158262729644775,1.2158262729644775,Neg
215318$_$12,1,0,0.0,-0.4196029901504516,-0.4196029901504516,0.4196029901504516,Neu
221137$_$2,1,2,0.0,0.3443340361118316,0.3443340361118316,0.3443340361118316,Neu
221137$_$5,0,0,-2.0,-1.3435463905334473,0.6564536094665527,0.6564536094665527,Neg
221153$_$14,0,0,-1.6666666269302368,-1.756324291229248,-0.08965766429901123,0.08965766429901123,Neg
221153$_$16,0,0,-0.6666666865348816,-1.0222681760787964,-0.3556014895439148,0.3556014895439148,Neg
221153$_$6,1,1,0.0,-0.4622015953063965,-0.4622015953063965,0.4622015953063965,Neu
221153$_$20,2,1,0.3333333432674408,0.0969289988279342,-0.2364043444395066,0.2364043444395066,Pos
22373$_$10,0,0,-2.6666667461395264,-1.9880229234695437,0.6786438226699827,0.6786438226699827,Neg
22373$_$1,1,1,0.0,0.218819260597229,0.218819260597229,0.218819260597229,Neu
22373$_$2,0,2,-2.3333332538604736,0.6464864015579224,2.979819655418396,2.979819655418396,Neg
22373$_$7,1,0,0.0,-1.607913851737976,-1.607913851737976,1.607913851737976,Neu
224263$_$13,2,2,0.6666666865348816,1.91180157661438,1.2451348900794985,1.2451348900794985,Pos
224263$_$14,0,0,-2.3333332538604736,-0.9587107300758362,1.3746225237846375,1.3746225237846375,Neg
224263$_$3,0,0,-2.3333332538604736,-1.4890427589416504,0.8442904949188232,0.8442904949188232,Neg
224370$_$3,0,0,-2.0,-1.5545141696929932,0.44548583030700684,0.44548583030700684,Neg
224370$_$5,0,2,-2.6666667461395264,0.7594326138496399,3.4260993599891663,3.4260993599891663,Neg
224370$_$11,2,0,0.3333333432674408,-0.1899774074554443,-0.5233107507228851,0.5233107507228851,Pos
224370$_$15,0,0,-1.6666666269302368,-0.9658822417259216,0.7007843852043152,0.7007843852043152,Neg
224631$_$5,2,1,0.3333333432674408,0.1035102680325508,-0.22982307523488998,0.22982307523488998,Pos
226601$_$11,0,0,-1.3333333730697632,-2.015577793121338,-0.6822444200515747,0.6822444200515747,Neg
226601$_$18,0,0,-2.0,-1.3233294486999512,0.6766705513000488,0.6766705513000488,Neg
226601$_$0,2,1,0.3333333432674408,0.0808549374341964,-0.2524784058332444,0.2524784058332444,Pos
226640$_$9,1,2,0.0,0.0307381115853786,0.0307381115853786,0.0307381115853786,Neu
22689$_$1,0,0,-2.0,-0.6612330675125122,1.3387669324874878,1.3387669324874878,Neg
22689$_$0,1,1,0.0,0.1182973384857177,0.1182973384857177,0.1182973384857177,Neu
234046$_$1,1,1,0.0,0.3659751713275909,0.3659751713275909,0.3659751713275909,Neu
236442$_$3,0,0,-1.3333333730697632,-0.4726744890213012,0.8606588840484619,0.8606588840484619,Neg
23656$_$1,1,2,0.0,0.3723106980323791,0.3723106980323791,0.3723106980323791,Neu
23656$_$0,2,2,0.3333333432674408,0.4716996550559997,0.1383663117885589,0.1383663117885589,Pos
23656$_$2,2,2,1.0,0.6276182532310486,-0.3723817467689514,0.3723817467689514,Pos
23656$_$7,0,0,-2.0,-0.335871160030365,1.664128839969635,1.664128839969635,Neg
23656$_$9,0,0,-1.3333333730697632,-0.5702687501907349,0.7630646228790283,0.7630646228790283,Neg
23656$_$15,2,2,0.3333333432674408,0.7580382227897644,0.4247048795223236,0.4247048795223236,Pos
237363$_$10,1,1,0.0,-0.6316089034080505,-0.6316089034080505,0.6316089034080505,Neu
237363$_$4,1,2,0.0,0.3345654010772705,0.3345654010772705,0.3345654010772705,Neu
238063$_$15,0,0,-1.3333333730697632,-0.6977214813232422,0.635611891746521,0.635611891746521,Neg
238063$_$17,2,0,1.0,-0.6015974879264832,-1.6015974879264832,1.6015974879264832,Pos
238063$_$16,0,2,-1.0,1.301531195640564,2.301531195640564,2.301531195640564,Neg
238063$_$7,0,0,-0.3333333432674408,-0.1801566779613495,0.1531766653060913,0.1531766653060913,Neg
24196$_$0,2,1,0.3333333432674408,0.4119482040405273,0.07861486077308649,0.07861486077308649,Pos
24196$_$3,0,0,-0.3333333432674408,-1.5340642929077148,-1.200730949640274,1.200730949640274,Neg
243981$_$10,0,0,-2.3333332538604736,-1.0321831703186035,1.3011500835418701,1.3011500835418701,Neg
243981$_$1,1,0,0.0,-0.6518931984901428,-0.6518931984901428,0.6518931984901428,Neu
243981$_$4,0,0,-2.3333332538604736,-1.2525384426116943,1.0807948112487793,1.0807948112487793,Neg
243981$_$6,0,0,-2.0,-1.2833170890808103,0.7166829109191897,0.7166829109191897,Neg
24504$_$10,2,2,0.6666666865348816,0.395840585231781,-0.2708261013031006,0.2708261013031006,Pos
245582$_$11,0,0,-1.6666666269302368,-1.7176427841186523,-0.05097615718841553,0.05097615718841553,Neg
245582$_$13,2,1,0.3333333432674408,-0.2176132500171661,-0.5509465932846069,0.5509465932846069,Pos
245582$_$16,2,0,1.0,-1.8287948369979856,-2.828794836997986,2.828794836997986,Pos
245582$_$4,0,0,-1.3333333730697632,-0.2994179129600525,1.0339154601097107,1.0339154601097107,Neg
252097$_$12,0,0,-2.3333332538604736,-0.8093792200088501,1.5239540338516235,1.5239540338516235,Neg
252097$_$4,0,0,-1.3333333730697632,-0.7924879789352417,0.5408453941345215,0.5408453941345215,Neg
252912$_$13,0,0,-1.6666666269302368,-1.666769027709961,-0.0001024007797241211,0.0001024007797241211,Neg
257277$_$1,2,2,0.3333333432674408,0.5838572382926941,0.2505238950252533,0.2505238950252533,Pos
257277$_$3,2,2,1.0,0.688058614730835,-0.31194138526916504,0.31194138526916504,Pos
257277$_$5,0,0,-2.0,-1.4554249048233032,0.5445750951766968,0.5445750951766968,Neg
257534$_$4,1,1,0.0,-0.1540926545858383,-0.1540926545858383,0.1540926545858383,Neu
267466$_$24,2,0,0.6666666865348816,-1.3245645761489868,-1.9912312626838684,1.9912312626838684,Pos
267466$_$44,0,0,-2.6666667461395264,-1.1786504983901978,1.4880162477493286,1.4880162477493286,Neg
267466$_$42,0,0,-2.3333332538604736,0.1007909327745437,2.4341241866350174,2.4341241866350174,Neg
267466$_$9,0,1,-1.0,-0.3843822777271271,0.6156177222728729,0.6156177222728729,Neg
267466$_$13,1,1,0.0,-0.1558150351047516,-0.1558150351047516,0.1558150351047516,Neu
267466$_$38,1,0,0.0,-1.3431020975112915,-1.3431020975112915,1.3431020975112915,Neu
267466$_$35,0,0,-1.0,-0.3708963692188263,0.6291036307811737,0.6291036307811737,Neg
267466$_$34,0,0,-2.3333332538604736,-1.096094846725464,1.2372384071350095,1.2372384071350095,Neg
267694$_$14,0,0,-2.3333332538604736,-1.6933125257492063,0.6400207281112673,0.6400207281112673,Neg
267694$_$16,0,0,-1.0,-1.5263276100158691,-0.5263276100158691,0.5263276100158691,Neg
267694$_$3,0,1,-0.3333333432674408,-0.389591634273529,-0.0562582910060882,0.0562582910060882,Neg
267694$_$5,1,2,0.0,0.3871001005172729,0.3871001005172729,0.3871001005172729,Neu
267694$_$4,1,1,0.0,-0.4115272760391235,-0.4115272760391235,0.4115272760391235,Neu
267694$_$7,0,0,-2.0,-1.7298541069030762,0.27014589309692383,0.27014589309692383,Neg
267694$_$6,0,0,-1.6666666269302368,-1.650859236717224,0.015807390213012917,0.015807390213012917,Neg
273207$_$0,1,2,0.0,0.517720103263855,0.517720103263855,0.517720103263855,Neu
273207$_$5,2,2,0.3333333432674408,0.6142747402191162,0.2809413969516754,0.2809413969516754,Pos
273207$_$7,0,0,-0.3333333432674408,-1.3431352376937866,-1.0098018944263458,1.0098018944263458,Neg
273207$_$9,0,2,-0.3333333432674408,0.3131633698940277,0.6464967131614685,0.6464967131614685,Neg
273250$_$20,0,0,-0.3333333432674408,-1.0648034811019895,-0.7314701378345487,0.7314701378345487,Neg
273250$_$3,0,1,-0.6666666865348816,0.5145176649093628,1.1811843514442444,1.1811843514442444,Neg
273250$_$7,0,1,-0.3333333432674408,-0.0021873633377254,0.3311459799297154,0.3311459799297154,Neg
273250$_$11,0,1,-1.3333333730697632,-0.0029270714148879,1.3304063016548753,1.3304063016548753,Neg
273250$_$12,0,1,-2.6666667461395264,-0.3446523547172546,2.3220143914222717,2.3220143914222717,Neg
273250$_$16,0,1,-2.3333332538604736,0.0358666218817234,2.369199875742197,2.369199875742197,Neg
273250$_$19,1,0,0.0,-0.4184187650680542,-0.4184187650680542,0.4184187650680542,Neu
275267$_$5,1,1,0.0,-0.5927923917770386,-0.5927923917770386,0.5927923917770386,Neu
27v7Blr0vjw$_$0,0,1,-0.3333333432674408,-0.5264514684677124,-0.1931181252002716,0.1931181252002716,Neg
27v7Blr0vjw$_$3,1,2,0.0,0.2018983364105224,0.2018983364105224,0.2018983364105224,Neu
28006$_$22,0,0,-2.3333332538604736,-1.5061297416687012,0.8272035121917725,0.8272035121917725,Neg
28006$_$0,0,2,-2.6666667461395264,1.0508382320404053,3.7175049781799316,3.7175049781799316,Neg
28006$_$5,0,1,-1.6666666269302368,-0.0595952495932579,1.607071377336979,1.607071377336979,Neg
28006$_$7,0,0,-2.3333332538604736,-1.803238868713379,0.5300943851470947,0.5300943851470947,Neg
28006$_$13,0,0,-2.3333332538604736,-1.3821038007736206,0.951229453086853,0.951229453086853,Neg
28006$_$15,0,0,-1.6666666269302368,-0.7638600468635559,0.9028065800666809,0.9028065800666809,Neg
28006$_$17,0,0,-2.0,-0.9636218547821044,1.0363781452178955,1.0363781452178955,Neg
28006$_$16,0,0,-1.3333333730697632,-1.2969133853912354,0.03641998767852783,0.03641998767852783,Neg
286943$_$5,0,0,-1.3333333730697632,-0.9796949028968812,0.35363847017288197,0.35363847017288197,Neg
29751$_$10,1,0,0.0,-0.7395190596580505,-0.7395190596580505,0.7395190596580505,Neu
29751$_$1,1,1,0.0,0.3235027194023132,0.3235027194023132,0.3235027194023132,Neu
29751$_$9,1,0,0.0,-1.2269314527511597,-1.2269314527511597,1.2269314527511597,Neu
2BuFtglEcaY$_$11,2,2,2.3333332538604736,0.6741241216659546,-1.659209132194519,1.659209132194519,Pos
2BuFtglEcaY$_$6,2,2,1.0,0.8900994658470154,-0.10990053415298462,0.10990053415298462,Pos
2ItiGjefTRA$_$3,1,1,0.0,-0.0732505172491073,-0.0732505172491073,0.0732505172491073,Neu
2ItiGjefTRA$_$4,0,1,-0.6666666865348816,-0.0292261689901351,0.6374405175447465,0.6374405175447465,Neg
2W-U94hXuK0$_$3,0,0,-3.0,-1.1140954494476318,1.8859045505523682,1.8859045505523682,Neg
2W-U94hXuK0$_$4,0,0,-2.0,-0.8960536122322083,1.1039463877677917,1.1039463877677917,Neg
2fbBrB1nJEQ$_$0,2,2,2.0,0.7258526682853699,-1.2741473317146301,1.2741473317146301,Pos
2m58ShI1QSI$_$2,2,2,0.3333333432674408,0.8758937120437622,0.5425603687763214,0.5425603687763214,Pos
2vsgDSlJ9pU$_$0,1,2,0.0,0.4187026023864746,0.4187026023864746,0.4187026023864746,Neu
2vsgDSlJ9pU$_$13,2,2,0.6666666865348816,1.1408319473266602,0.47416526079177856,0.47416526079177856,Pos
2ze94yo2aPo$_$0,2,2,2.0,1.386657476425171,-0.6133425235748291,0.6133425235748291,Pos
2ze94yo2aPo$_$5,2,2,1.0,0.3112819194793701,-0.6887180805206299,0.6887180805206299,Pos
35694$_$10,1,0,0.0,-0.2327006459236145,-0.2327006459236145,0.2327006459236145,Neu
35694$_$17,0,0,-1.6666666269302368,-0.7021070718765259,0.9645595550537109,0.9645595550537109,Neg
3At-BKm9eYk$_$5,0,2,-0.3333333432674408,1.240243911743164,1.5735772550106049,1.5735772550106049,Neg
3HyAaqre_Fk$_$2,2,0,1.0,-0.1162905544042587,-1.1162905544042587,1.1162905544042587,Pos
3HyAaqre_Fk$_$6,2,2,1.3333333730697632,1.3862202167510986,0.05288684368133545,0.05288684368133545,Pos
3OYY5Tsz_2k$_$7,1,2,0.0,0.4129672050476074,0.4129672050476074,0.4129672050476074,Neu
3REPHw7oLWo$_$13,2,2,0.3333333432674408,0.6067643761634827,0.27343103289604187,0.27343103289604187,Pos
3wHE78v9zr4$_$24,2,2,1.3333333730697632,1.321346640586853,-0.011986732482910156,0.011986732482910156,Pos
3wHE78v9zr4$_$7,2,2,1.6666666269302368,0.8438392877578735,-0.8228273391723633,0.8228273391723633,Pos
3wHE78v9zr4$_$9,2,2,0.3333333432674408,0.9378775358200072,0.6045441925525664,0.6045441925525664,Pos
3wHE78v9zr4$_$12,2,2,1.0,0.258879005908966,-0.7411209940910339,0.7411209940910339,Pos
41381$_$7,1,1,0.0,0.0412326790392398,0.0412326790392398,0.0412326790392398,Neu
41381$_$8,2,0,1.0,-1.962862014770508,-2.962862014770508,2.962862014770508,Pos
424SXFTCFsA$_$3,2,2,1.3333333730697632,1.6023919582366943,0.26905858516693115,0.26905858516693115,Pos
424SXFTCFsA$_$2,2,2,1.3333333730697632,0.279948353767395,-1.0533850193023682,1.0533850193023682,Pos
424SXFTCFsA$_$4,2,2,2.0,1.033006191253662,-0.9669938087463379,0.9669938087463379,Pos
46495$_$9,0,0,-2.0,-1.6627124547958374,0.3372875452041626,0.3372875452041626,Neg
46615$_$1,0,0,-1.3333333730697632,-0.7492570281028748,0.5840763449668884,0.5840763449668884,Neg
4EDblUpJieU$_$7,2,2,1.3333333730697632,0.6960607767105103,-0.6372725963592529,0.6372725963592529,Pos
53609$_$10,0,0,-2.0,-1.5337398052215576,0.4662601947784424,0.4662601947784424,Neg
53609$_$13,0,0,-2.0,-1.9661346673965452,0.03386533260345481,0.03386533260345481,Neg
53609$_$3,1,0,0.0,-0.170625701546669,-0.170625701546669,0.170625701546669,Neu
53609$_$7,0,0,-1.6666666269302368,-1.827177047729492,-0.16051042079925515,0.16051042079925515,Neg
53766$_$4,2,2,2.3333332538604736,0.547322154045105,-1.7860110998153687,1.7860110998153687,Pos
53766$_$9,2,2,2.0,1.1177388429641724,-0.8822611570358276,0.8822611570358276,Pos
56989$_$12,0,0,-0.6666666865348816,-0.5631953477859497,0.10347133874893188,0.10347133874893188,Neg
56989$_$5,0,0,-2.3333332538604736,-1.8710260391235352,0.4623072147369385,0.4623072147369385,Neg
56989$_$9,2,2,1.0,0.3092969059944153,-0.6907030940055847,0.6907030940055847,Pos
59673$_$4,2,0,1.0,-0.9454845190048218,-1.9454845190048218,1.9454845190048218,Pos
59673$_$6,0,0,-0.3333333432674408,-1.1149494647979736,-0.7816161215305328,0.7816161215305328,Neg
5eY4S1F62Z4$_$13,2,0,0.3333333432674408,-0.8804101943969727,-1.2137435376644135,1.2137435376644135,Pos
5eY4S1F62Z4$_$17,2,2,0.3333333432674408,0.1018872857093811,-0.2314460575580597,0.2314460575580597,Pos
5fKPJPFqPho$_$2,2,2,0.6666666865348816,0.6945531368255615,0.02788645029067993,0.02788645029067993,Pos
5lrDS7LluCA$_$4,2,2,1.0,0.751367449760437,-0.248632550239563,0.248632550239563,Pos
5pxFqJ5hKMU$_$2,1,2,0.0,0.6361711025238037,0.6361711025238037,0.6361711025238037,Neu
5vwXp27bCLw$_$16,1,1,0.0,0.0604199431836605,0.0604199431836605,0.0604199431836605,Neu
5xa0Ac2krGs$_$2,0,2,-0.3333333432674408,0.5952340960502625,0.9285674393177032,0.9285674393177032,Neg
5xa0Ac2krGs$_$7,2,2,0.3333333432674408,0.1602949947118759,-0.1730383485555649,0.1730383485555649,Pos
61531$_$3,1,1,0.0,-0.15603968501091,-0.15603968501091,0.15603968501091,Neu
61531$_$9,2,1,2.0,0.7419988512992859,-1.2580011487007141,1.2580011487007141,Pos
63951$_$1,1,1,0.0,0.3131222128868103,0.3131222128868103,0.3131222128868103,Neu
67uKYi7mslE$_$3,2,2,0.6666666865348816,0.1839921474456787,-0.4826745390892029,0.4826745390892029,Pos
67uKYi7mslE$_$4,1,2,0.0,0.2013438940048217,0.2013438940048217,0.2013438940048217,Neu
69824$_$5,0,0,-2.6666667461395264,-1.4612305164337158,1.2054362297058105,1.2054362297058105,Neg
6EDoVEm16fU$_$13,2,2,1.3333333730697632,0.891822874546051,-0.44151049852371216,0.44151049852371216,Pos
6EDoVEm16fU$_$4,2,2,1.6666666269302368,1.4101665019989014,-0.25650012493133545,0.25650012493133545,Pos
6EDoVEm16fU$_$6,2,2,1.0,1.5967886447906494,0.5967886447906494,0.5967886447906494,Pos
6EJHA6IDLNk$_$3,2,2,0.6666666865348816,0.7555023431777954,0.08883565664291382,0.08883565664291382,Pos
6EJHA6IDLNk$_$4,1,2,0.0,0.3397603929042816,0.3397603929042816,0.3397603929042816,Neu
6RFVsOWK1m4$_$7,0,0,-0.6666666865348816,-0.5131374001502991,0.15352928638458252,0.15352928638458252,Neg
6RFVsOWK1m4$_$9,2,2,1.0,0.8289769887924194,-0.17102301120758057,0.17102301120758057,Pos
6brtMLkjjYk$_$0,2,2,2.0,0.4621571898460388,-1.5378428101539612,1.5378428101539612,Pos
6gtfeIqGasE$_$0,2,2,1.3333333730697632,0.5309738516807556,-0.8023595213890076,0.8023595213890076,Pos
6uoM8-9d0zA$_$4,2,2,0.6666666865348816,0.918257474899292,0.2515907883644104,0.2515907883644104,Pos
79356$_$7,2,0,2.6666667461395264,-0.4231448769569397,-3.089811623096466,3.089811623096466,Pos
79356$_$9,2,1,1.0,-0.1306889355182647,-1.1306889355182648,1.1306889355182648,Pos
7IxmlIwqigw$_$20,2,2,0.6666666865348816,0.2089490294456482,-0.4577176570892334,0.4577176570892334,Pos
7IxmlIwqigw$_$16,2,2,0.6666666865348816,0.4518959522247314,-0.2147707343101502,0.2147707343101502,Pos
7deoh0NoMs4$_$0,2,2,2.0,0.6767213344573975,-1.3232786655426025,1.3232786655426025,Pos
7f3ndBCx_JE$_$19,2,2,2.0,1.5398740768432615,-0.4601259231567385,0.4601259231567385,Pos
7mb8Y2AhXIY$_$6,2,2,2.0,1.425589680671692,-0.5744103193283081,0.5744103193283081,Pos
83400$_$5,1,0,0.0,-1.127687692642212,-1.127687692642212,1.127687692642212,Neu
86c2OkQ3_U8$_$22,2,2,2.0,1.0996471643447876,-0.9003528356552124,0.9003528356552124,Pos
86c2OkQ3_U8$_$3,2,2,0.6666666865348816,0.3576522469520569,-0.3090144395828247,0.3090144395828247,Pos
88791$_$15,2,1,0.3333333432674408,0.0097037740051746,-0.3236295692622662,0.3236295692622662,Pos
88791$_$1,0,1,-1.0,0.7398506999015808,1.7398506999015808,1.7398506999015808,Neg
88791$_$2,1,1,0.0,-0.3403190970420837,-0.3403190970420837,0.3403190970420837,Neu
8XZszYrUSCQ$_$0,2,2,1.0,1.3073619604110718,0.3073619604110718,0.3073619604110718,Pos
8i7u3fl-hP8$_$0,2,1,1.3333333730697632,0.2900877892971039,-1.0432455837726593,1.0432455837726593,Pos
8lfS97s2AKc$_$0,0,2,-1.3333333730697632,0.6953380703926086,2.028671443462372,2.028671443462372,Neg
8lfS97s2AKc$_$7,0,2,-1.0,0.9315147399902344,1.9315147399902344,1.9315147399902344,Neg
8wNr-NQImFg$_$8,2,2,0.3333333432674408,1.481065273284912,1.1477319300174713,1.1477319300174713,Pos
8wQhzezNcUY$_$1,2,2,2.0,1.729849100112915,-0.27015089988708496,0.27015089988708496,Pos
8wQhzezNcUY$_$2,2,2,1.0,1.2708475589752195,0.2708475589752195,0.2708475589752195,Pos
91844$_$10,0,1,-0.3333333432674408,0.0527863502502441,0.3861196935176849,0.3861196935176849,Neg
91844$_$5,2,0,3.0,-0.7172825336456299,-3.71728253364563,3.71728253364563,Pos
91844$_$7,2,0,0.6666666865348816,-0.1934170424938202,-0.8600837290287018,0.8600837290287018,Pos
91844$_$9,0,0,-0.3333333432674408,-0.936941623687744,-0.6036082804203032,0.6036082804203032,Neg
92291$_$1,2,1,1.3333333730697632,0.2487009018659591,-1.084632471203804,1.084632471203804,Pos
92291$_$2,1,2,0.0,0.5101354122161865,0.5101354122161865,0.5101354122161865,Neu
92291$_$5,0,0,-2.3333332538604736,-1.2217981815338137,1.11153507232666,1.11153507232666,Neg
92496$_$0,0,1,-2.6666667461395264,0.3863976001739502,3.0530643463134766,3.0530643463134766,Neg
93iGT5oueTA$_$12,0,0,-2.0,-1.600236177444458,0.399763822555542,0.399763822555542,Neg
93iGT5oueTA$_$4,2,2,1.3333333730697632,0.3140313029289245,-1.0193020701408386,1.0193020701408386,Pos
94481$_$2,2,1,0.6666666865348816,0.4029120504856109,-0.2637546360492707,0.2637546360492707,Pos
94481$_$4,2,2,2.6666667461395264,0.8529388904571533,-1.813727855682373,1.813727855682373,Pos
97ENTofrmNo$_$0,2,2,1.3333333730697632,0.7124413847923279,-0.6208919882774353,0.6208919882774353,Pos
9GzFQBljNIY$_$0,1,1,0.0,-0.0813256129622459,-0.0813256129622459,0.0813256129622459,Neu
9PzZSheh10U$_$24,2,2,2.3333332538604736,0.7282617092132568,-1.6050715446472168,1.6050715446472168,Pos
9PzZSheh10U$_$23,2,2,0.6666666865348816,0.6804443001747131,0.013777613639831543,0.013777613639831543,Pos
9PzZSheh10U$_$5,1,2,0.0,0.372881531715393,0.372881531715393,0.372881531715393,Neu
9PzZSheh10U$_$19,2,2,0.3333333432674408,0.1981253325939178,-0.135208010673523,0.135208010673523,Pos
9cYNT_YSo8o$_$2,0,0,-1.0,-0.4429287314414978,0.5570712685585022,0.5570712685585022,Neg
9orb0lQnVW4$_$0,1,1,0.0,-0.3051411807537079,-0.3051411807537079,0.3051411807537079,Neu
A1lFJXUpxZo$_$7,2,2,1.6666666269302368,1.672526478767395,0.005859851837158203,0.005859851837158203,Pos
AB1PbMaW03s$_$13,1,2,0.0,0.315056711435318,0.315056711435318,0.315056711435318,Neu
AB1PbMaW03s$_$3,2,2,0.3333333432674408,0.2015814781188964,-0.1317518651485444,0.1317518651485444,Pos
AB1PbMaW03s$_$8,1,1,0.0,-0.0957050919532775,-0.0957050919532775,0.0957050919532775,Neu
AHiA9hohKr8$_$0,1,2,0.0,0.2974087595939636,0.2974087595939636,0.2974087595939636,Neu
C5-cY1nPQ20$_$11,2,2,0.6666666865348816,0.8706903457641602,0.20402365922927856,0.20402365922927856,Pos
C5-cY1nPQ20$_$8,2,2,0.3333333432674408,1.0409873723983765,0.7076540291309357,0.7076540291309357,Pos
CKqDDh50gcU$_$14,2,2,1.3333333730697632,1.1005072593688965,-0.2328261137008667,0.2328261137008667,Pos
CKqDDh50gcU$_$6,2,2,1.6666666269302368,1.4115129709243774,-0.2551536560058594,0.2551536560058594,Pos
CO2YoTZbUr0$_$0,1,1,0.0,-0.0402121767401695,-0.0402121767401695,0.0402121767401695,Neu
CO6n-skQJss$_$0,1,2,0.0,0.8986444473266602,0.8986444473266602,0.8986444473266602,Neu
CO6n-skQJss$_$3,0,2,-1.3333333730697632,0.6984075903892517,2.031740963459015,2.031740963459015,Neg
CU6U-gS76K4$_$20,2,2,1.6666666269302368,0.5359761118888855,-1.1306905150413513,1.1306905150413513,Pos
CbRexsp1HKw$_$7,1,2,0.0,0.3603133857250213,0.3603133857250213,0.3603133857250213,Neu
ChhZna-aBK4$_$10,2,2,0.3333333432674408,1.0882389545440674,0.7549056112766266,0.7549056112766266,Pos
ChhZna-aBK4$_$16,1,2,0.0,0.3195925652980804,0.3195925652980804,0.3195925652980804,Neu
ChhZna-aBK4$_$8,2,2,0.6666666865348816,0.9815752506256104,0.31490856409072876,0.31490856409072876,Pos
DVAY-u_cJWU$_$5,2,2,1.0,1.6326731443405151,0.6326731443405151,0.6326731443405151,Pos
DjcZrtcBZi4$_$10,2,2,0.3333333432674408,0.4972710609436035,0.16393771767616272,0.16393771767616272,Pos
DjcZrtcBZi4$_$8,1,2,0.0,1.0737731456756592,1.0737731456756592,1.0737731456756592,Neu
DnBHq5I52LM$_$5,0,1,-1.3333333730697632,-0.1100535094738006,1.2232798635959625,1.2232798635959625,Neg
DtbT85s3i94$_$5,2,2,1.0,0.4270886182785034,-0.5729113817214966,0.5729113817214966,Pos
EMS14J0odIE$_$16,0,2,-0.3333333432674408,0.132890447974205,0.4662237912416458,0.4662237912416458,Neg
EO_5o9Gup6g$_$10,0,0,-0.6666666865348816,-0.598786473274231,0.06788021326065063,0.06788021326065063,Neg
EO_5o9Gup6g$_$4,0,2,-1.0,0.4143371880054474,1.4143371880054474,1.4143371880054474,Neg
EO_5o9Gup6g$_$6,0,0,-2.0,-0.4206789135932922,1.5793210864067078,1.5793210864067078,Neg
EyoMU2yoJPY$_$11,2,2,1.6666666269302368,1.3004789352416992,-0.3661876916885376,0.3661876916885376,Pos
EyoMU2yoJPY$_$7,0,0,-0.3333333432674408,-0.7358913421630859,-0.40255799889564514,0.40255799889564514,Neg
F2hc2FLOdhI$_$3,2,0,1.0,-0.7915461659431458,-1.7915461659431458,1.7915461659431458,Pos
F2hc2FLOdhI$_$5,2,2,1.0,0.049194298684597,-0.950805701315403,0.950805701315403,Pos
F8eQI8E-6q4$_$3,0,0,-0.6666666865348816,-0.8187384605407715,-0.1520717740058899,0.1520717740058899,Neg
FHDVQkU-nGI$_$7,2,2,2.0,1.8590962886810305,-0.1409037113189695,0.1409037113189695,Pos
F_YaG_pvZrA$_$11,1,2,0.0,0.7031741738319397,0.7031741738319397,0.7031741738319397,Neu
GAVpYuhMZAw$_$12,2,2,1.0,0.1779881715774536,-0.8220118284225464,0.8220118284225464,Pos
GAVpYuhMZAw$_$1,2,2,2.0,0.0264385417103767,-1.9735614582896233,1.9735614582896233,Pos
GAVpYuhMZAw$_$4,2,2,0.3333333432674408,0.3744657635688782,0.04113242030143738,0.04113242030143738,Pos
GAVpYuhMZAw$_$6,0,1,-0.3333333432674408,0.0949636772274971,0.4282970204949379,0.4282970204949379,Neg
GK-Pprzh0t0$_$1,0,0,-1.6666666269302368,-0.3986386656761169,1.2680279612541199,1.2680279612541199,Neg
GKsjv42t284$_$1,2,2,1.3333333730697632,0.5105831623077393,-0.8227502107620239,0.8227502107620239,Pos
GMa0cIAltnw$_$3,2,1,0.3333333432674408,0.0594926252961158,-0.273840717971325,0.273840717971325,Pos
GNP0PFas12Y$_$4,2,0,0.3333333432674408,0.1544826477766037,-0.1788506954908371,0.1788506954908371,Pos
HFPGeaEPy9o$_$0,0,0,-0.3333333432674408,-0.3830339312553406,-0.04970058798789978,0.04970058798789978,Neg
HJTxq72GuMs$_$14,2,0,0.6666666865348816,-0.3113413155078888,-0.9780080020427704,0.9780080020427704,Pos
HMRqR-P68Ws$_$0,2,1,1.0,-0.2926160395145416,-1.2926160395145416,1.2926160395145416,Pos
HR18U0yAlTc$_$10,1,2,0.0,1.1489737033843994,1.1489737033843994,1.1489737033843994,Neu
HR18U0yAlTc$_$4,0,2,-0.3333333432674408,0.4803145229816437,0.8136478662490845,0.8136478662490845,Neg
HR18U0yAlTc$_$9,0,1,-0.3333333432674408,0.5742380619049072,0.907571405172348,0.907571405172348,Neg
HbaycY0VuZk$_$0,2,2,1.3333333730697632,0.4377028942108154,-0.8956304788589478,0.8956304788589478,Pos
IHp8hd1jm6k$_$27,2,2,1.3333333730697632,0.8188068866729736,-0.5145264863967896,0.5145264863967896,Pos
IHp8hd1jm6k$_$0,2,2,1.6666666269302368,0.4046191573143005,-1.2620474696159363,1.2620474696159363,Pos
IHp8hd1jm6k$_$5,2,2,1.0,0.9342596530914308,-0.06574034690856922,0.06574034690856922,Pos
IHp8hd1jm6k$_$7,1,2,0.0,0.3840725719928741,0.3840725719928741,0.3840725719928741,Neu
IHp8hd1jm6k$_$15,2,2,1.3333333730697632,0.7313750386238098,-0.6019583344459534,0.6019583344459534,Pos
IIPYcCii7Sg$_$3,0,1,-0.3333333432674408,0.3547379374504089,0.6880712807178497,0.6880712807178497,Neg
IRSxo_XXArg$_$12,1,2,0.0,1.8820116519927976,1.8820116519927976,1.8820116519927976,Neu
IRSxo_XXArg$_$7,1,2,0.0,1.125969409942627,1.125969409942627,1.125969409942627,Neu
Iemw8vqt-54$_$13,2,2,0.3333333432674408,0.8649609088897705,0.5316275656223297,0.5316275656223297,Pos
Iemw8vqt-54$_$0,2,2,0.6666666865348816,1.0908918380737305,0.4242251515388489,0.4242251515388489,Pos
Iemw8vqt-54$_$9,2,2,1.0,0.9593752026557922,-0.040624797344207764,0.040624797344207764,Pos
JKueLneBoik$_$0,2,2,1.0,1.2597700357437134,0.2597700357437134,0.2597700357437134,Pos
JKueLneBoik$_$4,1,1,0.0,0.1068508476018905,0.1068508476018905,0.1068508476018905,Neu
JNhqI4JtPXA$_$3,2,2,2.0,1.5154211521148682,-0.48457884788513184,0.48457884788513184,Pos
JXYot3NDQn0$_$2,2,2,0.6666666865348816,1.2070218324661257,0.5403551459312441,0.5403551459312441,Pos
KB5hSnV1emg$_$3,1,1,0.0,-0.0353025011718273,-0.0353025011718273,0.0353025011718273,Neu
Kn5eKHlPD0k$_$12,2,2,1.0,0.6265358924865723,-0.37346410751342773,0.37346410751342773,Pos
Kn99u05vlpA$_$5,2,0,1.6666666269302368,-0.1329605281352996,-1.7996271550655365,1.7996271550655365,Pos
L-7oRnbi9-w$_$3,2,2,0.3333333432674408,0.6970086693763733,0.3636753261089325,0.3636753261089325,Pos
L-a4Sh6iAcw$_$7,2,2,0.6666666865348816,0.5504179000854492,-0.11624878644943237,0.11624878644943237,Pos
L-a4Sh6iAcw$_$9,2,2,0.6666666865348816,0.8696942925453186,0.203027606010437,0.203027606010437,Pos
LD3HYOwk1Bc$_$0,1,2,0.0,0.5984653234481812,0.5984653234481812,0.5984653234481812,Neu
LJGL2sGvSS0$_$2,2,2,1.3333333730697632,0.6610925793647766,-0.6722407937049866,0.6722407937049866,Pos
LJGL2sGvSS0$_$10,2,2,1.3333333730697632,1.0027437210083008,-0.3305896520614624,0.3305896520614624,Pos
LJGL2sGvSS0$_$14,2,2,1.6666666269302368,1.189883828163147,-0.47678279876708984,0.47678279876708984,Pos
LJGL2sGvSS0$_$19,2,2,1.0,0.422504186630249,-0.577495813369751,0.577495813369751,Pos
LcfubBagG6Q$_$1,2,2,1.3333333730697632,0.9089264273643494,-0.4244069457054138,0.4244069457054138,Pos
LcfubBagG6Q$_$3,2,1,0.3333333432674408,0.1737792789936065,-0.15955406427383428,0.15955406427383428,Pos
LyOq9mOEPuk$_$8,0,1,-0.6666666865348816,0.0235691349953413,0.6902358215302229,0.6902358215302229,Neg
MHVrwCEWLPI$_$4,2,2,1.0,0.8302822709083557,-0.1697177290916443,0.1697177290916443,Pos
MHVrwCEWLPI$_$6,2,2,0.3333333432674408,0.4831948578357696,0.1498615145683288,0.1498615145683288,Pos
MHyW857u_X8$_$18,0,2,-0.3333333432674408,0.3656532764434814,0.6989866197109222,0.6989866197109222,Neg
MZUr1DfYNNw$_$1,2,2,1.3333333730697632,1.0525548458099363,-0.2807785272598269,0.2807785272598269,Pos
NIpuKcoJhGM$_$0,2,2,2.0,1.1831024885177612,-0.8168975114822388,0.8168975114822388,Pos
NVLPURuAVLU$_$2,0,0,-0.6666666865348816,-0.6281887292861938,0.038477957248687744,0.038477957248687744,Neg
NaWmaHwjElo$_$5,1,1,0.0,-0.1346228718757629,-0.1346228718757629,0.1346228718757629,Neu
NiAjz4ciA60$_$1,2,2,1.0,1.2792918682098389,0.27929186820983887,0.27929186820983887,Pos
NocexkPXja8$_$13,0,1,-1.0,-0.1601563841104507,0.8398436158895493,0.8398436158895493,Neg
NocexkPXja8$_$4,0,0,-2.3333332538604736,-1.6965969800949097,0.636736273765564,0.636736273765564,Neg
O-b3DQg0QmA$_$1,1,2,0.0,0.2332042157649994,0.2332042157649994,0.2332042157649994,Neu
OFia3dWgaoI$_$0,0,0,-1.3333333730697632,-0.4286685585975647,0.9046648144721985,0.9046648144721985,Neg
OFia3dWgaoI$_$6,0,0,-0.6666666865348816,-0.4346320033073425,0.23203468322753912,0.23203468322753912,Neg
OKJPFisBoPY$_$0,2,2,0.3333333432674408,0.7397786974906921,0.40644535422325134,0.40644535422325134,Pos
OORklkFql3k$_$10,0,0,-0.3333333432674408,-0.9493483901023864,-0.6160150468349456,0.6160150468349456,Neg
OORklkFql3k$_$4,0,2,-2.0,0.1444906741380691,2.144490674138069,2.144490674138069,Neg
OWWHjP3pX9o$_$0,0,2,-0.3333333432674408,0.6273926496505737,0.9607259929180145,0.9607259929180145,Neg
OWWHjP3pX9o$_$4,2,2,0.6666666865348816,0.0278997123241424,-0.6387669742107391,0.6387669742107391,Pos
OXsTIPdytiw$_$0,2,2,0.6666666865348816,0.3361780047416687,-0.3304886817932129,0.3304886817932129,Pos
OXsTIPdytiw$_$7,2,2,0.6666666865348816,1.0861036777496338,0.4194369912147522,0.4194369912147522,Pos
Oa2xVjzAMFc$_$9,0,1,-0.3333333432674408,-0.1232380717992782,0.2100952714681626,0.2100952714681626,Neg
OctOcfI4KSs$_$3,2,2,0.3333333432674408,-0.0435919687151908,-0.3769253119826316,0.3769253119826316,Pos
OctOcfI4KSs$_$7,2,1,0.3333333432674408,0.1744542568922042,-0.1588790863752366,0.1588790863752366,Pos
P0UHzR4CmYg$_$1,2,2,1.0,0.7883285284042358,-0.21167147159576416,0.21167147159576416,Pos
P0UHzR4CmYg$_$3,2,2,0.6666666865348816,1.0567348003387451,0.3900681138038635,0.3900681138038635,Pos
P0UHzR4CmYg$_$4,2,2,1.0,0.9934735298156738,-0.006526470184326172,0.006526470184326172,Pos
P0UHzR4CmYg$_$8,2,2,0.6666666865348816,0.1784436553716659,-0.4882230311632157,0.4882230311632157,Pos
P0UHzR4CmYg$_$11,0,0,-1.0,-0.0638302713632583,0.9361697286367416,0.9361697286367416,Neg
PcqKFt1p3UQ$_$10,2,1,0.3333333432674408,-0.3148074746131897,-0.6481408178806305,0.6481408178806305,Pos
PzI6yY9Y2xQ$_$0,2,2,1.6666666269302368,1.1918296813964844,-0.47483694553375244,0.47483694553375244,Pos
PzI6yY9Y2xQ$_$2,2,2,1.3333333730697632,0.4267827868461609,-0.9065505862236023,0.9065505862236023,Pos
QBc7X5jj8oA$_$4,2,0,1.3333333730697632,-0.3828535676002502,-1.7161869406700134,1.7161869406700134,Pos
QCR7uyowjhM$_$10,2,2,0.3333333432674408,0.6376858353614807,0.3043524920940399,0.3043524920940399,Pos
QCR7uyowjhM$_$8,1,0,0.0,-0.4247392416000366,-0.4247392416000366,0.4247392416000366,Neu
QIonRUsCqBs$_$1,2,2,1.3333333730697632,0.7166186571121216,-0.6167147159576416,0.6167147159576416,Pos
Qfa1fY_07bQ$_$5,2,2,1.3333333730697632,0.4085239171981811,-0.924809455871582,0.924809455871582,Pos
R9xTBw3MCWI$_$5,2,2,0.3333333432674408,1.3056628704071045,0.9723295271396637,0.9723295271396637,Pos
ROC2YI3tDsk$_$13,2,2,0.3333333432674408,0.9825780391693116,0.6492446959018708,0.6492446959018708,Pos
ROC2YI3tDsk$_$3,2,2,1.0,1.1570953130722046,0.1570953130722046,0.1570953130722046,Pos
RVC8l5hf2Eg$_$13,0,0,-0.6666666865348816,0.0266158673912286,0.6932825539261102,0.6932825539261102,Neg
RVC8l5hf2Eg$_$8,0,0,-0.3333333432674408,-0.3726624250411987,-0.03932908177375788,0.03932908177375788,Neg
Rb1uzHNcYcA$_$4,2,2,1.6666666269302368,0.967891812324524,-0.6987748146057128,0.6987748146057128,Pos
RvmTZVNAAuQ$_$2,1,2,0.0,0.5126297473907471,0.5126297473907471,0.5126297473907471,Neu
SKTyBOhDX6U$_$11,2,2,1.6666666269302368,0.2167421877384185,-1.4499244391918182,1.4499244391918182,Pos
SKTyBOhDX6U$_$12,2,0,0.6666666865348816,-0.5579924583435059,-1.2246591448783875,1.2246591448783875,Pos
SKTyBOhDX6U$_$9,2,0,1.0,-0.5083194971084595,-1.5083194971084595,1.5083194971084595,Pos
SYQ_zv8dWng$_$0,2,2,0.3333333432674408,0.3485166132450104,0.01518326997756958,0.01518326997756958,Pos
SYQ_zv8dWng$_$5,2,0,0.6666666865348816,-0.1317583918571472,-0.7984250783920288,0.7984250783920288,Pos
SYQ_zv8dWng$_$6,2,2,0.6666666865348816,0.4566770792007446,-0.20998960733413702,0.20998960733413702,Pos
SYQ_zv8dWng$_$9,1,2,0.0,0.4655276834964752,0.4655276834964752,0.4655276834964752,Neu
SZ7HK5ns6mE$_$11,2,2,1.6666666269302368,1.0737709999084473,-0.5928956270217896,0.5928956270217896,Pos
Sq6DIhFxPqQ$_$4,1,1,0.0,0.2578995525836944,0.2578995525836944,0.2578995525836944,Neu
SwT0gh0V8fI$_$10,1,2,0.0,0.4531020522117615,0.4531020522117615,0.4531020522117615,Neu
SwT0gh0V8fI$_$19,2,2,0.6666666865348816,0.5854442119598389,-0.08122247457504272,0.08122247457504272,Pos
SwT0gh0V8fI$_$5,1,1,0.0,-0.139653205871582,-0.139653205871582,0.139653205871582,Neu
TXiOSZdaLJ8$_$2,2,2,0.6666666865348816,1.147319793701172,0.4806531071662905,0.4806531071662905,Pos
TcTGCIh6e5s$_$4,1,1,0.0,-0.1450662761926651,-0.1450662761926651,0.1450662761926651,Neu
TxRtSItpGMo$_$4,2,2,2.0,1.2276668548583984,-0.7723331451416016,0.7723331451416016,Pos
U-KihZeIfKI$_$20,2,2,1.3333333730697632,1.0831480026245115,-0.2501853704452517,0.2501853704452517,Pos
U-KihZeIfKI$_$1,2,2,0.6666666865348816,0.3749293982982635,-0.2917372882366181,0.2917372882366181,Pos
U-KihZeIfKI$_$6,0,0,-1.0,-1.9143333435058596,-0.9143333435058596,0.9143333435058596,Neg
U-KihZeIfKI$_$15,2,2,0.6666666865348816,0.1673751473426818,-0.4992915391921998,0.4992915391921998,Pos
U-KihZeIfKI$_$16,2,2,1.0,0.3877925276756286,-0.6122074723243713,0.6122074723243713,Pos
UiurP5k-f1A$_$4,2,2,1.0,1.199841856956482,0.19984185695648193,0.19984185695648193,Pos
UjqA6KVW2m8$_$0,0,0,-0.3333333432674408,-0.3049740195274353,0.028359323740005493,0.028359323740005493,Neg
UjqA6KVW2m8$_$3,0,1,-0.6666666865348816,0.0907782614231109,0.7574449479579926,0.7574449479579926,Neg
UjqA6KVW2m8$_$2,0,1,-1.3333333730697632,-0.0172943118959665,1.3160390611737967,1.3160390611737967,Neg
UjqA6KVW2m8$_$4,2,2,1.0,0.8431568741798401,-0.1568431258201599,0.1568431258201599,Pos
UweZVaFqruU$_$1,2,1,0.3333333432674408,-0.0061691394075751,-0.33950248267501587,0.33950248267501587,Pos
UweZVaFqruU$_$5,1,1,0.0,-0.0644597858190536,-0.0644597858190536,0.0644597858190536,Neu
V27mmEkN80g$_$0,1,2,0.0,0.4427032470703125,0.4427032470703125,0.4427032470703125,Neu
VDkBM0ZG4q8$_$4,1,1,0.0,0.1516285240650177,0.1516285240650177,0.1516285240650177,Neu
VDkBM0ZG4q8$_$7,2,2,0.3333333432674408,0.3937346041202545,0.06040126085281372,0.06040126085281372,Pos
VLQgw-88v4Q$_$2,2,2,1.0,1.5212827920913696,0.5212827920913696,0.5212827920913696,Pos
VLQgw-88v4Q$_$6,2,2,1.6666666269302368,0.9746838808059692,-0.6919827461242676,0.6919827461242676,Pos
VLQgw-88v4Q$_$8,2,2,1.3333333730697632,0.6002441644668579,-0.7330892086029053,0.7330892086029053,Pos
VXy21GwGs8o$_$0,1,2,0.0,0.8607128858566284,0.8607128858566284,0.8607128858566284,Neu
Vdf1McvE9ao$_$9,1,1,0.0,-0.2364436388015747,-0.2364436388015747,0.2364436388015747,Neu
Vlas-mPydcg$_$17,2,2,0.6666666865348816,0.3541659116744995,-0.3125007748603821,0.3125007748603821,Pos
Vlas-mPydcg$_$3,2,2,1.0,0.884960412979126,-0.11503958702087402,0.11503958702087402,Pos
VsXGwSZazwA$_$4,1,1,0.0,-0.2375757992267608,-0.2375757992267608,0.2375757992267608,Neu
VsXGwSZazwA$_$6,2,2,1.6666666269302368,-0.0406534299254417,-1.7073200568556786,1.7073200568556786,Pos
VwGPIUNayKM$_$1,1,1,0.0,0.1866616904735565,0.1866616904735565,0.1866616904735565,Neu
VwGPIUNayKM$_$5,0,1,-1.0,0.0541737042367458,1.0541737042367458,1.0541737042367458,Neg
VwGPIUNayKM$_$8,2,2,1.0,0.4856607913970947,-0.5143392086029053,0.5143392086029053,Pos
W1CWpktWtTs$_$5,2,2,1.0,1.466965913772583,0.466965913772583,0.466965913772583,Pos
W1CWpktWtTs$_$9,2,2,0.6666666865348816,0.7940435409545898,0.12737685441970825,0.12737685441970825,Pos
WfNiQBXmPw8$_$3,0,0,-0.3333333432674408,-0.3917979001998901,-0.058464556932449285,0.058464556932449285,Neg
WfNiQBXmPw8$_$5,2,0,0.3333333432674408,0.0039580664597451,-0.3293752768076957,0.3293752768076957,Pos
WgI8IbJtXHw$_$0,1,2,0.0,1.6182560920715332,1.6182560920715332,1.6182560920715332,Neu
X2Hs89fZ2-c$_$4,2,2,1.0,0.5371590852737427,-0.4628409147262573,0.4628409147262573,Pos
X6N7UEFJLNY$_$0,2,2,0.3333333432674408,0.728513240814209,0.3951798975467682,0.3951798975467682,Pos
X6N7UEFJLNY$_$2,1,2,0.0,0.6470541954040527,0.6470541954040527,0.6470541954040527,Neu
X6N7UEFJLNY$_$4,2,2,0.6666666865348816,1.070084571838379,0.4034178853034973,0.4034178853034973,Pos
XDVit9ASVUg$_$2,2,1,0.3333333432674408,0.0808500498533248,-0.252483293414116,0.252483293414116,Pos
XKyumlBmix8$_$0,1,0,0.0,-0.1887716054916381,-0.1887716054916381,0.1887716054916381,Neu
XKyumlBmix8$_$2,0,0,-0.6666666865348816,-0.7990238070487976,-0.13235712051391602,0.13235712051391602,Neg
XVWiAArXYpE$_$3,0,2,-0.6666666865348816,0.8591684103012085,1.52583509683609,1.52583509683609,Neg
XVWiAArXYpE$_$4,0,0,-2.0,-0.0644628480076789,1.935537151992321,1.935537151992321,Neg
XVWiAArXYpE$_$9,0,1,-0.3333333432674408,0.0626673772931099,0.3960007205605507,0.3960007205605507,Neg
X_TusmBIlC0$_$5,1,1,0.0,0.4209072589874267,0.4209072589874267,0.4209072589874267,Neu
Xa086gxLJ3Y$_$12,2,2,0.3333333432674408,0.3516825735569,0.01834923028945923,0.01834923028945923,Pos
XrNaL-MTjXg$_$3,1,2,0.0,0.9049087762832642,0.9049087762832642,0.9049087762832642,Neu
Xy57UpKRNEo$_$7,0,0,-1.0,-0.4874758720397949,0.5125241279602051,0.5125241279602051,Neg
Y8dI1GTWCk4$_$6,2,2,1.3333333730697632,1.1097102165222168,-0.2236231565475464,0.2236231565475464,Pos
YLK58srjhNI$_$3,2,2,0.6666666865348816,1.5387120246887207,0.8720453381538391,0.8720453381538391,Pos
YQZPnHZRp1w$_$1,2,2,0.3333333432674408,0.2628889679908752,-0.07044437527656561,0.07044437527656561,Pos
YUNxD04EvfE$_$1,0,2,-0.3333333432674408,0.3865082263946533,0.7198415696620941,0.7198415696620941,Neg
Z4iYSMMMycQ$_$4,2,2,0.6666666865348816,0.7419936060905457,0.07532691955566406,0.07532691955566406,Pos
ZKErPftd--w$_$6,2,2,0.6666666865348816,1.957839846611023,1.2911731600761414,1.2911731600761414,Pos
ZKZ8UjaQQT4$_$7,1,2,0.0,0.4939830899238586,0.4939830899238586,0.4939830899238586,Neu
ZS1Nb0OWYNE$_$11,2,2,0.6666666865348816,1.4640495777130127,0.7973828911781311,0.7973828911781311,Pos
ZS1Nb0OWYNE$_$15,1,2,0.0,1.517550706863403,1.517550706863403,1.517550706863403,Neu
ZS1Nb0OWYNE$_$5,2,2,0.6666666865348816,1.1553292274475098,0.4886625409126282,0.4886625409126282,Pos
ZS1Nb0OWYNE$_$9,2,2,2.6666667461395264,1.7283320426940918,-0.9383347034454346,0.9383347034454346,Pos
ZcFzcd4ZoMg$_$4,0,2,-0.3333333432674408,0.2694295644760132,0.602762907743454,0.602762907743454,Neg
ZeH7gZw94k0$_$1,2,2,1.6666666269302368,1.7885327339172363,0.12186610698699951,0.12186610698699951,Pos
ZtocGyL3Tfc$_$13,2,2,1.0,0.2364258468151092,-0.7635741531848907,0.7635741531848907,Pos
ZtocGyL3Tfc$_$10,2,2,1.0,0.1811073273420334,-0.8188926726579666,0.8188926726579666,Pos
ZtocGyL3Tfc$_$9,2,2,1.6666666269302368,0.9680206775665284,-0.6986459493637084,0.6986459493637084,Pos
ZznoGQVwTtw$_$4,2,2,1.6666666269302368,0.6628191471099854,-1.0038474798202515,1.0038474798202515,Pos
_1nvuNk7EFY$_$10,0,0,-0.3333333432674408,-0.5657931566238403,-0.23245981335639954,0.23245981335639954,Neg
_OmWVs0-6UM$_$0,1,2,0.0,0.5424867272377014,0.5424867272377014,0.5424867272377014,Neu
_on_E-ZWy0I$_$21,2,0,1.3333333730697632,-0.6014246940612793,-1.9347580671310425,1.9347580671310425,Pos
_on_E-ZWy0I$_$3,1,0,0.0,-0.5646585822105408,-0.5646585822105408,0.5646585822105408,Neu
_on_E-ZWy0I$_$12,0,2,-1.0,0.4466956257820129,1.446695625782013,1.446695625782013,Neg
_q7DM8WkzAQ$_$3,2,2,0.6666666865348816,0.7114424705505371,0.04477578401565552,0.04477578401565552,Pos
a4PHWxILDp0$_$15,1,1,0.0,-0.0392701923847198,-0.0392701923847198,0.0392701923847198,Neu
ahG9c_uaf8s$_$1,2,2,0.3333333432674408,0.8603687286376953,0.5270353853702545,0.5270353853702545,Pos
ahG9c_uaf8s$_$3,2,2,0.3333333432674408,0.7483362555503845,0.4150029122829437,0.4150029122829437,Pos
b92iw0OAnI4$_$7,2,2,1.3333333730697632,0.5675190091133118,-0.7658143639564514,0.7658143639564514,Pos
bNQOeiAotbk$_$8,1,1,0.0,0.2660414278507232,0.2660414278507232,0.2660414278507232,Neu
bdFCD-3BCRg$_$2,2,2,1.0,1.7998645305633545,0.7998645305633545,0.7998645305633545,Pos
bdFCD-3BCRg$_$11,2,2,0.6666666865348816,0.9392709732055664,0.2726042866706848,0.2726042866706848,Pos
bdFCD-3BCRg$_$12,2,2,1.0,0.8608423471450806,-0.13915765285491943,0.13915765285491943,Pos
c5VEvmutmVg$_$13,2,2,1.0,0.3387119174003601,-0.6612880825996399,0.6612880825996399,Pos
c5VEvmutmVg$_$19,1,1,0.0,0.3065544366836548,0.3065544366836548,0.3065544366836548,Neu
c5VEvmutmVg$_$0,2,2,1.6666666269302368,1.623831868171692,-0.04283475875854492,0.04283475875854492,Pos
c5zxqITn3ZM$_$5,2,0,0.6666666865348816,0.127422034740448,-0.5392446517944336,0.5392446517944336,Pos
c5zxqITn3ZM$_$6,2,2,1.0,0.4885062575340271,-0.5114937424659729,0.5114937424659729,Pos
c9hE1ghElrM$_$2,1,1,0.0,0.0655702799558639,0.0655702799558639,0.0655702799558639,Neu
c9hE1ghElrM$_$4,1,1,0.0,-0.1992866098880767,-0.1992866098880767,0.1992866098880767,Neu
cW-aX4dPVfk$_$4,0,1,-0.3333333432674408,0.2569233179092407,0.5902566611766815,0.5902566611766815,Neg
cW-aX4dPVfk$_$11,2,2,0.3333333432674408,0.4305375516414642,0.09720420837402338,0.09720420837402338,Pos
cW-aX4dPVfk$_$32,2,2,1.6666666269302368,0.9542089104652404,-0.7124577164649964,0.7124577164649964,Pos
cW-aX4dPVfk$_$30,2,2,2.3333332538604736,0.8202579021453857,-1.513075351715088,1.513075351715088,Pos
cml9rShionM$_$3,0,2,-0.3333333432674408,1.362802267074585,1.6961356103420258,1.6961356103420258,Neg
d-Uw_uZyUys$_$1,0,2,-2.3333332538604736,0.6322158575057983,2.965549111366272,2.965549111366272,Neg
d-Uw_uZyUys$_$6,0,2,-2.3333332538604736,0.4917100071907043,2.825043261051178,2.825043261051178,Neg
dHk--ExZbHs$_$7,2,2,0.6666666865348816,0.5815317630767822,-0.08513492345809937,0.08513492345809937,Pos
dR68gbeOWOc$_$1,2,2,0.3333333432674408,0.3450653553009033,0.011732012033462524,0.011732012033462524,Pos
dTcz1am1eUw$_$2,2,2,1.3333333730697632,0.9978114366531372,-0.335521936416626,0.335521936416626,Pos
ddWHTdJz2O8$_$1,0,2,-0.3333333432674408,0.7087451815605164,1.0420785248279572,1.0420785248279572,Neg
dlE05KC95uk$_$11,2,2,0.3333333432674408,0.1503857970237732,-0.1829475462436676,0.1829475462436676,Pos
eE8Qr9fOvVA$_$2,0,1,-1.3333333730697632,0.208364188671112,1.5416975617408752,1.5416975617408752,Neg
eFV7iFPYZB4$_$12,2,2,1.6666666269302368,0.7416990399360657,-0.9249675869941711,0.9249675869941711,Pos
eFV7iFPYZB4$_$14,2,2,1.3333333730697632,0.2777731418609619,-1.0555602312088013,1.0555602312088013,Pos
eJfT7-dDqzA$_$3,2,2,0.6666666865348816,0.2881210148334503,-0.3785456717014313,0.3785456717014313,Pos
eJfT7-dDqzA$_$2,2,2,0.6666666865348816,0.9110097885131836,0.244343101978302,0.244343101978302,Pos
eJfT7-dDqzA$_$7,2,2,0.6666666865348816,0.2764018774032593,-0.3902648091316223,0.3902648091316223,Pos
eKQKEi2-0Ws$_$0,1,2,0.0,0.3530616462230682,0.3530616462230682,0.3530616462230682,Neu
eQc5uI7FKCU$_$5,2,2,0.3333333432674408,0.6748093366622925,0.3414759933948517,0.3414759933948517,Pos
ey1lr8wFFDc$_$0,2,2,0.6666666865348816,1.2681350708007812,0.6014683842658997,0.6014683842658997,Pos
f-VdKweez2U$_$4,1,2,0.0,0.423335999250412,0.423335999250412,0.423335999250412,Neu
f8Puta8k8fU$_$1,1,1,0.0,0.2960648834705353,0.2960648834705353,0.2960648834705353,Neu
fT6SrlsWV7M$_$12,0,1,-1.3333333730697632,-0.0195693876594305,1.3137639854103327,1.3137639854103327,Neg
fWAKek8jA5M$_$0,0,0,-1.6666666269302368,-0.688502848148346,0.9781637787818909,0.9781637787818909,Neg
fWAKek8jA5M$_$3,0,2,-1.3333333730697632,0.2973526120185852,1.6306859850883484,1.6306859850883484,Neg
fWAKek8jA5M$_$4,1,0,0.0,-0.4565321803092956,-0.4565321803092956,0.4565321803092956,Neu
frCWtiam4tE$_$0,2,2,1.6666666269302368,0.7635120153427124,-0.9031546115875244,0.9031546115875244,Pos
fsBzpr4k3rY$_$0,2,0,2.0,-1.1634883880615234,-3.1634883880615234,3.1634883880615234,Pos
fz-MzQcOBwQ$_$1,2,2,1.3333333730697632,0.834886908531189,-0.4984464645385742,0.4984464645385742,Pos
gE7kUqMqQ9g$_$2,0,0,-0.6666666865348816,-1.2868962287902832,-0.6202295422554016,0.6202295422554016,Neg
gJjkCPO7iXg$_$1,2,2,1.0,1.3243606090545654,0.32436060905456543,0.32436060905456543,Pos
gJjkCPO7iXg$_$0,2,1,1.0,0.0915527716279029,-0.9084472283720971,0.9084472283720971,Pos
gLTxaEcx41E$_$2,1,2,0.0,0.3313914537429809,0.3313914537429809,0.3313914537429809,Neu
gLTxaEcx41E$_$4,1,0,0.0,-0.8078415393829346,-0.8078415393829346,0.8078415393829346,Neu
gLTxaEcx41E$_$7,1,2,0.0,0.3779534697532654,0.3779534697532654,0.3779534697532654,Neu
gLTxaEcx41E$_$6,2,2,0.3333333432674408,0.8943023681640625,0.5609690248966217,0.5609690248966217,Pos
gcFECfN4BCU$_$23,2,2,2.0,1.264817714691162,-0.7351822853088379,0.7351822853088379,Pos
gcFECfN4BCU$_$10,2,2,0.6666666865348816,0.4292254447937011,-0.23744124174118048,0.23744124174118048,Pos
gcFECfN4BCU$_$15,2,2,1.3333333730697632,0.7325077056884766,-0.6008256673812866,0.6008256673812866,Pos
gpn71-aKWwQ$_$2,2,2,1.6666666269302368,0.8203736543655396,-0.8462929725646973,0.8462929725646973,Pos
h1ZZHUU4j0k$_$3,2,2,0.6666666865348816,0.6913389563560486,0.024672269821166992,0.024672269821166992,Pos
h1ZZHUU4j0k$_$4,2,2,0.6666666865348816,0.3414145708084106,-0.325252115726471,0.325252115726471,Pos
h1ZZHUU4j0k$_$10,2,2,1.0,0.5006488561630249,-0.4993511438369751,0.4993511438369751,Pos
h1ZZHUU4j0k$_$13,0,0,-1.0,-0.4573874473571777,0.5426125526428223,0.5426125526428223,Neg
iQDB_OkAQWs$_$4,1,1,0.0,-0.0533448792994022,-0.0533448792994022,0.0533448792994022,Neu
iXiMifHNKPI$_$8,2,2,0.3333333432674408,0.527545154094696,0.19421181082725525,0.19421181082725525,Pos
j1m6ctAgjsM$_$1,2,2,1.3333333730697632,0.9272530674934388,-0.40608030557632435,0.40608030557632435,Pos
j1m6ctAgjsM$_$2,2,2,1.0,0.7279924154281616,-0.2720075845718384,0.2720075845718384,Pos
j1m6ctAgjsM$_$4,2,1,0.3333333432674408,0.4214048087596893,0.08807146549224848,0.08807146549224848,Pos
j1m6ctAgjsM$_$14,1,2,0.0,0.4882645606994629,0.4882645606994629,0.4882645606994629,Neu
j1m6ctAgjsM$_$18,2,0,1.0,-0.6538634300231934,-1.6538634300231934,1.6538634300231934,Pos
j1m6ctAgjsM$_$30,2,2,0.3333333432674408,0.3169566094875335,-0.016376733779907282,0.016376733779907282,Pos
j1m6ctAgjsM$_$35,2,2,1.0,0.8249540328979492,-0.17504596710205078,0.17504596710205078,Pos
j1m6ctAgjsM$_$33,2,2,0.3333333432674408,0.2057721614837646,-0.1275611817836762,0.1275611817836762,Pos
j1m6ctAgjsM$_$37,1,2,0.0,0.5024130344390869,0.5024130344390869,0.5024130344390869,Neu
jXQmVFcOiUI$_$0,2,2,1.0,0.826730489730835,-0.17326951026916504,0.17326951026916504,Pos
jj8aSNPHMw8$_$14,1,1,0.0,-0.0703782886266708,-0.0703782886266708,0.0703782886266708,Neu
jj8aSNPHMw8$_$5,0,2,-1.3333333730697632,0.2235283553600311,1.5568617284297943,1.5568617284297943,Neg
jqutn5ou8_0$_$6,2,2,0.6666666865348816,0.7001846432685852,0.03351795673370361,0.03351795673370361,Pos
jscKL5jS-SQ$_$17,2,0,1.0,0.1071828827261924,-0.8928171172738076,0.8928171172738076,Pos
kaudsLIvYC8$_$0,2,2,1.6666666269302368,1.6486082077026367,-0.018058419227600098,0.018058419227600098,Pos
kg-W6-hP2Do$_$3,1,2,0.0,0.4391854405403137,0.4391854405403137,0.4391854405403137,Neu
kpS4BXif_Sw$_$12,0,2,-2.0,0.41072678565979,2.41072678565979,2.41072678565979,Neg
kpS4BXif_Sw$_$15,2,2,1.3333333730697632,0.4348873496055603,-0.8984460234642029,0.8984460234642029,Pos
kpS4BXif_Sw$_$4,1,2,0.0,0.5087602138519287,0.5087602138519287,0.5087602138519287,Neu
kpS4BXif_Sw$_$8,0,1,-1.0,-0.0377728715538978,0.9622271284461021,0.9622271284461021,Neg
ktblaVOnFVE$_$4,2,2,1.3333333730697632,1.0481120347976685,-0.2852213382720947,0.2852213382720947,Pos
l0vCKpk6Aes$_$24,1,2,0.0,1.2739861011505127,1.2739861011505127,1.2739861011505127,Neu
l0vCKpk6Aes$_$12,2,2,1.0,0.8159910440444946,-0.18400895595550537,0.18400895595550537,Pos
l0vCKpk6Aes$_$19,1,1,0.0,-0.1004166528582573,-0.1004166528582573,0.1004166528582573,Neu
l4oMbKDuW3Y$_$3,0,0,-0.6666666865348816,-1.1653895378112793,-0.4987228512763977,0.4987228512763977,Neg
lD4xtQ6NpDY$_$2,1,2,0.0,0.1505535542964935,0.1505535542964935,0.1505535542964935,Neu
lYwgLa4R5XQ$_$1,1,2,0.0,0.3104575276374817,0.3104575276374817,0.3104575276374817,Neu
lkIe41StoGI$_$10,1,2,0.0,0.438469648361206,0.438469648361206,0.438469648361206,Neu
lkIe41StoGI$_$3,2,2,0.6666666865348816,0.6857538223266602,0.019087135791778564,0.019087135791778564,Pos
lkIe41StoGI$_$2,2,1,0.6666666865348816,0.1405903697013855,-0.5260763168334961,0.5260763168334961,Pos
lkIe41StoGI$_$8,1,2,0.0,0.6018083691596985,0.6018083691596985,0.6018083691596985,Neu
lwL4hjhkid4$_$1,1,1,0.0,0.4288268089294433,0.4288268089294433,0.4288268089294433,Neu
lwL4hjhkid4$_$3,2,2,2.0,0.7483122944831848,-1.2516877055168152,1.2516877055168152,Pos
lwL4hjhkid4$_$6,2,2,0.3333333432674408,1.0563634634017944,0.7230301201343536,0.7230301201343536,Pos
m-7yRWZLwLY$_$0,1,2,0.0,0.7336865663528442,0.7336865663528442,0.7336865663528442,Neu
mVnqP-vLpuo$_$0,2,2,0.6666666865348816,1.1753807067871094,0.5087140202522278,0.5087140202522278,Pos
mZ_8em_-CGc$_$7,2,2,0.6666666865348816,0.7642817497253418,0.0976150631904602,0.0976150631904602,Pos
mgsvwAVQAQo$_$4,2,2,0.3333333432674408,0.6499592661857605,0.3166259229183197,0.3166259229183197,Pos
mmg_eTDHjkk$_$5,2,2,0.3333333432674408,0.307167112827301,-0.02616623044013977,0.02616623044013977,Pos
mmg_eTDHjkk$_$8,2,2,0.6666666865348816,0.3500264585018158,-0.3166402280330658,0.3166402280330658,Pos
mmg_eTDHjkk$_$15,2,2,1.0,0.0199506916105747,-0.9800493083894253,0.9800493083894253,Pos
mzAu5gxjE-w$_$2,2,2,1.6666666269302368,1.7448108196258545,0.07814419269561768,0.07814419269561768,Pos
nFTo-Lz4Fr8$_$1,2,2,0.6666666865348816,1.15222430229187,0.4855576157569883,0.4855576157569883,Pos
nZFPKP9kBkw$_$4,1,2,0.0,1.360398769378662,1.360398769378662,1.360398769378662,Neu
namehdJxRIM$_$1,2,2,0.3333333432674408,1.224958896636963,0.8916255533695221,0.8916255533695221,Pos
o2XbNJDpOlc$_$6,2,2,1.6666666269302368,0.4054411947727203,-1.2612254321575165,1.2612254321575165,Pos
oBS-IW-BO00$_$3,1,1,0.0,-0.1542165875434875,-0.1542165875434875,0.1542165875434875,Neu
oHff2W51wZ8$_$1,2,2,1.3333333730697632,1.2181611061096191,-0.11517226696014404,0.11517226696014404,Pos
oHff2W51wZ8$_$2,2,2,2.0,1.2276718616485596,-0.7723281383514404,0.7723281383514404,Pos
oHff2W51wZ8$_$5,2,2,2.6666667461395264,1.8016279935836792,-0.8650387525558472,0.8650387525558472,Pos
oPlnhc0DkcU$_$1,0,0,-0.3333333432674408,-1.0420491695404053,-0.7087158262729645,0.7087158262729645,Neg
oZxMx8e0x2U$_$2,2,0,0.3333333432674408,-0.9085478782653807,-1.2418812215328217,1.2418812215328217,Pos
obGF3RfWQKE$_$24,1,2,0.0,0.3765288591384887,0.3765288591384887,0.3765288591384887,Neu
obGF3RfWQKE$_$3,2,2,1.3333333730697632,1.8874168395996092,0.554083466529846,0.554083466529846,Pos
ossKC1VrusE$_$3,2,2,0.6666666865348816,0.6696004271507263,0.0029337406158447266,0.0029337406158447266,Pos
ossKC1VrusE$_$2,2,2,1.6666666269302368,0.5260744094848633,-1.1405922174453735,1.1405922174453735,Pos
ozA7pRW4gFM$_$7,1,1,0.0,0.2013997435569763,0.2013997435569763,0.2013997435569763,Neu
p4WmcxrXkc4$_$0,2,2,0.3333333432674408,1.2852972745895386,0.9519639313220978,0.9519639313220978,Pos
p7zuPEZgtY4$_$0,2,2,0.3333333432674408,1.231518268585205,0.8981849253177643,0.8981849253177643,Pos
pIaEcqnzI-s$_$3,2,1,0.3333333432674408,0.0980420857667923,-0.2352912575006485,0.2352912575006485,Pos
pIaEcqnzI-s$_$5,0,1,-0.3333333432674408,0.2126314342021942,0.545964777469635,0.545964777469635,Neg
pIaEcqnzI-s$_$7,0,1,-0.3333333432674408,0.0870975330471992,0.42043087631464,0.42043087631464,Neg
pIaEcqnzI-s$_$6,1,1,0.0,0.4478561282157898,0.4478561282157898,0.4478561282157898,Neu
pQpy7RSfWzM$_$19,2,2,0.3333333432674408,0.7109968662261963,0.3776635229587555,0.3776635229587555,Pos
pQpy7RSfWzM$_$8,1,2,0.0,0.942646622657776,0.942646622657776,0.942646622657776,Neu
pSxte-ms0t8$_$33,0,0,-0.3333333432674408,-0.2799283862113952,0.05340495705604559,0.05340495705604559,Neg
pSxte-ms0t8$_$2,2,2,0.6666666865348816,-0.0239610727876424,-0.690627759322524,0.690627759322524,Pos
pSxte-ms0t8$_$7,0,0,-2.0,-1.249406099319458,0.750593900680542,0.750593900680542,Neg
pSxte-ms0t8$_$6,2,2,1.0,0.5453435778617859,-0.4546564221382141,0.4546564221382141,Pos
pZye4zFzk3o$_$2,0,2,-0.6666666865348816,0.1794767379760742,0.8461434245109558,0.8461434245109558,Neg
pZye4zFzk3o$_$5,0,0,-0.6666666865348816,-0.2708114385604858,0.3958552479743958,0.3958552479743958,Neg
pnpFPX34Agk$_$2,2,2,0.3333333432674408,0.2221768498420715,-0.11115649342536929,0.11115649342536929,Pos
q5M1God4M6Y$_$9,2,2,0.6666666865348816,0.4798727631568908,-0.18679392337799078,0.18679392337799078,Pos
qDfSYz0PX9g$_$0,0,0,-2.0,-0.566260576248169,1.433739423751831,1.433739423751831,Neg
qDfSYz0PX9g$_$8,0,2,-0.6666666865348816,0.2390691339969635,0.9057358205318451,0.9057358205318451,Neg
qEuJj4uW93E$_$1,1,2,0.0,0.5647347569465637,0.5647347569465637,0.5647347569465637,Neu
qgC8_emxSIU$_$6,1,2,0.0,0.3875980675220489,0.3875980675220489,0.3875980675220489,Neu
r46amqjpWgg$_$26,2,0,0.6666666865348816,-0.4177806973457336,-1.0844473838806152,1.0844473838806152,Pos
r46amqjpWgg$_$22,2,2,0.6666666865348816,0.6704093813896179,0.003742694854736328,0.003742694854736328,Pos
r46amqjpWgg$_$6,2,2,1.3333333730697632,0.7498785257339478,-0.5834548473358154,0.5834548473358154,Pos
r46amqjpWgg$_$15,1,1,0.0,-0.1031862124800682,-0.1031862124800682,0.1031862124800682,Neu
r46amqjpWgg$_$32,2,2,1.0,1.6051733493804932,0.6051733493804932,0.6051733493804932,Pos
rcfnqiD0y8o$_$0,2,2,1.6666666269302368,1.4053092002868652,-0.2613574266433716,0.2613574266433716,Pos
rhQB8e999-Q$_$10,2,2,1.0,0.95942223072052,-0.04057776927947998,0.04057776927947998,Pos
rhQB8e999-Q$_$0,2,2,0.6666666865348816,1.01332688331604,0.34666019678115845,0.34666019678115845,Pos
rhQB8e999-Q$_$5,1,2,0.0,0.9541738629341124,0.9541738629341124,0.9541738629341124,Neu
rhQB8e999-Q$_$7,2,2,0.6666666865348816,0.8711127042770386,0.20444601774215698,0.20444601774215698,Pos
rhQB8e999-Q$_$8,1,2,0.0,0.5373741388320923,0.5373741388320923,0.5373741388320923,Neu
svsbGQn389o$_$8,0,0,-1.3333333730697632,-1.0351861715316772,0.29814720153808594,0.29814720153808594,Neg
tC2KicUHB9Q$_$7,0,1,-0.3333333432674408,-0.2018918693065643,0.1314414739608765,0.1314414739608765,Neg
tNd3--lvSXE$_$6,2,2,0.6666666865348816,1.2172861099243164,0.5506194233894348,0.5506194233894348,Pos
teQqaAmqqx0$_$0,1,2,0.0,0.7737828493118286,0.7737828493118286,0.7737828493118286,Neu
teQqaAmqqx0$_$3,1,2,0.0,1.049821376800537,1.049821376800537,1.049821376800537,Neu
tnWmVXZ87h0$_$0,2,2,2.0,0.7230505347251892,-1.2769494652748108,1.2769494652748108,Pos
tnWmVXZ87h0$_$3,2,2,1.6666666269302368,1.123934030532837,-0.5427325963973999,0.5427325963973999,Pos
ttfaZ8IIWCo$_$2,2,2,2.3333332538604736,1.1691118478775024,-1.1642214059829712,1.1642214059829712,Pos
ttfaZ8IIWCo$_$5,2,2,2.3333332538604736,1.218357801437378,-1.1149754524230957,1.1149754524230957,Pos
ttfaZ8IIWCo$_$4,2,2,2.3333332538604736,1.5437049865722656,-0.789628267288208,0.789628267288208,Pos
tymso_pAxhk$_$12,0,2,-1.0,0.2733209133148193,1.2733209133148193,1.2733209133148193,Neg
u9ZV8jb_-U0$_$0,0,0,-1.6666666269302368,-0.4211635887622833,1.2455030381679535,1.2455030381679535,Neg
um8WVjZMLUc$_$1,1,0,0.0,-0.5684120655059814,-0.5684120655059814,0.5684120655059814,Neu
unOeTDc2rlY$_$27,2,0,1.0,-0.3180561065673828,-1.3180561065673828,1.3180561065673828,Pos
unOeTDc2rlY$_$31,2,1,1.0,0.4790295660495758,-0.5209704339504242,0.5209704339504242,Pos
unOeTDc2rlY$_$29,0,2,-0.3333333432674408,0.4105656743049621,0.743899017572403,0.743899017572403,Neg
uogwnZGb-iE$_$26,2,2,2.0,1.0306391716003418,-0.9693608283996582,0.9693608283996582,Pos
uogwnZGb-iE$_$21,2,2,0.3333333432674408,1.071597695350647,0.7382643520832062,0.7382643520832062,Pos
uogwnZGb-iE$_$22,2,2,2.0,2.178644180297852,0.178644180297852,0.178644180297852,Pos
uogwnZGb-iE$_$28,2,2,2.3333332538604736,1.7404189109802246,-0.592914342880249,0.592914342880249,Pos
uogwnZGb-iE$_$13,2,2,2.3333332538604736,1.757429122924805,-0.5759041309356687,0.5759041309356687,Pos
uogwnZGb-iE$_$6,2,2,1.0,0.817366898059845,-0.18263310194015503,0.18263310194015503,Pos
vB_kZocHtYo$_$8,1,1,0.0,0.1303916871547699,0.1303916871547699,0.1303916871547699,Neu
vGkIaClHKDg$_$6,2,2,1.3333333730697632,1.93760347366333,0.6042701005935669,0.6042701005935669,Pos
vR90Pdx9wxs$_$3,2,1,0.3333333432674408,-0.0642188340425491,-0.39755217730998993,0.39755217730998993,Pos
v_8QeoNc4QY$_$5,2,1,0.3333333432674408,-0.3498980700969696,-0.6832314133644104,0.6832314133644104,Pos
veA6ECsGFxI$_$0,2,2,0.6666666865348816,1.5563195943832395,0.8896529078483579,0.8896529078483579,Pos
wC_1M7KIv9s$_$24,1,2,0.0,0.6471370458602905,0.6471370458602905,0.6471370458602905,Neu
wC_1M7KIv9s$_$12,2,2,0.3333333432674408,0.7850026488304138,0.451669305562973,0.451669305562973,Pos
wC_1M7KIv9s$_$23,1,2,0.0,0.1034370884299278,0.1034370884299278,0.1034370884299278,Neu
wC_1M7KIv9s$_$1,2,2,0.6666666865348816,0.1361461728811264,-0.5305205136537552,0.5305205136537552,Pos
wC_1M7KIv9s$_$5,1,1,0.0,0.1016053557395935,0.1016053557395935,0.1016053557395935,Neu
wC_1M7KIv9s$_$25,2,2,2.0,0.7553418874740601,-1.24465811252594,1.24465811252594,Pos
wC_1M7KIv9s$_$21,0,0,-0.3333333432674408,0.1912554800510406,0.5245888233184814,0.5245888233184814,Neg
wHeZHLv9wGI$_$12,0,2,-0.6666666865348816,0.5816869735717773,1.248353660106659,1.248353660106659,Neg
wnL3ld9bM2o$_$25,2,0,2.0,-0.4479362368583679,-2.447936236858368,2.447936236858368,Pos
wnL3ld9bM2o$_$21,2,0,0.3333333432674408,-0.7767837047576904,-1.1101170480251312,1.1101170480251312,Pos
wnL3ld9bM2o$_$4,2,2,0.3333333432674408,1.0308011770248413,0.6974678337574005,0.6974678337574005,Pos
wnL3ld9bM2o$_$9,2,2,1.0,1.30510413646698,0.30510413646698,0.30510413646698,Pos
wnL3ld9bM2o$_$15,1,0,0.0,-0.0406011827290058,-0.0406011827290058,0.0406011827290058,Neu
wnL3ld9bM2o$_$14,1,1,0.0,-0.1137377470731735,-0.1137377470731735,0.1137377470731735,Neu
wznRBN1fWj4$_$0,1,2,0.0,0.1628560721874237,0.1628560721874237,0.1628560721874237,Neu
wznRBN1fWj4$_$6,1,1,0.0,0.2102682590484619,0.2102682590484619,0.2102682590484619,Neu
x0rLwBIocuI$_$7,0,1,-0.6666666865348816,-0.1089076325297355,0.5577590540051461,0.5577590540051461,Neg
xBE9YWYGjtk$_$7,2,2,2.0,1.9056880474090576,-0.09431195259094238,0.09431195259094238,Pos
xSCvspXYU9k$_$19,0,2,-1.0,0.2307692468166351,1.2307692468166351,1.2307692468166351,Neg
xSCvspXYU9k$_$7,1,2,0.0,0.4836650490760803,0.4836650490760803,0.4836650490760803,Neu
xXXcgb9eZ9Y$_$7,0,0,-0.3333333432674408,-0.4589251577854156,-0.1255918145179748,0.1255918145179748,Neg
xmLJHru6Z1M$_$12,2,2,1.0,0.2393530011177063,-0.7606469988822937,0.7606469988822937,Pos
xmLJHru6Z1M$_$14,2,2,1.0,0.1005589887499809,-0.8994410112500191,0.8994410112500191,Pos
xmLJHru6Z1M$_$8,2,2,0.3333333432674408,0.2022763341665268,-0.131057009100914,0.131057009100914,Pos
xobMRm5Vs44$_$1,1,2,0.0,1.6543203592300415,1.6543203592300415,1.6543203592300415,Neu
yCpHmPSshKY$_$1,2,2,1.6666666269302368,0.5990854501724243,-1.0675811767578125,1.0675811767578125,Pos
yCpHmPSshKY$_$0,2,2,0.6666666865348816,0.6412114500999451,-0.025455236434936523,0.025455236434936523,Pos
yLo-Jl8nBXU$_$11,2,2,0.6666666865348816,0.9492576122283936,0.28259092569351196,0.28259092569351196,Pos
yLo-Jl8nBXU$_$0,1,1,0.0,0.2656010389328003,0.2656010389328003,0.2656010389328003,Neu
yLo-Jl8nBXU$_$6,2,2,1.3333333730697632,1.548328161239624,0.21499478816986084,0.21499478816986084,Pos
ySblgk7T7eQ$_$12,0,2,-0.3333333432674408,0.3476385474205017,0.6809718906879425,0.6809718906879425,Neg
ySblgk7T7eQ$_$0,2,2,1.0,1.5049386024475098,0.5049386024475098,0.5049386024475098,Pos
ySblgk7T7eQ$_$4,2,2,0.6666666865348816,0.5398445129394531,-0.12682217359542847,0.12682217359542847,Pos
ySblgk7T7eQ$_$9,2,0,1.0,-0.6321306824684143,-1.6321306824684143,1.6321306824684143,Pos
yUqNp-poh9M$_$2,0,0,-0.3333333432674408,-0.4897854030132293,-0.15645205974578852,0.15645205974578852,Neg
yUqNp-poh9M$_$9,1,0,0.0,-0.2799955010414123,-0.2799955010414123,0.2799955010414123,Neu
ydzNAuqUAnc$_$6,0,0,-1.0,-0.5463494062423706,0.4536505937576294,0.4536505937576294,Neg
yoDMh8FlHR8$_$0,2,2,1.6666666269302368,0.4650715291500091,-1.2015950977802277,1.2015950977802277,Pos
yzCHa2qchpg$_$1,0,0,-2.0,-0.6259634494781494,1.3740365505218506,1.3740365505218506,Neg
yzCHa2qchpg$_$2,2,2,1.3333333730697632,1.8899805545806885,0.5566471815109253,0.5566471815109253,Pos
z441aDJvAcU$_$20,2,2,1.0,1.1564089059829712,0.1564089059829712,0.1564089059829712,Pos
z441aDJvAcU$_$21,2,2,0.3333333432674408,0.8468393087387085,0.5135059654712677,0.5135059654712677,Pos
z441aDJvAcU$_$22,1,1,0.0,-0.0989069193601608,-0.0989069193601608,0.0989069193601608,Neu
zfZUOvZZTuk$_$1,1,2,0.0,0.1888706684112548,0.1888706684112548,0.1888706684112548,Neu
zfZUOvZZTuk$_$8,1,2,0.0,0.4733259379863739,0.4733259379863739,0.4733259379863739,Neu
zhNksSReaQk$_$27,1,2,0.0,-0.0030722236260771,-0.0030722236260771,0.0030722236260771,Neu
zhNksSReaQk$_$44,0,2,-1.0,1.5737392902374268,2.5737392902374268,2.5737392902374268,Neg
zhNksSReaQk$_$28,0,0,-1.0,-0.2954695224761963,0.7045304775238037,0.7045304775238037,Neg
zhNksSReaQk$_$1,1,2,0.0,0.2629389762878418,0.2629389762878418,0.2629389762878418,Neu
zhNksSReaQk$_$4,0,0,-0.3333333432674408,-0.5436152815818787,-0.21028193831443787,0.21028193831443787,Neg
zhNksSReaQk$_$15,1,2,0.0,0.2542417049407959,0.2542417049407959,0.2542417049407959,Neu
zhNksSReaQk$_$36,1,0,0.0,-0.4934744834899902,-0.4934744834899902,0.4934744834899902,Neu
