checkpoint,split,class_bias,source,main_scenarios,n,missing_macro_f1,missing_mae,missing_accuracy,missing_weighted_f1,clean_macro_f1,clean_mae,clean_accuracy,clean_weighted_f1,clean_pearson
experiments/attn_gridmix_reg1_v1/runs/late_attn_tune/seed_1111/best.pt,test,"[-0.1, 0.15, 0]",reports/bias_combo_test_1111/metrics_per_scenario.csv,72,727,0.5706027609164113,0.7263122026732463,0.6063350145193336,0.609161045913527,0.6048198624490876,0.6895900293845206,0.6478679504814305,0.6461491620701324,0.5871884597012041
experiments/attn_gridmix_reg1_seed1112_v1/runs/late_attn_tune/seed_1112/best.pt,test,"[-0.1, 0.15, 0]",reports/bias_combo_test_1112/metrics_per_scenario.csv,72,727,0.5665843245066554,0.7282847857980439,0.604672932905395,0.6062165296457522,0.5990507944151053,0.6963651037513646,0.6451169188445667,0.6407718630325675,0.589254442990368
experiments/attn_gridmix_reg1_seed1113_v1/runs/late_attn_tune/seed_1113/best.pt,test,"[-0.1, 0.15, 0]",reports/bias_combo_test_1113/metrics_per_scenario.csv,72,727,0.5682262908815171,0.7266356128145676,0.6028198074277855,0.605768666983516,0.6036363102713946,0.6901431462259584,0.6464924346629987,0.6439166440514771,0.584062039744809
experiments/attn_40_v4/runs/late_attn_tune/seed_1111/best.pt,test,,reports/exploratory/attn_40_v4/20260925T045843304434Z/metrics_per_scenario.csv,72,727,0.5602939632730646,0.7369641478086195,0.6078442610423352,0.6037439118952087,0.5995877412246928,0.7035173280081332,0.656121045392022,0.6449938496949906,0.5911198474337469
experiments/attn_aux0.05_v1/runs/late_aux_tune/seed_1111/best.pt,test,,reports/exploratory/attn_aux0.05_v1/20260925T045350562662Z/metrics_per_scenario.csv,72,727,0.5689608985717414,0.7258970724478248,0.6141487085434816,0.6117353639428299,0.5973205435651479,0.6888345404067865,0.6519944979367263,0.6431535135028154,0.5875668397118872
experiments/attn_aux0.2_seed1112_v1/runs/late_aux_tune/seed_1112/best.pt,test,,reports/exploratory/attn_aux0.2_seed1112_v1/20260925T050640164751Z/metrics_per_scenario.csv,72,727,0.5624935835989727,0.7265939162973015,0.6118752865657955,0.6071978574359376,0.5984743300193852,0.6941575445414122,0.6547455295735901,0.6441059837374661,0.5904094121437606
experiments/attn_aux0.2_seed1113_v1/runs/late_aux_tune/seed_1113/best.pt,test,,reports/exploratory/attn_aux0.2_seed1113_v1/20260925T051032597061Z/metrics_per_scenario.csv,72,727,0.5675870679106464,0.7274278383097856,0.612486626929543,0.609841340044271,0.6014025621022282,0.6917769241305594,0.6547455295735901,0.6463306585647637,0.5826731953714204
experiments/attn_aux0.2_v1/runs/late_aux_tune/seed_1111/best.pt,test,,reports/exploratory/attn_aux0.2_v1/20260925T045743774791Z/metrics_per_scenario.csv,72,727,0.5683607182365998,0.725432914146928,0.6136137857252025,0.6112333480296372,0.6032496634935419,0.6877540287867885,0.656121045392022,0.6477005121184646,0.5880554170326903
experiments/attn_aux0_v1/runs/late_aux_tune/seed_1111/best.pt,test,,reports/exploratory/attn_aux0_v1/20260925T044953444904Z/metrics_per_scenario.csv,72,727,0.5689897763272036,0.7263121986180681,0.6144925874980895,0.6119514358990779,0.5969270106029502,0.6895900185212257,0.6533700137551581,0.6442054228607123,0.5871884647378189
experiments/attn_bert8_all_seed1112_v1/runs/late_attn_tune/seed_1112/best.pt,test,,reports/exploratory/attn_bert8_all_seed1112_v1/20260925T080209860339Z/metrics_per_scenario.csv,72,727,0.5611380532753424,0.7279616411753069,0.6132316979978603,0.6075310935439486,0.5927962866291717,0.6861541380944368,0.6547455295735901,0.6424658122027294,0.6157292243034364
experiments/attn_bert8_all_seed1113_v1/runs/late_attn_tune/seed_1113/best.pt,test,,reports/exploratory/attn_bert8_all_seed1113_v1/20260925T080729126175Z/metrics_per_scenario.csv,72,727,0.5675131323424065,0.7195693885493445,0.6121809567476693,0.6103363262027158,0.5972590317833147,0.678888736702015,0.6506189821182944,0.6426691612204196,0.6195047786279083
experiments/attn_bert8_all_v1/runs/late_attn_tune/seed_1111/best.pt,test,,reports/exploratory/attn_bert8_all_v1/20260925T074839047538Z/metrics_per_scenario.csv,72,727,0.5754693610790069,0.7215708345859393,0.6267576035457741,0.620922962084125,0.618618260022643,0.6841216932093799,0.6740027510316369,0.663502611084282,0.6080648254718406
experiments/attn_bert8_v1/runs/late_attn_tune/seed_1111/best.pt,test,,reports/exploratory/attn_bert8_v1/20260925T063145191981Z/metrics_per_scenario.csv,72,727,0.5687325573607036,0.7188575904038511,0.6200710683172858,0.6142345541919102,0.5992485531618338,0.6811938406313491,0.6602475928473177,0.6470771348818574,0.6131309789328337
experiments/attn_embeddings_v1/runs/late_attn_tune/seed_1111/best.pt,test,,reports/exploratory/attn_embeddings_v1/20260925T045823283760Z/metrics_per_scenario.csv,72,727,0.560244723494725,0.7359499524523014,0.6008711600183402,0.601266606331532,0.585386838918499,0.7009048290589781,0.6368638239339752,0.6305464437783379,0.5851715398220295
experiments/attn_feature_kd0.2_v1/runs/late_attn_tune/seed_1111/best.pt,test,,reports/exploratory/attn_feature_kd0.2_v1/20260925T055123735456Z/metrics_per_scenario.csv,72,727,0.5669032004455793,0.7281614657065391,0.6143397524071528,0.6106319794630937,0.5926556287106294,0.6909509273753547,0.6519944979367263,0.6409504495793392,0.5876272640416986
experiments/attn_feature_kd0_v1/runs/late_attn_tune/seed_1111/best.pt,test,,reports/exploratory/attn_feature_kd0_v1/20260925T054716639851Z/metrics_per_scenario.csv,72,727,0.5689897763272036,0.7263122026732463,0.6144925874980895,0.6119514358990779,0.5969270106029502,0.6895900293845206,0.6533700137551581,0.6442054228607123,0.5871884597012041
experiments/attn_feature_kd1.0_v1/runs/late_attn_tune/seed_1111/best.pt,test,,reports/exploratory/attn_feature_kd1.0_v1/20260925T055529561400Z/metrics_per_scenario.csv,72,727,0.5664332692858226,0.7237469103210271,0.6154669112028122,0.6110600802015534,0.5936579609394438,0.6869271481007739,0.6519944979367263,0.641398319292114,0.5911080130073423
experiments/attn_gridmix_reg1_clip3_v1/runs/late_attn_tune/seed_1111/best.pt,test,,reports/exploratory/attn_gridmix_reg1_clip3_v1/20260925T051416790489Z/metrics_per_scenario.csv,72,727,0.5693215756324932,0.7259326766081009,0.6148364664526975,0.6122383490321839,0.597715015086642,0.6891347355151003,0.6533700137551581,0.6447904577032844,0.5880671034615117
experiments/attn_gridmix_reg1_clip5_v1/runs/late_attn_tune/seed_1111/best.pt,test,,reports/exploratory/attn_gridmix_reg1_clip5_v1/20260925T051758090437Z/metrics_per_scenario.csv,72,727,0.5691632490073275,0.7257273548217865,0.6146645269753935,0.6121160074950692,0.5968178276003702,0.6887976143885778,0.6533700137551581,0.6440423241801043,0.5880080386142361
experiments/attn_gridprob.75_v1/runs/late_attn_tune/seed_1111/best.pt,test,,reports/exploratory/attn_gridprob.75_v1/20260925T065457688152Z/metrics_per_scenario.csv,72,727,0.5685554181845508,0.725627508271898,0.6146263182026593,0.6117456174102991,0.5980779473768941,0.6890157856453246,0.6533700137551581,0.6445582401589875,0.5874921444519227
experiments/attn_gridprob1.0_seed1112_v1/runs/late_attn_tune/seed_1112/best.pt,test,,reports/exploratory/attn_gridprob1.0_seed1112_v1/20260925T071514787651Z/metrics_per_scenario.csv,72,727,0.5647089564580553,0.7266621739095892,0.6142824392480514,0.6093012802801586,0.6056130277249617,0.6950617308710462,0.6602475928473177,0.6500141300707677,0.5899259233802255
experiments/attn_gridprob1.0_seed1113_v1/runs/late_attn_tune/seed_1113/best.pt,test,,reports/exploratory/attn_gridprob1.0_seed1113_v1/20260925T073544888781Z/metrics_per_scenario.csv,72,727,0.5697416365132538,0.7231757767285358,0.6153140761118753,0.6121822497171591,0.6047896075635125,0.6873655639452081,0.657496561210454,0.6489120026771543,0.5854901113858783
experiments/attn_gridprob1.0_v1/runs/late_attn_tune/seed_1111/best.pt,test,,reports/exploratory/attn_gridprob1.0_v1/20260925T065857348743Z/metrics_per_scenario.csv,72,727,0.5696837776770783,0.7256273028280188,0.6157343726119517,0.6128363310967492,0.5992089862246749,0.6892099971570743,0.6547455295735901,0.6459744883697291,0.587410985014229
experiments/attn_pw1_v1/runs/late_attn_tune/seed_1111/best.pt,test,,reports/exploratory/attn_pw1_v1/20260925T045923302284Z/metrics_per_scenario.csv,72,727,0.5590742954090527,0.7329097619906082,0.5892365887207703,0.5944353929626041,0.5838165247646342,0.6966637641504059,0.6272352132049519,0.6260070865510401,0.5875114816544637
experiments/attn_runweight_v1/runs/late_attn_runweight_tune/seed_1111/best.pt,test,,reports/exploratory/attn_runweight_v1/20260925T050023025868Z/metrics_per_scenario.csv,72,727,0.558049635643013,0.7315080594614236,0.6012341433593154,0.6001296039478381,0.5829177616270652,0.6957552035132928,0.6382393397524071,0.6295716763009196,0.585344362829979
experiments/attn_textlr3e5_v1/runs/late_attn_tune/seed_1111/best.pt,test,,reports/exploratory/attn_textlr3e5_v1/20260925T050002981672Z/metrics_per_scenario.csv,72,727,0.5449211669349818,0.7574370532166953,0.5835816903561057,0.5848775177276434,0.5668244582535316,0.7288099349543011,0.6121045392022009,0.6088801696179988,0.5538672654493971
experiments/attn_textstress_v1/runs/late_attn_tune/seed_1111/best.pt,test,,reports/exploratory/attn_textstress_v1/20260925T045943170693Z/metrics_per_scenario.csv,72,727,0.5605163000626194,0.7277014336697725,0.6160591471801925,0.6077639657613056,0.5904735282040187,0.6931663894554423,0.6519944979367263,0.6385306472999907,0.6011034214238222
experiments/attn_video_balanced_v1/runs/late_attn_tune/seed_1111/best.pt,test,,reports/exploratory/attn_video_balanced_v1/20260925T045903279443Z/metrics_per_scenario.csv,72,727,0.5587734500570516,0.7342711748471964,0.5966299862448419,0.5987457644471395,0.5914471480618322,0.6985978078282217,0.6382393397524071,0.6345760774408349,0.5861298762633073
experiments/av_branch_v1/runs/late_av_tune/seed_1111/best.pt,test,,reports/exploratory/av_branch_v1/20260925T050105294826Z/metrics_per_scenario.csv,72,727,0.5574241632757437,0.7280770743075534,0.5990180345407305,0.5990071213150402,0.579909800636064,0.691485938001834,0.6327372764786795,0.6262958114613659,0.5898117683004827
experiments/bert8_ablate_mean_pool_v1/runs/late_pool_tune_aug/seed_1111/best.pt,test,,reports/exploratory/bert8_ablate_mean_pool_v1/20260925T082744793170Z/metrics_per_scenario.csv,72,727,0.5676883171592326,0.7196873763460869,0.617339141066789,0.6128980192696866,0.6061582166402032,0.6835394649973916,0.6602475928473177,0.6511285053487966,0.6124308185671586
experiments/bert8_ablate_no_cls_v1/runs/late_attn_tune/seed_1111/best.pt,test,,reports/exploratory/bert8_ablate_no_cls_v1/20260925T081800278572Z/metrics_per_scenario.csv,72,727,0.5664125014579002,0.7170551546974114,0.619440623567171,0.6129324062541465,0.6031432088200024,0.6793545106300338,0.6629986244841816,0.650814195103509,0.6136603551930943
experiments/bert8_ablate_no_corruption_v1/runs/late_attn_tune/seed_1111/best.pt,test,,reports/exploratory/bert8_ablate_no_corruption_v1/20260925T081240965045Z/metrics_per_scenario.csv,72,727,0.5503546369231019,0.7172351961532869,0.6117033470884915,0.6012227751820273,0.580116549986871,0.6800986059747273,0.6547455295735901,0.6343923761203666,0.6182334113187707
experiments/gate_v1/runs/late_gate_tune/seed_1111/best.pt,test,,reports/exploratory/gate_v1/20260925T050125365217Z/metrics_per_scenario.csv,72,727,0.5554041642258007,0.7318454753369334,0.6037559223597737,0.5997141168325675,0.5883599212919831,0.6937218221838675,0.6423658872077029,0.6329575320860176,0.5818440974769505
experiments/gru_av_v1/runs/late_gru_tune/seed_1111/best.pt,test,,reports/exploratory/gru_av_v1/20260925T050043250408Z/metrics_per_scenario.csv,72,727,0.5531330314343994,0.7509633356288041,0.6034311477915328,0.5985804265392844,0.5788089120643424,0.716536278549314,0.6396148555708391,0.6277258178850725,0.5903850294813091
experiments/attn_reg0.05_v1/runs/late_attn_tune/seed_1111/best.pt,test,,reports/final_controls/attn_reg0.05_v1_seed1111/metrics_per_scenario.csv,72,727,0.5588974256780502,0.7518637938177881,0.6053224820418768,0.6023271154875245,0.592297363166221,0.720881722175242,0.6478679504814305,0.6381380263987743,0.5895398031469934
experiments/attn_reg1.0_v1/runs/late_attn_tune/seed_1111/best.pt,test,,reports/final_controls/attn_reg1.0_v1_seed1111/metrics_per_scenario.csv,72,727,0.5681514777395285,0.7290447617763824,0.6126203576341128,0.6106058744762982,0.6027574417244973,0.6920507396763496,0.656121045392022,0.6476356820530799,0.585402150844886
runs_baseline_20260924/full/seed_1111/best.pt,test,,reports/final_controls/baseline_full_seed1111/metrics_per_scenario.csv,72,727,0.5018528457194755,0.8617996581024207,0.545735900962861,0.5459010824575553,0.5171288952626761,0.8456086575768137,0.5653370013755158,0.5630506988574743,0.49438774235254274
runs_baseline_20260924/full/seed_1112/best.pt,test,,reports/final_controls/baseline_full_seed1112/metrics_per_scenario.csv,72,727,0.49870669553498914,0.8289816798701971,0.5691578786489377,0.5527573954002349,0.5329441692572222,0.7955761251025071,0.6079779917469051,0.587699158201987,0.5031789641620681
runs_baseline_20260924/full/seed_1113/best.pt,test,,reports/final_controls/baseline_full_seed1113/metrics_per_scenario.csv,72,727,0.4882153537923798,0.8474815280051566,0.5617453767384991,0.5433629855626645,0.5313692075112851,0.8270232982022695,0.5969738651994498,0.581659007599887,0.49695183790321606
runs_baseline_20260924/late_aug/seed_1111/best.pt,test,,reports/final_controls/baseline_late_aug_seed1111/metrics_per_scenario.csv,72,727,0.5093998328310391,0.8324844439376567,0.567438483875898,0.558030430245394,0.5357590166810167,0.8043621392466481,0.6024759284731774,0.5860726252500308,0.485485066477341
runs_baseline_20260924/late_aug/seed_1112/best.pt,test,,reports/final_controls/baseline_late_aug_seed1112/metrics_per_scenario.csv,72,727,0.5138378585857617,0.8195901506043448,0.5638850680116154,0.5591711093735401,0.5371105340771023,0.7826983995206892,0.5887207702888583,0.5828560934967421,0.5248309687805998
runs_baseline_20260924/late_aug/seed_1113/best.pt,test,,reports/final_controls/baseline_late_aug_seed1113/metrics_per_scenario.csv,72,727,0.5106351958537525,0.8160768835719086,0.5938407458352438,0.5688733857882879,0.5398442895732002,0.7905744400839072,0.6272352132049519,0.5972974351803835,0.5429402666446644
runs_baseline_20260924/late_clean/seed_1111/best.pt,test,,reports/final_controls/baseline_late_clean_seed1111/metrics_per_scenario.csv,72,727,0.4988530413580339,0.8296366902152948,0.5762838147638698,0.5555225105913766,0.514593266688137,0.8051847228216727,0.6052269601100413,0.5747999228308077,0.4798473153108676
runs_baseline_20260924/late_clean/seed_1112/best.pt,test,,reports/final_controls/baseline_late_clean_seed1112/metrics_per_scenario.csv,72,727,0.49800716348104274,0.8084617024333064,0.5489072290998014,0.5434257049215312,0.519292726668341,0.7749422974778823,0.5735900962861072,0.5657425179559321,0.5168582149258117
runs_baseline_20260924/late_clean/seed_1113/best.pt,test,,reports/final_controls/baseline_late_clean_seed1113/metrics_per_scenario.csv,72,727,0.4972934221899626,0.8144659231274347,0.551104233532019,0.5470481214619086,0.5325307320920394,0.7886379625772522,0.5887207702888583,0.5827070516299585,0.5168736468547133
experiments/full_tune_stress_v3/runs/full_tune_stress/seed_1111/best.pt,test,,reports/final_controls/full_tune_stress_v3_seed1111/metrics_per_scenario.csv,72,727,0.5461982063187502,0.7548096917452288,0.6055326302919151,0.5946241414404332,0.5827079846275153,0.7153025937697081,0.6231086657496562,0.6228670817260701,0.5714736788998286
experiments/full_tune_v3/runs/full_tune/seed_1111/best.pt,test,,reports/final_controls/full_tune_v3_seed1111/metrics_per_scenario.csv,72,727,0.5421065687089784,0.7619198849838992,0.596477151153905,0.5886433546872512,0.5829824764268481,0.7084271395470091,0.6203576341127923,0.6220919719691667,0.5708211923107676
experiments/pool_clsctx_v3/runs/late_pool_tune/seed_1111/best.pt,test,,reports/final_controls/pool_clsctx_v3_seed1111/metrics_per_scenario.csv,72,727,0.562415629074203,0.7397553591825283,0.6069463548830812,0.6040875163849542,0.5999687756566994,0.7065815278436243,0.656121045392022,0.6449408168622223,0.5873260518153566
experiments/attn_gridmix_reg1_30_v1/runs/late_attn_tune/seed_1111/best.pt,test,,reports/gridmix_reg1_30_test/metrics_per_scenario.csv,72,727,0.5661114264460936,0.7247869700544016,0.6182752559987773,0.6116811410974206,0.5964056930349065,0.6880576772238365,0.656121045392022,0.6433289082563459,0.5923439004159337
experiments/attn_gridmix_reg1_pw0_v1/runs/late_attn_tune/seed_1111/best.pt,test,,reports/gridmix_reg1_pw0_test/metrics_per_scenario.csv,72,727,0.5511803420730836,0.730156419240577,0.6232232920678588,0.605006644223043,0.5681625958704045,0.6927056969530968,0.6506189821182944,0.6249819923694478,0.5859459597441464
experiments/attn_gridmix_reg1_pw1.0_v1/runs/late_attn_tune/seed_1111/best.pt,test,,reports/gridmix_reg1_pw1.0_test/metrics_per_scenario.csv,72,727,0.5619414474718147,0.7298134457136052,0.5884533088797189,0.5953495594837628,0.5858315869738735,0.6926206325185953,0.6231086657496562,0.6250630465345279,0.5870008318587491
experiments/attn_gridmix_reg1_seed1112_v1/runs/late_attn_tune/seed_1112/best.pt,test,,reports/gridmix_reg1_test_seed1112/metrics_per_scenario.csv,72,727,0.5633550311710329,0.7282847857980439,0.6122000611340364,0.6077065900424825,0.6000946568048188,0.6963651037513646,0.6547455295735901,0.6445119415976196,0.589254442990368
experiments/attn_gridmix_reg1_seed1113_v1/runs/late_attn_tune/seed_1113/best.pt,test,,reports/gridmix_reg1_test_seed1113/metrics_per_scenario.csv,72,727,0.5677272301936016,0.7266356128145676,0.6120472260430995,0.6096319080308485,0.59917962545942,0.6901431462259584,0.6519944979367263,0.643610539579819,0.584062039744809
experiments/attn_gridmix_reg1_v1/runs/late_attn_tune/seed_1111/best.pt,test,,reports/gridmix_test_combo/metrics_per_scenario.csv,72,727,0.5689897763272036,0.7263122026732463,0.6144925874980895,0.6119514358990779,0.5969270106029502,0.6895900293845206,0.6533700137551581,0.6442054228607123,0.5871884597012041
experiments/attn_cls_seed1113_v1/runs/late_attn_tune/seed_1113/best.pt,test,,reports/test/20260925T021018349348Z/metrics_per_scenario.csv,72,727,0.5581753312788188,0.72873510083826,0.5995911661317438,0.5984509280395308,0.5913958798164001,0.6919948069921258,0.6437414030261348,0.6357184545757731,0.5872238970344951
experiments/attn_cls_seed1112_v1/runs/late_attn_tune/seed_1112/best.pt,test,,reports/test/20260925T021321759898Z/metrics_per_scenario.csv,72,727,0.5580450872356955,0.7314576153920851,0.6060484487238269,0.6023129378221147,0.5902185493478891,0.7011145835033293,0.6478679504814305,0.6370365346600025,0.5855547156964036
experiments/attn_cls_seed1113_v1/runs/late_attn_tune/seed_1113/best.pt,test,"[-0.4, 0.05, 0.05]",reports/test/20260925T023121719340Z/metrics_per_scenario.csv,72,727,0.5668827135137309,0.72873510083826,0.6043099495644201,0.6053696802144327,0.605200777602725,0.6919948069921258,0.6519944979367263,0.6468069017473098,0.5872238970344951
experiments/attn_tune_v3/runs/late_attn_tune/seed_1111/best.pt,test,,reports/test/metrics_per_scenario.csv,72,727,0.5633620074062128,0.730062248819643,0.6068890417239798,0.6052862740682491,0.6025887890457852,0.69425459940978,0.6547455295735901,0.6469206279697634,0.5975545272401729
