sample_id,sample_index,original_paired_use,original_group,semantic_status,temporal_status,stage2_visual_status,stage3_visual_status,visual_status,mapping_status,resolution_status,resolution_reason,candidate_only,production_written,usable_text,usable_audio_fraction,usable_visual_fraction,usable_trimodal_fraction,reason,recommended_semantic_status,recommended_temporal_status,recommended_visual_segments,recommended_masks,recommended_resolution_status,writeback_recommended,proposed_paired_use,direct_talknet_fraction,continuity_recovered_fraction,visual_usable_fraction,mapping_candidate_sample_id,requires_explicit_review,writeback_approved,writeback_executed
-3g5yACwYnA$_$13,0,1,no_alert,MATCH_STRONG,VERIFIED,partially_verified,FULLY_VERIFIED,FULLY_VERIFIED,NOT_SUSPECTED,RESOLVED_VALID,semantic_time_and_visual_evidence_are_sufficient,1,0,0.68,1.0,1.0,0.68,semantic_time_and_visual_evidence_are_sufficient,MATCH_STRONG,VERIFIED,[],"{""audio_mask_required"":false,""vision_mask_nonverified_segments"":true,""no_face_full_vision_mask"":false}",RESOLVED_VALID,1,1,,,,,0,0,0
-3g5yACwYnA$_$2,1,1,no_alert,MATCH_STRONG,VERIFIED,partially_verified,FULLY_VERIFIED,FULLY_VERIFIED,NOT_SUSPECTED,RESOLVED_VALID,semantic_time_and_visual_evidence_are_sufficient,1,0,0.54,1.0,1.0,0.54,semantic_time_and_visual_evidence_are_sufficient,MATCH_STRONG,VERIFIED,[],"{""audio_mask_required"":false,""vision_mask_nonverified_segments"":true,""no_face_full_vision_mask"":false}",RESOLVED_VALID,1,1,,,,,0,0,0
-3g5yACwYnA$_$3,2,1,no_alert,MATCH_STRONG,VERIFIED,partially_verified,FULLY_VERIFIED,FULLY_VERIFIED,NOT_SUSPECTED,RESOLVED_VALID,semantic_time_and_visual_evidence_are_sufficient,1,0,0.8,1.0,1.0,0.8,semantic_time_and_visual_evidence_are_sufficient,MATCH_STRONG,VERIFIED,[],"{""audio_mask_required"":false,""vision_mask_nonverified_segments"":true,""no_face_full_vision_mask"":false}",RESOLVED_VALID,1,1,,,,,0,0,0
-3g5yACwYnA$_$9,3,1,no_alert,MATCH_STRONG,VERIFIED,partially_verified,FULLY_VERIFIED,FULLY_VERIFIED,NOT_SUSPECTED,RESOLVED_VALID,semantic_time_and_visual_evidence_are_sufficient,1,0,0.86,1.0,1.0,0.86,semantic_time_and_visual_evidence_are_sufficient,MATCH_STRONG,VERIFIED,[],"{""audio_mask_required"":false,""vision_mask_nonverified_segments"":true,""no_face_full_vision_mask"":false}",RESOLVED_VALID,1,1,,,,,0,0,0
-3nNcZdcdvU$_$5,4,1,no_alert,MATCH_STRONG,VERIFIED,partially_verified,FULLY_VERIFIED,FULLY_VERIFIED,NOT_SUSPECTED,RESOLVED_VALID,semantic_time_and_visual_evidence_are_sufficient,1,0,0.88,1.0,1.0,0.88,semantic_time_and_visual_evidence_are_sufficient,MATCH_STRONG,VERIFIED,[],"{""audio_mask_required"":false,""vision_mask_nonverified_segments"":true,""no_face_full_vision_mask"":false}",RESOLVED_VALID,1,1,,,,,0,0,0
-571d8cVauQ$_$0,5,1,no_alert,MATCH_STRONG,VERIFIED,partially_verified,FULLY_VERIFIED,FULLY_VERIFIED,NOT_SUSPECTED,RESOLVED_VALID,semantic_time_and_visual_evidence_are_sufficient,1,0,0.7,0.98,0.96,0.7,semantic_time_and_visual_evidence_are_sufficient,MATCH_STRONG,VERIFIED,[],"{""audio_mask_required"":false,""vision_mask_nonverified_segments"":true,""no_face_full_vision_mask"":false}",RESOLVED_VALID,1,1,,,,,0,0,0
-571d8cVauQ$_$5,6,1,no_alert,MATCH_STRONG,VERIFIED,unresolved,FULLY_VERIFIED,FULLY_VERIFIED,NOT_SUSPECTED,RESOLVED_VALID,semantic_time_and_visual_evidence_are_sufficient,1,0,0.92,1.0,1.0,0.92,semantic_time_and_visual_evidence_are_sufficient,MATCH_STRONG,VERIFIED,[],"{""audio_mask_required"":false,""vision_mask_nonverified_segments"":true,""no_face_full_vision_mask"":false}",RESOLVED_VALID,1,1,,,,,0,0,0
-6rXp3zJ3kc$_$8,7,1,no_alert,MATCH_STRONG,VERIFIED,fully_verified,FULLY_VERIFIED,FULLY_VERIFIED,NOT_SUSPECTED,RESOLVED_VALID,semantic_time_and_visual_evidence_are_sufficient,1,0,0.9,1.0,1.0,0.9,semantic_time_and_visual_evidence_are_sufficient,MATCH_STRONG,VERIFIED,[],"{""audio_mask_required"":false,""vision_mask_nonverified_segments"":true,""no_face_full_vision_mask"":false}",RESOLVED_VALID,1,1,,,,,0,0,0
-9y-fZ3swSY$_$0,8,1,no_alert,MATCH_STRONG,VERIFIED,unresolved,FULLY_VERIFIED,FULLY_VERIFIED,NOT_SUSPECTED,RESOLVED_VALID,semantic_time_and_visual_evidence_are_sufficient,1,0,0.9,0.98,1.0,0.9,semantic_time_and_visual_evidence_are_sufficient,MATCH_STRONG,VERIFIED,[],"{""audio_mask_required"":false,""vision_mask_nonverified_segments"":true,""no_face_full_vision_mask"":false}",RESOLVED_VALID,1,1,,,,,0,0,0
-9y-fZ3swSY$_$4,9,1,no_alert,MATCH_STRONG,VERIFIED,fully_verified,FULLY_VERIFIED,FULLY_VERIFIED,NOT_SUSPECTED,RESOLVED_VALID,semantic_time_and_visual_evidence_are_sufficient,1,0,0.82,0.96,0.96,0.82,semantic_time_and_visual_evidence_are_sufficient,MATCH_STRONG,VERIFIED,[],"{""audio_mask_required"":false,""vision_mask_nonverified_segments"":true,""no_face_full_vision_mask"":false}",RESOLVED_VALID,1,1,,,,,0,0,0
-9y-fZ3swSY$_$8,10,0,identity_only,MATCH_STRONG,VERIFIED,unresolved,UNRESOLVED,UNRESOLVED,NOT_SUSPECTED,UNRESOLVED,target_visual_identity_remains_unresolved,1,0,0.82,1.0,0.0,0.0,target_visual_identity_remains_unresolved,MATCH_STRONG,VERIFIED,[],"{""audio_mask_required"":false,""vision_mask_nonverified_segments"":true,""no_face_full_vision_mask"":false}",UNRESOLVED,0,0,0.0,0.0,0.0,,1,0,0
-AUZQgSxyPQ$_$2,11,1,no_alert,MATCH_STRONG,PARTIAL,partially_verified,FULLY_VERIFIED,FULLY_VERIFIED,NOT_SUSPECTED,RESOLVED_PARTIAL,usable_evidence_is_partial_and_unreliable_regions_are_explicitly_masked,1,0,0.98,0.94,1.0,0.94,usable_evidence_is_partial_and_unreliable_regions_are_explicitly_masked,MATCH_STRONG,PARTIAL,[],"{""audio_mask_required"":false,""vision_mask_nonverified_segments"":true,""no_face_full_vision_mask"":false}",RESOLVED_PARTIAL,1,1,,,,,0,0,0
-HeZS2-Prhc$_$2,12,1,no_alert,MATCH_STRONG,PARTIAL,fully_verified,FULLY_VERIFIED,FULLY_VERIFIED,NOT_SUSPECTED,RESOLVED_PARTIAL,usable_evidence_is_partial_and_unreliable_regions_are_explicitly_masked,1,0,0.76,0.68,1.0,0.62,usable_evidence_is_partial_and_unreliable_regions_are_explicitly_masked,MATCH_STRONG,PARTIAL,[],"{""audio_mask_required"":false,""vision_mask_nonverified_segments"":true,""no_face_full_vision_mask"":false}",RESOLVED_PARTIAL,1,1,,,,,0,0,0
-HwX2H8Z4hY$_$2,13,0,identity_and_text_audio,CONFLICT,NOT_APPLICABLE,unresolved,UNRESOLVED,UNRESOLVED,NOT_SUSPECTED,UNRESOLVED,target_visual_identity_remains_unresolved,1,0,0.0,0.0,0.0,0.0,target_visual_identity_remains_unresolved,CONFLICT,NOT_APPLICABLE,[],"{""audio_mask_required"":true,""vision_mask_nonverified_segments"":true,""no_face_full_vision_mask"":false}",UNRESOLVED,0,0,0.0,0.0,0.0,,1,0,0
-HwX2H8Z4hY$_$5,14,0,identity_only,MATCH_STRONG,VERIFIED,unresolved,UNRESOLVED,UNRESOLVED,NOT_SUSPECTED,UNRESOLVED,target_visual_identity_remains_unresolved,1,0,0.82,1.0,0.0,0.0,target_visual_identity_remains_unresolved,MATCH_STRONG,VERIFIED,[],"{""audio_mask_required"":false,""vision_mask_nonverified_segments"":true,""no_face_full_vision_mask"":false}",UNRESOLVED,0,0,0.0,0.0,0.0,,1,0,0
-HwX2H8Z4hY$_$6,15,0,identity_only,MATCH_STRONG,VERIFIED,unresolved,UNRESOLVED,UNRESOLVED,NOT_SUSPECTED,UNRESOLVED,target_visual_identity_remains_unresolved,1,0,0.68,0.98,0.0,0.0,target_visual_identity_remains_unresolved,MATCH_STRONG,VERIFIED,[],"{""audio_mask_required"":false,""vision_mask_nonverified_segments"":true,""no_face_full_vision_mask"":false}",UNRESOLVED,0,0,0.0,0.0,0.0,,1,0,0
-HwX2H8Z4hY$_$9,16,0,identity_and_text_audio,MATCH_STRONG,VERIFIED,partially_verified,PARTIALLY_VERIFIED,PARTIALLY_VERIFIED,NOT_SUSPECTED,RESOLVED_PARTIAL,usable_evidence_is_partial_and_unreliable_regions_are_explicitly_masked,1,0,0.0,1.0,0.54,0.0,usable_evidence_is_partial_and_unreliable_regions_are_explicitly_masked,MATCH_STRONG,VERIFIED,"[{""start"":1.0,""end"":1.25,""status"":""VERIFIED_ACTIVE"",""identity"":""0""},{""start"":2.75,""end"":3.0,""status"":""VERIFIED_CONTINUITY"",""identity"":""0""},{""start"":3.0,""end"":3.25,""status"":""VERIFIED_CONTINUITY"",""identity"":""0""},{""start"":3.25,""end"":3.5,""status"":""VERIFIED_CONTINUITY"",""identity"":""0""},{""start"":3.5,""end"":3.75,""status"":""VERIFIED_CONTINUITY"",""identity"":""0""},{""start"":3.75,""end"":4.0,""status"":""VERIFIED_CONTINUITY"",""identity"":""0""},{""start"":4.0,""end"":4.25,""status"":""VERIFIED_CONTINUITY"",""identity"":""0""},{""start"":4.25,""end"":4.5,""status"":""VERIFIED_CONTINUITY"",""identity"":""0""},{""start"":4.5,""end"":4.75,""status"":""VERIFIED_CONTINUITY"",""identity"":""0""},{""start"":4.75,""end"":5.0,""status"":""VERIFIED_CONTINUITY"",""identity"":""0""},{""start"":5.0,""end"":5.25,""status"":""VERIFIED_CONTINUITY"",""identity"":""0""},{""start"":5.25,""end"":5.5,""status"":""VERIFIED_CONTINUITY"",""identity"":""0""},{""start"":5.5,""end"":5.75,""status"":""VERIFIED_CONTINUITY"",""identity"":""0""},{""start"":5.75,""end"":6.0,""status"":""VERIFIED_CONTINUITY"",""identity"":""0""},{""start"":6.0,""end"":6.25,""status"":""VERIFIED_ACTIVE"",""identity"":""0""},{""start"":6.25,""end"":6.5,""status"":""VERIFIED_ACTIVE"",""identity"":""0""},{""start"":6.5,""end"":6.75,""status"":""VERIFIED_ACTIVE"",""identity"":""0""},{""start"":6.75,""end"":7.0,""status"":""VERIFIED_ACTIVE"",""identity"":""0""},{""start"":7.0,""end"":7.25,""status"":""VERIFIED_ACTIVE"",""identity"":""0""},{""start"":7.25,""end"":7.5,""status"":""VERIFIED_ACTIVE"",""identity"":""0""},{""start"":7.5,""end"":7.733333333333333,""status"":""VERIFIED_ACTIVE"",""identity"":""0""}]","{""audio_mask_required"":false,""vision_mask_nonverified_segments"":true,""no_face_full_vision_mask"":false}",RESOLVED_PARTIAL,1,0,0.25646551724137934,0.4202586206896552,0.6767241379310345,,0,0,0
-I_e4mIh0yE$_$1,17,1,no_alert,MATCH_STRONG,VERIFIED,partially_verified,FULLY_VERIFIED,FULLY_VERIFIED,NOT_SUSPECTED,RESOLVED_VALID,semantic_time_and_visual_evidence_are_sufficient,1,0,0.8,0.98,1.0,0.8,semantic_time_and_visual_evidence_are_sufficient,MATCH_STRONG,VERIFIED,[],"{""audio_mask_required"":false,""vision_mask_nonverified_segments"":true,""no_face_full_vision_mask"":false}",RESOLVED_VALID,1,1,,,,,0,0,0
-I_e4mIh0yE$_$3,18,1,no_alert,MATCH_STRONG,PARTIAL,fully_verified,FULLY_VERIFIED,FULLY_VERIFIED,NOT_SUSPECTED,RESOLVED_PARTIAL,usable_evidence_is_partial_and_unreliable_regions_are_explicitly_masked,1,0,0.68,0.82,1.0,0.62,usable_evidence_is_partial_and_unreliable_regions_are_explicitly_masked,MATCH_STRONG,PARTIAL,[],"{""audio_mask_required"":false,""vision_mask_nonverified_segments"":true,""no_face_full_vision_mask"":false}",RESOLVED_PARTIAL,1,1,,,,,0,0,0
-MeTTeMJBNc$_$0,19,0,identity_only,MATCH_STRONG,VERIFIED,partially_verified,FULLY_VERIFIED,FULLY_VERIFIED,NOT_SUSPECTED,RESOLVED_VALID,semantic_time_and_visual_evidence_are_sufficient,1,0,0.86,1.0,0.98,0.86,semantic_time_and_visual_evidence_are_sufficient,MATCH_STRONG,VERIFIED,"[{""start"":0.0,""end"":0.25,""status"":""VERIFIED_CONTINUITY"",""identity"":""0""},{""start"":0.25,""end"":0.5,""status"":""VERIFIED_CONTINUITY"",""identity"":""0""},{""start"":0.5,""end"":0.75,""status"":""VERIFIED_CONTINUITY"",""identity"":""0""},{""start"":0.75,""end"":1.0,""status"":""VERIFIED_CONTINUITY"",""identity"":""0""},{""start"":1.0,""end"":1.25,""status"":""VERIFIED_CONTINUITY"",""identity"":""0""},{""start"":1.25,""end"":1.5,""status"":""VERIFIED_CONTINUITY"",""identity"":""0""},{""start"":1.5,""end"":1.75,""status"":""VERIFIED_CONTINUITY"",""identity"":""0""},{""start"":1.75,""end"":2.0,""status"":""VERIFIED_CONTINUITY"",""identity"":""0""},{""start"":2.0,""end"":2.25,""status"":""VERIFIED_CONTINUITY"",""identity"":""0""},{""start"":2.25,""end"":2.5,""status"":""VERIFIED_CONTINUITY"",""identity"":""0""},{""start"":2.5,""end"":2.75,""status"":""VERIFIED_CONTINUITY"",""identity"":""0""},{""start"":2.75,""end"":3.0,""status"":""VERIFIED_CONTINUITY"",""identity"":""0""},{""start"":3.0,""end"":3.25,""status"":""VERIFIED_CONTINUITY"",""identity"":""0""},{""start"":3.25,""end"":3.5,""status"":""VERIFIED_CONTINUITY"",""identity"":""0""},{""start"":3.5,""end"":3.75,""status"":""VERIFIED_CONTINUITY"",""identity"":""0""},{""start"":3.75,""end"":4.0,""status"":""VERIFIED_CONTINUITY"",""identity"":""0""},{""start"":4.0,""end"":4.25,""status"":""VERIFIED_CONTINUITY"",""identity"":""0""},{""start"":4.25,""end"":4.5,""status"":""VERIFIED_CONTINUITY"",""identity"":""0""},{""start"":4.5,""end"":4.75,""status"":""VERIFIED_CONTINUITY"",""identity"":""0""},{""start"":4.75,""end"":5.0,""status"":""VERIFIED_CONTINUITY"",""identity"":""0""},{""start"":5.0,""end"":5.25,""status"":""VERIFIED_CONTINUITY"",""identity"":""0""},{""start"":5.25,""end"":5.5,""status"":""VERIFIED_CONTINUITY"",""identity"":""0""},{""start"":5.5,""end"":5.75,""status"":""VERIFIED_ACTIVE"",""identity"":""0""},{""start"":5.75,""end"":6.0,""status"":""VERIFIED_ACTIVE"",""identity"":""0""},{""start"":6.0,""end"":6.25,""status"":""VERIFIED_CONTINUITY"",""identity"":""0""},{""start"":6.25,""end"":6.5,""status"":""VERIFIED_CONTINUITY"",""identity"":""0""},{""start"":6.5,""end"":6.75,""status"":""VERIFIED_CONTINUITY"",""identity"":""0""},{""start"":6.75,""end"":7.0,""status"":""VERIFIED_ACTIVE"",""identity"":""0""},{""start"":7.0,""end"":7.25,""status"":""VERIFIED_ACTIVE"",""identity"":""0""},{""start"":7.25,""end"":7.5,""status"":""VERIFIED_ACTIVE"",""identity"":""0""},{""start"":7.5,""end"":7.75,""status"":""VERIFIED_CONTINUITY"",""identity"":""0""},{""start"":7.75,""end"":8.0,""status"":""VERIFIED_CONTINUITY"",""identity"":""0""},{""start"":8.0,""end"":8.25,""status"":""VERIFIED_CONTINUITY"",""identity"":""0""},{""start"":8.25,""end"":8.5,""status"":""VERIFIED_CONTINUITY"",""identity"":""0""},{""start"":8.5,""end"":8.75,""status"":""VERIFIED_CONTINUITY"",""identity"":""0""},{""start"":8.75,""end"":9.0,""status"":""VERIFIED_CONTINUITY"",""identity"":""0""},{""start"":9.0,""end"":9.25,""status"":""VERIFIED_CONTINUITY"",""identity"":""0""},{""start"":9.25,""end"":9.333333333333334,""status"":""VERIFIED_CONTINUITY"",""identity"":""0""}]","{""audio_mask_required"":false,""vision_mask_nonverified_segments"":true,""no_face_full_vision_mask"":false}",RESOLVED_VALID,1,1,0.13392857142857142,0.8660714285714286,1.0,,0,0,0
-MeTTeMJBNc$_$13,20,1,no_alert,MATCH_STRONG,VERIFIED,unresolved,FULLY_VERIFIED,FULLY_VERIFIED,NOT_SUSPECTED,RESOLVED_VALID,semantic_time_and_visual_evidence_are_sufficient,1,0,0.72,0.98,0.98,0.72,semantic_time_and_visual_evidence_are_sufficient,MATCH_STRONG,VERIFIED,[],"{""audio_mask_required"":false,""vision_mask_nonverified_segments"":true,""no_face_full_vision_mask"":false}",RESOLVED_VALID,1,1,,,,,0,0,0
-MeTTeMJBNc$_$7,21,0,identity_only,MATCH_STRONG,VERIFIED,unresolved,AMBIGUOUS,AMBIGUOUS,NOT_SUSPECTED,RESOLVED_PARTIAL,usable_evidence_is_partial_and_unreliable_regions_are_explicitly_masked,1,0,0.88,1.0,0.0,0.0,usable_evidence_is_partial_and_unreliable_regions_are_explicitly_masked,MATCH_STRONG,VERIFIED,[],"{""audio_mask_required"":false,""vision_mask_nonverified_segments"":true,""no_face_full_vision_mask"":false}",RESOLVED_PARTIAL,1,0,0.0,0.0,0.0,,0,0,0
-NFrJFQijFE$_$1,22,0,vision_no_face_and_text_audio,CONFLICT,NOT_APPLICABLE,missing,MISSING,MISSING,NOT_SUSPECTED,RESOLVED_MISSING,visual_modality_is_confirmed_naturally_missing,1,0,0.0,0.0,0.0,0.0,visual_modality_is_confirmed_naturally_missing,CONFLICT,NOT_APPLICABLE,[],"{""audio_mask_required"":true,""vision_mask_nonverified_segments"":true,""no_face_full_vision_mask"":true}",RESOLVED_MISSING,1,0,0.0,0.0,0.0,,0,0,0
-NFrJFQijFE$_$2,23,0,vision_no_face_and_text_audio,CONFLICT,NOT_APPLICABLE,missing,MISSING,MISSING,NOT_SUSPECTED,RESOLVED_MISSING,visual_modality_is_confirmed_naturally_missing,1,0,0.0,0.0,0.0,0.0,visual_modality_is_confirmed_naturally_missing,CONFLICT,NOT_APPLICABLE,[],"{""audio_mask_required"":true,""vision_mask_nonverified_segments"":true,""no_face_full_vision_mask"":true}",RESOLVED_MISSING,1,0,0.0,0.0,0.0,,0,0,0
-RfYyzHpjk4$_$11,24,1,no_alert,MATCH_STRONG,VERIFIED,partially_verified,FULLY_VERIFIED,FULLY_VERIFIED,NOT_SUSPECTED,RESOLVED_VALID,semantic_time_and_visual_evidence_are_sufficient,1,0,0.74,0.98,0.94,0.74,semantic_time_and_visual_evidence_are_sufficient,MATCH_STRONG,VERIFIED,[],"{""audio_mask_required"":false,""vision_mask_nonverified_segments"":true,""no_face_full_vision_mask"":false}",RESOLVED_VALID,1,1,,,,,0,0,0
-RfYyzHpjk4$_$2,25,0,identity_only,MATCH_STRONG,VERIFIED,partially_verified,FULLY_VERIFIED,FULLY_VERIFIED,NOT_SUSPECTED,RESOLVED_VALID,semantic_time_and_visual_evidence_are_sufficient,1,0,0.84,1.0,1.0,0.84,semantic_time_and_visual_evidence_are_sufficient,MATCH_STRONG,VERIFIED,"[{""start"":0.0,""end"":0.25,""status"":""VERIFIED_CONTINUITY"",""identity"":""0""},{""start"":0.25,""end"":0.5,""status"":""VERIFIED_CONTINUITY"",""identity"":""0""},{""start"":0.5,""end"":0.75,""status"":""VERIFIED_ACTIVE"",""identity"":""0""},{""start"":0.75,""end"":1.0,""status"":""VERIFIED_ACTIVE"",""identity"":""0""},{""start"":1.0,""end"":1.25,""status"":""VERIFIED_ACTIVE"",""identity"":""0""},{""start"":1.25,""end"":1.5,""status"":""VERIFIED_ACTIVE"",""identity"":""0""},{""start"":1.5,""end"":1.75,""status"":""VERIFIED_ACTIVE"",""identity"":""0""},{""start"":1.75,""end"":2.0,""status"":""VERIFIED_ACTIVE"",""identity"":""0""},{""start"":2.0,""end"":2.25,""status"":""VERIFIED_CONTINUITY"",""identity"":""0""},{""start"":2.25,""end"":2.5,""status"":""VERIFIED_CONTINUITY"",""identity"":""0""},{""start"":2.5,""end"":2.75,""status"":""VERIFIED_CONTINUITY"",""identity"":""0""},{""start"":2.75,""end"":3.0,""status"":""VERIFIED_CONTINUITY"",""identity"":""0""},{""start"":3.0,""end"":3.25,""status"":""VERIFIED_CONTINUITY"",""identity"":""0""},{""start"":3.25,""end"":3.5,""status"":""VERIFIED_CONTINUITY"",""identity"":""0""},{""start"":3.5,""end"":3.75,""status"":""VERIFIED_CONTINUITY"",""identity"":""0""},{""start"":3.75,""end"":4.0,""status"":""VERIFIED_CONTINUITY"",""identity"":""0""},{""start"":4.0,""end"":4.25,""status"":""VERIFIED_CONTINUITY"",""identity"":""0""},{""start"":4.25,""end"":4.5,""status"":""VERIFIED_CONTINUITY"",""identity"":""0""},{""start"":4.5,""end"":4.75,""status"":""VERIFIED_CONTINUITY"",""identity"":""0""},{""start"":4.75,""end"":5.0,""status"":""VERIFIED_CONTINUITY"",""identity"":""0""},{""start"":5.0,""end"":5.25,""status"":""VERIFIED_CONTINUITY"",""identity"":""0""},{""start"":5.25,""end"":5.5,""status"":""VERIFIED_CONTINUITY"",""identity"":""0""}]","{""audio_mask_required"":false,""vision_mask_nonverified_segments"":true,""no_face_full_vision_mask"":false}",RESOLVED_VALID,1,1,0.2727272727272727,0.7272727272727273,1.0,,0,0,0
-RfYyzHpjk4$_$8,26,1,no_alert,MATCH_STRONG,VERIFIED,partially_verified,FULLY_VERIFIED,FULLY_VERIFIED,NOT_SUSPECTED,RESOLVED_VALID,semantic_time_and_visual_evidence_are_sufficient,1,0,0.82,1.0,0.96,0.78,semantic_time_and_visual_evidence_are_sufficient,MATCH_STRONG,VERIFIED,[],"{""audio_mask_required"":false,""vision_mask_nonverified_segments"":true,""no_face_full_vision_mask"":false}",RESOLVED_VALID,1,1,,,,,0,0,0
-THoVjtIkeU$_$12,27,1,no_alert,MATCH_STRONG,VERIFIED,partially_verified,FULLY_VERIFIED,FULLY_VERIFIED,NOT_SUSPECTED,RESOLVED_VALID,semantic_time_and_visual_evidence_are_sufficient,1,0,0.82,1.0,1.0,0.82,semantic_time_and_visual_evidence_are_sufficient,MATCH_STRONG,VERIFIED,[],"{""audio_mask_required"":false,""vision_mask_nonverified_segments"":true,""no_face_full_vision_mask"":false}",RESOLVED_VALID,1,1,,,,,0,0,0
-THoVjtIkeU$_$2,28,1,no_alert,MATCH_STRONG,VERIFIED,partially_verified,FULLY_VERIFIED,FULLY_VERIFIED,NOT_SUSPECTED,RESOLVED_VALID,semantic_time_and_visual_evidence_are_sufficient,1,0,0.72,1.0,1.0,0.72,semantic_time_and_visual_evidence_are_sufficient,MATCH_STRONG,VERIFIED,[],"{""audio_mask_required"":false,""vision_mask_nonverified_segments"":true,""no_face_full_vision_mask"":false}",RESOLVED_VALID,1,1,,,,,0,0,0
-THoVjtIkeU$_$6,29,0,identity_only,MATCH_STRONG,VERIFIED,partially_verified,PARTIALLY_VERIFIED,PARTIALLY_VERIFIED,NOT_SUSPECTED,RESOLVED_PARTIAL,usable_evidence_is_partial_and_unreliable_regions_are_explicitly_masked,1,0,0.88,1.0,0.8,0.74,usable_evidence_is_partial_and_unreliable_regions_are_explicitly_masked,MATCH_STRONG,VERIFIED,"[{""start"":0.5,""end"":0.75,""status"":""VERIFIED_ACTIVE"",""identity"":""0""},{""start"":1.75,""end"":2.0,""status"":""VERIFIED_ACTIVE"",""identity"":""0""},{""start"":2.0,""end"":2.25,""status"":""VERIFIED_ACTIVE"",""identity"":""0""},{""start"":2.25,""end"":2.5,""status"":""VERIFIED_ACTIVE"",""identity"":""0""},{""start"":2.5,""end"":2.75,""status"":""VERIFIED_ACTIVE"",""identity"":""0""},{""start"":2.75,""end"":3.0,""status"":""VERIFIED_ACTIVE"",""identity"":""0""},{""start"":3.0,""end"":3.25,""status"":""VERIFIED_ACTIVE"",""identity"":""0""},{""start"":3.25,""end"":3.5,""status"":""VERIFIED_ACTIVE"",""identity"":""0""},{""start"":3.5,""end"":3.75,""status"":""VERIFIED_ACTIVE"",""identity"":""0""},{""start"":3.75,""end"":4.0,""status"":""VERIFIED_ACTIVE"",""identity"":""0""},{""start"":4.0,""end"":4.25,""status"":""VERIFIED_ACTIVE"",""identity"":""0""},{""start"":4.25,""end"":4.5,""status"":""VERIFIED_ACTIVE"",""identity"":""0""},{""start"":4.5,""end"":4.75,""status"":""VERIFIED_ACTIVE"",""identity"":""0""},{""start"":4.75,""end"":5.0,""status"":""VERIFIED_ACTIVE"",""identity"":""0""},{""start"":5.0,""end"":5.25,""status"":""VERIFIED_ACTIVE"",""identity"":""0""},{""start"":5.25,""end"":5.5,""status"":""VERIFIED_ACTIVE"",""identity"":""0""},{""start"":5.5,""end"":5.75,""status"":""VERIFIED_ACTIVE"",""identity"":""0""},{""start"":5.75,""end"":6.0,""status"":""VERIFIED_ACTIVE"",""identity"":""0""},{""start"":6.0,""end"":6.25,""status"":""VERIFIED_ACTIVE"",""identity"":""0""},{""start"":6.25,""end"":6.5,""status"":""VERIFIED_ACTIVE"",""identity"":""0""},{""start"":6.5,""end"":6.75,""status"":""VERIFIED_ACTIVE"",""identity"":""0""},{""start"":6.75,""end"":7.0,""status"":""VERIFIED_ACTIVE"",""identity"":""0""},{""start"":7.0,""end"":7.25,""status"":""VERIFIED_ACTIVE"",""identity"":""0""},{""start"":7.25,""end"":7.5,""status"":""VERIFIED_ACTIVE"",""identity"":""0""},{""start"":7.5,""end"":7.75,""status"":""VERIFIED_ACTIVE"",""identity"":""0""}]","{""audio_mask_required"":false,""vision_mask_nonverified_segments"":true,""no_face_full_vision_mask"":false}",RESOLVED_PARTIAL,1,1,0.7747933884297521,0.0,0.7747933884297521,,0,0,0
-UUCSKoHeMA$_$0,30,1,no_alert,MATCH_STRONG,VERIFIED,partially_verified,FULLY_VERIFIED,FULLY_VERIFIED,NOT_SUSPECTED,RESOLVED_VALID,semantic_time_and_visual_evidence_are_sufficient,1,0,0.78,1.0,0.98,0.78,semantic_time_and_visual_evidence_are_sufficient,MATCH_STRONG,VERIFIED,[],"{""audio_mask_required"":false,""vision_mask_nonverified_segments"":true,""no_face_full_vision_mask"":false}",RESOLVED_VALID,1,1,,,,,0,0,0
-UacrmKiTn4$_$10,31,1,no_alert,MATCH_STRONG,VERIFIED,partially_verified,FULLY_VERIFIED,FULLY_VERIFIED,NOT_SUSPECTED,RESOLVED_VALID,semantic_time_and_visual_evidence_are_sufficient,1,0,0.78,1.0,1.0,0.78,semantic_time_and_visual_evidence_are_sufficient,MATCH_STRONG,VERIFIED,[],"{""audio_mask_required"":false,""vision_mask_nonverified_segments"":true,""no_face_full_vision_mask"":false}",RESOLVED_VALID,1,1,,,,,0,0,0
-UacrmKiTn4$_$4,32,1,no_alert,MATCH_STRONG,VERIFIED,partially_verified,FULLY_VERIFIED,FULLY_VERIFIED,NOT_SUSPECTED,RESOLVED_VALID,semantic_time_and_visual_evidence_are_sufficient,1,0,0.8,1.0,1.0,0.8,semantic_time_and_visual_evidence_are_sufficient,MATCH_STRONG,VERIFIED,[],"{""audio_mask_required"":false,""vision_mask_nonverified_segments"":true,""no_face_full_vision_mask"":false}",RESOLVED_VALID,1,1,,,,,0,0,0
-UuX1xuaiiE$_$0,33,0,identity_only,MATCH_STRONG,VERIFIED,unresolved,AMBIGUOUS,AMBIGUOUS,NOT_SUSPECTED,RESOLVED_PARTIAL,usable_evidence_is_partial_and_unreliable_regions_are_explicitly_masked,1,0,0.68,0.98,0.0,0.0,usable_evidence_is_partial_and_unreliable_regions_are_explicitly_masked,MATCH_STRONG,VERIFIED,[],"{""audio_mask_required"":false,""vision_mask_nonverified_segments"":true,""no_face_full_vision_mask"":false}",RESOLVED_PARTIAL,1,0,0.0,0.0,0.0,,0,0,0
-UuX1xuaiiE$_$1,34,0,identity_only,MATCH_STRONG,VERIFIED,unresolved,AMBIGUOUS,AMBIGUOUS,NOT_SUSPECTED,RESOLVED_PARTIAL,usable_evidence_is_partial_and_unreliable_regions_are_explicitly_masked,1,0,0.76,1.0,0.0,0.0,usable_evidence_is_partial_and_unreliable_regions_are_explicitly_masked,MATCH_STRONG,VERIFIED,[],"{""audio_mask_required"":false,""vision_mask_nonverified_segments"":true,""no_face_full_vision_mask"":false}",RESOLVED_PARTIAL,1,0,0.0,0.0,0.0,,0,0,0
-UuX1xuaiiE$_$3,35,0,identity_only,MATCH_STRONG,VERIFIED,partially_verified,FULLY_VERIFIED,FULLY_VERIFIED,NOT_SUSPECTED,RESOLVED_VALID,semantic_time_and_visual_evidence_are_sufficient,1,0,0.72,1.0,0.88,0.7,semantic_time_and_visual_evidence_are_sufficient,MATCH_STRONG,VERIFIED,"[{""start"":0.0,""end"":0.25,""status"":""VERIFIED_CONTINUITY"",""identity"":""0""},{""start"":0.25,""end"":0.5,""status"":""VERIFIED_CONTINUITY"",""identity"":""0""},{""start"":0.5,""end"":0.75,""status"":""VERIFIED_CONTINUITY"",""identity"":""0""},{""start"":0.75,""end"":1.0,""status"":""VERIFIED_CONTINUITY"",""identity"":""0""},{""start"":1.0,""end"":1.25,""status"":""VERIFIED_CONTINUITY"",""identity"":""0""},{""start"":1.25,""end"":1.5,""status"":""VERIFIED_CONTINUITY"",""identity"":""0""},{""start"":1.5,""end"":1.75,""status"":""VERIFIED_CONTINUITY"",""identity"":""0""},{""start"":1.75,""end"":2.0,""status"":""VERIFIED_CONTINUITY"",""identity"":""0""},{""start"":2.0,""end"":2.25,""status"":""VERIFIED_CONTINUITY"",""identity"":""0""},{""start"":2.25,""end"":2.5,""status"":""VERIFIED_CONTINUITY"",""identity"":""0""},{""start"":2.5,""end"":2.75,""status"":""VERIFIED_ACTIVE"",""identity"":""0""},{""start"":2.75,""end"":3.0,""status"":""VERIFIED_ACTIVE"",""identity"":""0""},{""start"":3.0,""end"":3.25,""status"":""VERIFIED_CONTINUITY"",""identity"":""0""},{""start"":3.25,""end"":3.5,""status"":""VERIFIED_CONTINUITY"",""identity"":""0""},{""start"":3.5,""end"":3.75,""status"":""VERIFIED_CONTINUITY"",""identity"":""0""}]","{""audio_mask_required"":false,""vision_mask_nonverified_segments"":true,""no_face_full_vision_mask"":false}",RESOLVED_VALID,1,1,0.12195121951219513,0.7926829268292683,0.9146341463414634,,0,0,0
-UuX1xuaiiE$_$6,36,0,identity_only,MATCH_STRONG,VERIFIED,partially_verified,FULLY_VERIFIED,FULLY_VERIFIED,NOT_SUSPECTED,RESOLVED_VALID,semantic_time_and_visual_evidence_are_sufficient,1,0,0.8,1.0,1.0,0.8,semantic_time_and_visual_evidence_are_sufficient,MATCH_STRONG,VERIFIED,"[{""start"":0.0,""end"":0.25,""status"":""VERIFIED_CONTINUITY"",""identity"":""0""},{""start"":0.25,""end"":0.5,""status"":""VERIFIED_CONTINUITY"",""identity"":""0""},{""start"":0.5,""end"":0.75,""status"":""VERIFIED_CONTINUITY"",""identity"":""0""},{""start"":0.75,""end"":1.0,""status"":""VERIFIED_ACTIVE"",""identity"":""0""},{""start"":1.0,""end"":1.25,""status"":""VERIFIED_CONTINUITY"",""identity"":""0""},{""start"":1.25,""end"":1.5,""status"":""VERIFIED_CONTINUITY"",""identity"":""0""},{""start"":1.5,""end"":1.75,""status"":""VERIFIED_CONTINUITY"",""identity"":""0""},{""start"":1.75,""end"":2.0,""status"":""VERIFIED_CONTINUITY"",""identity"":""0""},{""start"":2.0,""end"":2.25,""status"":""VERIFIED_CONTINUITY"",""identity"":""0""},{""start"":2.25,""end"":2.5,""status"":""VERIFIED_CONTINUITY"",""identity"":""0""},{""start"":2.5,""end"":2.75,""status"":""VERIFIED_CONTINUITY"",""identity"":""0""},{""start"":2.75,""end"":3.0,""status"":""VERIFIED_ACTIVE"",""identity"":""0""},{""start"":3.0,""end"":3.25,""status"":""VERIFIED_ACTIVE"",""identity"":""0""},{""start"":3.25,""end"":3.5,""status"":""VERIFIED_ACTIVE"",""identity"":""0""},{""start"":3.5,""end"":3.75,""status"":""VERIFIED_CONTINUITY"",""identity"":""0""},{""start"":3.75,""end"":4.0,""status"":""VERIFIED_CONTINUITY"",""identity"":""0""},{""start"":4.0,""end"":4.25,""status"":""VERIFIED_CONTINUITY"",""identity"":""0""},{""start"":4.25,""end"":4.5,""status"":""VERIFIED_CONTINUITY"",""identity"":""0""},{""start"":4.5,""end"":4.75,""status"":""VERIFIED_ACTIVE"",""identity"":""0""},{""start"":4.75,""end"":5.0,""status"":""VERIFIED_ACTIVE"",""identity"":""0""},{""start"":5.0,""end"":5.25,""status"":""VERIFIED_ACTIVE"",""identity"":""0""},{""start"":5.25,""end"":5.5,""status"":""VERIFIED_ACTIVE"",""identity"":""0""},{""start"":5.5,""end"":5.75,""status"":""VERIFIED_ACTIVE"",""identity"":""0""},{""start"":5.75,""end"":6.0,""status"":""VERIFIED_CONTINUITY"",""identity"":""0""},{""start"":6.0,""end"":6.25,""status"":""VERIFIED_CONTINUITY"",""identity"":""0""},{""start"":6.25,""end"":6.5,""status"":""VERIFIED_CONTINUITY"",""identity"":""0""},{""start"":6.5,""end"":6.75,""status"":""VERIFIED_CONTINUITY"",""identity"":""0""},{""start"":6.75,""end"":7.0,""status"":""VERIFIED_CONTINUITY"",""identity"":""0""},{""start"":7.0,""end"":7.25,""status"":""VERIFIED_CONTINUITY"",""identity"":""0""},{""start"":7.25,""end"":7.5,""status"":""VERIFIED_CONTINUITY"",""identity"":""0""},{""start"":7.5,""end"":7.75,""status"":""VERIFIED_CONTINUITY"",""identity"":""0""},{""start"":7.75,""end"":8.0,""status"":""VERIFIED_CONTINUITY"",""identity"":""0""},{""start"":8.0,""end"":8.1,""status"":""VERIFIED_CONTINUITY"",""identity"":""0""}]","{""audio_mask_required"":false,""vision_mask_nonverified_segments"":true,""no_face_full_vision_mask"":false}",RESOLVED_VALID,1,1,0.2777777777777778,0.7222222222222222,1.0,,0,0,0
-a55Q6RWvTA$_$3,37,1,no_alert,MATCH_STRONG,VERIFIED,partially_verified,FULLY_VERIFIED,FULLY_VERIFIED,NOT_SUSPECTED,RESOLVED_VALID,semantic_time_and_visual_evidence_are_sufficient,1,0,0.96,1.0,1.0,0.96,semantic_time_and_visual_evidence_are_sufficient,MATCH_STRONG,VERIFIED,[],"{""audio_mask_required"":false,""vision_mask_nonverified_segments"":true,""no_face_full_vision_mask"":false}",RESOLVED_VALID,1,1,,,,,0,0,0
-aNfi7CP8vM$_$7,38,1,no_alert,MATCH_STRONG,VERIFIED,partially_verified,FULLY_VERIFIED,FULLY_VERIFIED,NOT_SUSPECTED,RESOLVED_VALID,semantic_time_and_visual_evidence_are_sufficient,1,0,0.74,1.0,1.0,0.74,semantic_time_and_visual_evidence_are_sufficient,MATCH_STRONG,VERIFIED,[],"{""audio_mask_required"":false,""vision_mask_nonverified_segments"":true,""no_face_full_vision_mask"":false}",RESOLVED_VALID,1,1,,,,,0,0,0
-aqamKhZ1Ec$_$0,39,0,text_audio_only_single_episode,MATCH_STRONG,PARTIAL,unresolved,FULLY_VERIFIED,FULLY_VERIFIED,NOT_SUSPECTED,RESOLVED_PARTIAL,usable_evidence_is_partial_and_unreliable_regions_are_explicitly_masked,1,0,0.0,0.86,1.0,0.0,usable_evidence_is_partial_and_unreliable_regions_are_explicitly_masked,MATCH_STRONG,PARTIAL,[],"{""audio_mask_required"":false,""vision_mask_nonverified_segments"":true,""no_face_full_vision_mask"":false}",RESOLVED_PARTIAL,1,0,,,,,0,0,0
-dxfTGcXJoc$_$0,40,1,no_alert,MATCH_STRONG,VERIFIED,partially_verified,FULLY_VERIFIED,FULLY_VERIFIED,NOT_SUSPECTED,RESOLVED_VALID,semantic_time_and_visual_evidence_are_sufficient,1,0,0.96,1.0,0.8,0.78,semantic_time_and_visual_evidence_are_sufficient,MATCH_STRONG,VERIFIED,[],"{""audio_mask_required"":false,""vision_mask_nonverified_segments"":true,""no_face_full_vision_mask"":false}",RESOLVED_VALID,1,1,,,,,0,0,0
-dxfTGcXJoc$_$1,41,0,identity_only,MATCH_STRONG,VERIFIED,fully_verified,FULLY_VERIFIED,FULLY_VERIFIED,NOT_SUSPECTED,RESOLVED_VALID,semantic_time_and_visual_evidence_are_sufficient,1,0,0.94,1.0,1.0,0.94,semantic_time_and_visual_evidence_are_sufficient,MATCH_STRONG,VERIFIED,"[{""start"":0.0,""end"":0.25,""status"":""VERIFIED_ACTIVE"",""identity"":""0""},{""start"":0.25,""end"":0.5,""status"":""VERIFIED_ACTIVE"",""identity"":""0""},{""start"":0.5,""end"":0.75,""status"":""VERIFIED_ACTIVE"",""identity"":""0""},{""start"":0.75,""end"":1.0,""status"":""VERIFIED_ACTIVE"",""identity"":""0""},{""start"":1.0,""end"":1.25,""status"":""VERIFIED_ACTIVE"",""identity"":""0""},{""start"":1.25,""end"":1.5,""status"":""VERIFIED_ACTIVE"",""identity"":""0""},{""start"":1.5,""end"":1.75,""status"":""VERIFIED_CONTINUITY"",""identity"":""0""},{""start"":1.75,""end"":2.0,""status"":""VERIFIED_CONTINUITY"",""identity"":""0""},{""start"":2.0,""end"":2.25,""status"":""VERIFIED_ACTIVE"",""identity"":""0""},{""start"":2.25,""end"":2.5,""status"":""VERIFIED_ACTIVE"",""identity"":""0""},{""start"":2.5,""end"":2.75,""status"":""VERIFIED_ACTIVE"",""identity"":""0""},{""start"":2.75,""end"":3.0,""status"":""VERIFIED_ACTIVE"",""identity"":""0""},{""start"":3.0,""end"":3.25,""status"":""VERIFIED_ACTIVE"",""identity"":""0""},{""start"":3.25,""end"":3.5,""status"":""VERIFIED_ACTIVE"",""identity"":""0""},{""start"":3.5,""end"":3.75,""status"":""VERIFIED_ACTIVE"",""identity"":""0""},{""start"":3.75,""end"":4.0,""status"":""VERIFIED_ACTIVE"",""identity"":""0""},{""start"":4.0,""end"":4.25,""status"":""VERIFIED_ACTIVE"",""identity"":""0""},{""start"":4.25,""end"":4.5,""status"":""VERIFIED_ACTIVE"",""identity"":""0""},{""start"":4.5,""end"":4.75,""status"":""VERIFIED_ACTIVE"",""identity"":""0""},{""start"":4.75,""end"":5.0,""status"":""VERIFIED_ACTIVE"",""identity"":""0""},{""start"":5.0,""end"":5.25,""status"":""VERIFIED_ACTIVE"",""identity"":""0""},{""start"":5.25,""end"":5.5,""status"":""VERIFIED_ACTIVE"",""identity"":""0""},{""start"":5.5,""end"":5.75,""status"":""VERIFIED_ACTIVE"",""identity"":""0""},{""start"":5.75,""end"":6.0,""status"":""VERIFIED_ACTIVE"",""identity"":""0""},{""start"":6.0,""end"":6.25,""status"":""VERIFIED_ACTIVE"",""identity"":""0""},{""start"":6.25,""end"":6.5,""status"":""VERIFIED_ACTIVE"",""identity"":""0""},{""start"":6.5,""end"":6.75,""status"":""VERIFIED_ACTIVE"",""identity"":""0""},{""start"":6.75,""end"":7.0,""status"":""VERIFIED_ACTIVE"",""identity"":""0""},{""start"":7.0,""end"":7.25,""status"":""VERIFIED_ACTIVE"",""identity"":""0""},{""start"":7.25,""end"":7.5,""status"":""VERIFIED_ACTIVE"",""identity"":""0""},{""start"":7.5,""end"":7.75,""status"":""VERIFIED_ACTIVE"",""identity"":""0""},{""start"":7.75,""end"":8.0,""status"":""VERIFIED_ACTIVE"",""identity"":""0""},{""start"":8.0,""end"":8.25,""status"":""VERIFIED_ACTIVE"",""identity"":""0""},{""start"":8.25,""end"":8.5,""status"":""VERIFIED_ACTIVE"",""identity"":""0""},{""start"":8.5,""end"":8.75,""status"":""VERIFIED_ACTIVE"",""identity"":""0""},{""start"":8.75,""end"":9.0,""status"":""VERIFIED_CONTINUITY"",""identity"":""0""},{""start"":9.0,""end"":9.25,""status"":""VERIFIED_CONTINUITY"",""identity"":""0""},{""start"":9.25,""end"":9.5,""status"":""VERIFIED_ACTIVE"",""identity"":""0""},{""start"":9.5,""end"":9.75,""status"":""VERIFIED_CONTINUITY"",""identity"":""0""},{""start"":9.75,""end"":10.0,""status"":""VERIFIED_ACTIVE"",""identity"":""0""},{""start"":10.0,""end"":10.25,""status"":""VERIFIED_ACTIVE"",""identity"":""0""},{""start"":10.25,""end"":10.5,""status"":""VERIFIED_ACTIVE"",""identity"":""0""},{""start"":10.5,""end"":10.75,""status"":""VERIFIED_ACTIVE"",""identity"":""0""},{""start"":10.75,""end"":11.0,""status"":""VERIFIED_ACTIVE"",""identity"":""0""},{""start"":11.0,""end"":11.25,""status"":""VERIFIED_ACTIVE"",""identity"":""0""},{""start"":11.25,""end"":11.5,""status"":""VERIFIED_ACTIVE"",""identity"":""0""},{""start"":11.5,""end"":11.75,""status"":""VERIFIED_ACTIVE"",""identity"":""0""},{""start"":11.75,""end"":12.0,""status"":""VERIFIED_ACTIVE"",""identity"":""0""},{""start"":12.0,""end"":12.25,""status"":""VERIFIED_ACTIVE"",""identity"":""0""},{""start"":12.25,""end"":12.5,""status"":""VERIFIED_ACTIVE"",""identity"":""0""},{""start"":12.5,""end"":12.75,""status"":""VERIFIED_ACTIVE"",""identity"":""0""},{""start"":12.75,""end"":13.0,""status"":""VERIFIED_ACTIVE"",""identity"":""0""},{""start"":13.0,""end"":13.25,""status"":""VERIFIED_ACTIVE"",""identity"":""0""},{""start"":13.25,""end"":13.5,""status"":""VERIFIED_ACTIVE"",""identity"":""0""},{""start"":13.5,""end"":13.75,""status"":""VERIFIED_ACTIVE"",""identity"":""0""},{""start"":13.75,""end"":14.0,""status"":""VERIFIED_ACTIVE"",""identity"":""0""},{""start"":14.0,""end"":14.25,""status"":""VERIFIED_ACTIVE"",""identity"":""0""},{""start"":14.25,""end"":14.5,""status"":""VERIFIED_ACTIVE"",""identity"":""0""},{""start"":14.5,""end"":14.75,""status"":""VERIFIED_ACTIVE"",""identity"":""0""},{""start"":14.75,""end"":15.0,""status"":""VERIFIED_ACTIVE"",""identity"":""0""},{""start"":15.0,""end"":15.25,""status"":""VERIFIED_ACTIVE"",""identity"":""0""},{""start"":15.25,""end"":15.5,""status"":""VERIFIED_ACTIVE"",""identity"":""0""},{""start"":15.5,""end"":15.75,""status"":""VERIFIED_ACTIVE"",""identity"":""0""},{""start"":15.75,""end"":16.0,""status"":""VERIFIED_ACTIVE"",""identity"":""0""},{""start"":16.0,""end"":16.133333333333333,""status"":""VERIFIED_CONTINUITY"",""identity"":""0""}]","{""audio_mask_required"":false,""vision_mask_nonverified_segments"":true,""no_face_full_vision_mask"":false}",RESOLVED_VALID,1,1,0.9142561983471075,0.08574380165289254,1.0,,0,0,0
-dxfTGcXJoc$_$2,42,1,no_alert,MATCH_STRONG,VERIFIED,fully_verified,FULLY_VERIFIED,FULLY_VERIFIED,NOT_SUSPECTED,RESOLVED_VALID,semantic_time_and_visual_evidence_are_sufficient,1,0,0.96,1.0,1.0,0.96,semantic_time_and_visual_evidence_are_sufficient,MATCH_STRONG,VERIFIED,[],"{""audio_mask_required"":false,""vision_mask_nonverified_segments"":true,""no_face_full_vision_mask"":false}",RESOLVED_VALID,1,1,,,,,0,0,0
-dxfTGcXJoc$_$6,43,0,identity_only,MATCH_STRONG,VERIFIED,fully_verified,FULLY_VERIFIED,FULLY_VERIFIED,NOT_SUSPECTED,RESOLVED_VALID,semantic_time_and_visual_evidence_are_sufficient,1,0,0.94,1.0,1.0,0.94,semantic_time_and_visual_evidence_are_sufficient,MATCH_STRONG,VERIFIED,"[{""start"":0.0,""end"":0.25,""status"":""VERIFIED_ACTIVE"",""identity"":""0""},{""start"":0.25,""end"":0.5,""status"":""VERIFIED_ACTIVE"",""identity"":""0""},{""start"":0.5,""end"":0.75,""status"":""VERIFIED_ACTIVE"",""identity"":""0""},{""start"":0.75,""end"":1.0,""status"":""VERIFIED_ACTIVE"",""identity"":""0""},{""start"":1.0,""end"":1.25,""status"":""VERIFIED_ACTIVE"",""identity"":""0""},{""start"":1.25,""end"":1.5,""status"":""VERIFIED_ACTIVE"",""identity"":""0""},{""start"":1.5,""end"":1.75,""status"":""VERIFIED_ACTIVE"",""identity"":""0""},{""start"":1.75,""end"":2.0,""status"":""VERIFIED_ACTIVE"",""identity"":""0""},{""start"":2.0,""end"":2.25,""status"":""VERIFIED_ACTIVE"",""identity"":""0""},{""start"":2.25,""end"":2.5,""status"":""VERIFIED_ACTIVE"",""identity"":""0""},{""start"":2.5,""end"":2.75,""status"":""VERIFIED_ACTIVE"",""identity"":""0""},{""start"":2.75,""end"":3.0,""status"":""VERIFIED_ACTIVE"",""identity"":""0""},{""start"":3.0,""end"":3.25,""status"":""VERIFIED_ACTIVE"",""identity"":""0""},{""start"":3.25,""end"":3.5,""status"":""VERIFIED_ACTIVE"",""identity"":""0""},{""start"":3.5,""end"":3.75,""status"":""VERIFIED_ACTIVE"",""identity"":""0""},{""start"":3.75,""end"":4.0,""status"":""VERIFIED_ACTIVE"",""identity"":""0""},{""start"":4.0,""end"":4.25,""status"":""VERIFIED_ACTIVE"",""identity"":""0""},{""start"":4.25,""end"":4.5,""status"":""VERIFIED_ACTIVE"",""identity"":""0""},{""start"":4.5,""end"":4.75,""status"":""VERIFIED_ACTIVE"",""identity"":""0""},{""start"":4.75,""end"":5.0,""status"":""VERIFIED_ACTIVE"",""identity"":""0""},{""start"":5.0,""end"":5.25,""status"":""VERIFIED_ACTIVE"",""identity"":""0""},{""start"":5.25,""end"":5.5,""status"":""VERIFIED_ACTIVE"",""identity"":""0""},{""start"":5.5,""end"":5.75,""status"":""VERIFIED_ACTIVE"",""identity"":""0""},{""start"":5.75,""end"":6.0,""status"":""VERIFIED_ACTIVE"",""identity"":""0""},{""start"":6.0,""end"":6.25,""status"":""VERIFIED_ACTIVE"",""identity"":""0""},{""start"":6.25,""end"":6.5,""status"":""VERIFIED_ACTIVE"",""identity"":""0""},{""start"":6.5,""end"":6.75,""status"":""VERIFIED_ACTIVE"",""identity"":""0""},{""start"":6.75,""end"":7.0,""status"":""VERIFIED_ACTIVE"",""identity"":""0""},{""start"":7.0,""end"":7.25,""status"":""VERIFIED_ACTIVE"",""identity"":""0""},{""start"":7.25,""end"":7.5,""status"":""VERIFIED_ACTIVE"",""identity"":""0""},{""start"":7.5,""end"":7.75,""status"":""VERIFIED_ACTIVE"",""identity"":""0""},{""start"":7.75,""end"":8.0,""status"":""VERIFIED_ACTIVE"",""identity"":""0""},{""start"":8.0,""end"":8.25,""status"":""VERIFIED_ACTIVE"",""identity"":""0""},{""start"":8.25,""end"":8.5,""status"":""VERIFIED_ACTIVE"",""identity"":""0""},{""start"":8.5,""end"":8.75,""status"":""VERIFIED_ACTIVE"",""identity"":""0""},{""start"":8.75,""end"":9.0,""status"":""VERIFIED_ACTIVE"",""identity"":""0""},{""start"":9.0,""end"":9.25,""status"":""VERIFIED_ACTIVE"",""identity"":""0""},{""start"":9.25,""end"":9.5,""status"":""VERIFIED_ACTIVE"",""identity"":""0""},{""start"":9.5,""end"":9.75,""status"":""VERIFIED_ACTIVE"",""identity"":""0""},{""start"":9.75,""end"":10.0,""status"":""VERIFIED_ACTIVE"",""identity"":""0""},{""start"":10.0,""end"":10.25,""status"":""VERIFIED_ACTIVE"",""identity"":""0""},{""start"":10.25,""end"":10.5,""status"":""VERIFIED_ACTIVE"",""identity"":""0""},{""start"":10.5,""end"":10.75,""status"":""VERIFIED_ACTIVE"",""identity"":""0""},{""start"":10.75,""end"":11.0,""status"":""VERIFIED_ACTIVE"",""identity"":""0""},{""start"":11.0,""end"":11.25,""status"":""VERIFIED_ACTIVE"",""identity"":""0""},{""start"":11.25,""end"":11.5,""status"":""VERIFIED_ACTIVE"",""identity"":""0""},{""start"":11.5,""end"":11.75,""status"":""VERIFIED_ACTIVE"",""identity"":""0""},{""start"":11.75,""end"":12.0,""status"":""VERIFIED_CONTINUITY"",""identity"":""0""},{""start"":12.0,""end"":12.25,""status"":""VERIFIED_CONTINUITY"",""identity"":""0""},{""start"":12.25,""end"":12.5,""status"":""VERIFIED_CONTINUITY"",""identity"":""0""},{""start"":12.5,""end"":12.733333333333333,""status"":""VERIFIED_CONTINUITY"",""identity"":""0""}]","{""audio_mask_required"":false,""vision_mask_nonverified_segments"":true,""no_face_full_vision_mask"":false}",RESOLVED_VALID,1,1,0.9227748691099477,0.0772251308900523,1.0,,0,0,0
-egA8-b7-3M$_$1,44,1,no_alert,MATCH_STRONG,VERIFIED,unresolved,FULLY_VERIFIED,FULLY_VERIFIED,NOT_SUSPECTED,RESOLVED_VALID,semantic_time_and_visual_evidence_are_sufficient,1,0,0.86,1.0,1.0,0.86,semantic_time_and_visual_evidence_are_sufficient,MATCH_STRONG,VERIFIED,[],"{""audio_mask_required"":false,""vision_mask_nonverified_segments"":true,""no_face_full_vision_mask"":false}",RESOLVED_VALID,1,1,,,,,0,0,0
-egA8-b7-3M$_$13,45,1,no_alert,MATCH_STRONG,VERIFIED,unresolved,FULLY_VERIFIED,FULLY_VERIFIED,NOT_SUSPECTED,RESOLVED_VALID,semantic_time_and_visual_evidence_are_sufficient,1,0,0.7,0.98,1.0,0.7,semantic_time_and_visual_evidence_are_sufficient,MATCH_STRONG,VERIFIED,[],"{""audio_mask_required"":false,""vision_mask_nonverified_segments"":true,""no_face_full_vision_mask"":false}",RESOLVED_VALID,1,1,,,,,0,0,0
-egA8-b7-3M$_$16,46,1,no_alert,MATCH_STRONG,VERIFIED,unresolved,FULLY_VERIFIED,FULLY_VERIFIED,NOT_SUSPECTED,RESOLVED_VALID,semantic_time_and_visual_evidence_are_sufficient,1,0,0.84,1.0,1.0,0.84,semantic_time_and_visual_evidence_are_sufficient,MATCH_STRONG,VERIFIED,[],"{""audio_mask_required"":false,""vision_mask_nonverified_segments"":true,""no_face_full_vision_mask"":false}",RESOLVED_VALID,1,1,,,,,0,0,0
-egA8-b7-3M$_$17,47,1,no_alert,MATCH_STRONG,PARTIAL,unresolved,FULLY_VERIFIED,FULLY_VERIFIED,NOT_SUSPECTED,RESOLVED_PARTIAL,usable_evidence_is_partial_and_unreliable_regions_are_explicitly_masked,1,0,0.7,0.68,1.0,0.52,usable_evidence_is_partial_and_unreliable_regions_are_explicitly_masked,MATCH_STRONG,PARTIAL,[],"{""audio_mask_required"":false,""vision_mask_nonverified_segments"":true,""no_face_full_vision_mask"":false}",RESOLVED_PARTIAL,1,1,,,,,0,0,0
-egA8-b7-3M$_$18,48,1,no_alert,MATCH_STRONG,VERIFIED,unresolved,FULLY_VERIFIED,FULLY_VERIFIED,NOT_SUSPECTED,RESOLVED_VALID,semantic_time_and_visual_evidence_are_sufficient,1,0,0.9,1.0,1.0,0.9,semantic_time_and_visual_evidence_are_sufficient,MATCH_STRONG,VERIFIED,[],"{""audio_mask_required"":false,""vision_mask_nonverified_segments"":true,""no_face_full_vision_mask"":false}",RESOLVED_VALID,1,1,,,,,0,0,0
-egA8-b7-3M$_$20,49,1,no_alert,MATCH_STRONG,VERIFIED,unresolved,FULLY_VERIFIED,FULLY_VERIFIED,NOT_SUSPECTED,RESOLVED_VALID,semantic_time_and_visual_evidence_are_sufficient,1,0,0.84,0.98,1.0,0.84,semantic_time_and_visual_evidence_are_sufficient,MATCH_STRONG,VERIFIED,[],"{""audio_mask_required"":false,""vision_mask_nonverified_segments"":true,""no_face_full_vision_mask"":false}",RESOLVED_VALID,1,1,,,,,0,0,0
-egA8-b7-3M$_$26,50,1,no_alert,MATCH_STRONG,VERIFIED,unresolved,FULLY_VERIFIED,FULLY_VERIFIED,NOT_SUSPECTED,RESOLVED_VALID,semantic_time_and_visual_evidence_are_sufficient,1,0,0.84,1.0,0.96,0.8,semantic_time_and_visual_evidence_are_sufficient,MATCH_STRONG,VERIFIED,[],"{""audio_mask_required"":false,""vision_mask_nonverified_segments"":true,""no_face_full_vision_mask"":false}",RESOLVED_VALID,1,1,,,,,0,0,0
-egA8-b7-3M$_$6,51,1,no_alert,MATCH_STRONG,VERIFIED,unresolved,FULLY_VERIFIED,FULLY_VERIFIED,NOT_SUSPECTED,RESOLVED_VALID,semantic_time_and_visual_evidence_are_sufficient,1,0,0.78,1.0,1.0,0.78,semantic_time_and_visual_evidence_are_sufficient,MATCH_STRONG,VERIFIED,[],"{""audio_mask_required"":false,""vision_mask_nonverified_segments"":true,""no_face_full_vision_mask"":false}",RESOLVED_VALID,1,1,,,,,0,0,0
-egA8-b7-3M$_$9,52,1,no_alert,MATCH_STRONG,VERIFIED,unresolved,FULLY_VERIFIED,FULLY_VERIFIED,NOT_SUSPECTED,RESOLVED_VALID,semantic_time_and_visual_evidence_are_sufficient,1,0,0.78,0.98,1.0,0.78,semantic_time_and_visual_evidence_are_sufficient,MATCH_STRONG,VERIFIED,[],"{""audio_mask_required"":false,""vision_mask_nonverified_segments"":true,""no_face_full_vision_mask"":false}",RESOLVED_VALID,1,1,,,,,0,0,0
-hnBHBN8p5A$_$6,53,0,identity_and_text_audio,CONFLICT,NOT_APPLICABLE,unresolved,UNRESOLVED,UNRESOLVED,NOT_SUSPECTED,UNRESOLVED,target_visual_identity_remains_unresolved,1,0,0.0,0.0,0.0,0.0,target_visual_identity_remains_unresolved,CONFLICT,NOT_APPLICABLE,[],"{""audio_mask_required"":true,""vision_mask_nonverified_segments"":true,""no_face_full_vision_mask"":false}",UNRESOLVED,0,0,0.0,0.0,0.0,,1,0,0
-hnBHBN8p5A$_$7,54,0,identity_and_text_audio,CONFLICT,NOT_APPLICABLE,unresolved,UNRESOLVED,UNRESOLVED,NOT_SUSPECTED,UNRESOLVED,target_visual_identity_remains_unresolved,1,0,0.0,0.0,0.0,0.0,target_visual_identity_remains_unresolved,CONFLICT,NOT_APPLICABLE,[],"{""audio_mask_required"":true,""vision_mask_nonverified_segments"":true,""no_face_full_vision_mask"":false}",UNRESOLVED,0,0,0.0,0.0,0.0,,1,0,0
-iRBcNs9oI8$_$3,55,0,text_audio_only_single_episode,UNRESOLVED,NOT_APPLICABLE,partially_verified,FULLY_VERIFIED,FULLY_VERIFIED,MAPPING_WEAK,UNRESOLVED,clip_mapping_evidence_is_not_stable_enough,1,0,0.0,0.0,0.98,0.0,clip_mapping_evidence_is_not_stable_enough,UNRESOLVED,NOT_APPLICABLE,[],"{""audio_mask_required"":true,""vision_mask_nonverified_segments"":true,""no_face_full_vision_mask"":false}",UNRESOLVED,0,0,,,,-iRBcNs9oI8$_$7,1,0,0
-iRBcNs9oI8$_$6,56,0,text_audio_only_single_episode,UNRESOLVED,NOT_APPLICABLE,partially_verified,FULLY_VERIFIED,FULLY_VERIFIED,MAPPING_STRONG,RESOLVED_CONFLICT,stable_off_diagonal_mapping_evidence_has_explicit_safe_mask_action,1,0,0.0,0.0,1.0,0.0,stable_off_diagonal_mapping_evidence_has_explicit_safe_mask_action,UNRESOLVED,NOT_APPLICABLE,[],"{""audio_mask_required"":true,""vision_mask_nonverified_segments"":true,""no_face_full_vision_mask"":false}",RESOLVED_CONFLICT,1,0,,,,-iRBcNs9oI8$_$9,1,0,0
-iRBcNs9oI8$_$7,57,0,text_audio_only_single_episode,CONFLICT,NOT_APPLICABLE,partially_verified,FULLY_VERIFIED,FULLY_VERIFIED,NOT_SUSPECTED,RESOLVED_CONFLICT,semantic_or_mapping_conflict_has_explicit_safe_mask_action,1,0,0.0,0.0,1.0,0.0,semantic_or_mapping_conflict_has_explicit_safe_mask_action,CONFLICT,NOT_APPLICABLE,[],"{""audio_mask_required"":true,""vision_mask_nonverified_segments"":true,""no_face_full_vision_mask"":false}",RESOLVED_CONFLICT,1,0,,,,,0,0,0
-iRBcNs9oI8$_$8,58,0,text_audio_only_single_episode,CONFLICT,NOT_APPLICABLE,partially_verified,FULLY_VERIFIED,FULLY_VERIFIED,NOT_SUSPECTED,RESOLVED_CONFLICT,semantic_or_mapping_conflict_has_explicit_safe_mask_action,1,0,0.0,0.0,0.98,0.0,semantic_or_mapping_conflict_has_explicit_safe_mask_action,CONFLICT,NOT_APPLICABLE,[],"{""audio_mask_required"":true,""vision_mask_nonverified_segments"":true,""no_face_full_vision_mask"":false}",RESOLVED_CONFLICT,1,0,,,,,0,0,0
-iRBcNs9oI8$_$9,59,0,identity_and_text_audio,CONFLICT,NOT_APPLICABLE,unresolved,UNRESOLVED,UNRESOLVED,NOT_SUSPECTED,UNRESOLVED,target_visual_identity_remains_unresolved,1,0,0.0,0.0,0.0,0.0,target_visual_identity_remains_unresolved,CONFLICT,NOT_APPLICABLE,[],"{""audio_mask_required"":true,""vision_mask_nonverified_segments"":true,""no_face_full_vision_mask"":false}",UNRESOLVED,0,0,0.0,0.0,0.0,,1,0,0
-lzEya4AM_4$_$5,60,1,no_alert,MATCH_STRONG,VERIFIED,partially_verified,FULLY_VERIFIED,FULLY_VERIFIED,NOT_SUSPECTED,RESOLVED_VALID,semantic_time_and_visual_evidence_are_sufficient,1,0,0.82,1.0,1.0,0.82,semantic_time_and_visual_evidence_are_sufficient,MATCH_STRONG,VERIFIED,[],"{""audio_mask_required"":false,""vision_mask_nonverified_segments"":true,""no_face_full_vision_mask"":false}",RESOLVED_VALID,1,1,,,,,0,0,0
-lzEya4AM_4$_$6,61,0,identity_only,MATCH_STRONG,VERIFIED,partially_verified,FULLY_VERIFIED,FULLY_VERIFIED,NOT_SUSPECTED,RESOLVED_VALID,semantic_time_and_visual_evidence_are_sufficient,1,0,0.96,1.0,0.94,0.9,semantic_time_and_visual_evidence_are_sufficient,MATCH_STRONG,VERIFIED,"[{""start"":0.0,""end"":0.25,""status"":""VERIFIED_CONTINUITY"",""identity"":""0""},{""start"":0.25,""end"":0.5,""status"":""VERIFIED_CONTINUITY"",""identity"":""0""},{""start"":0.5,""end"":0.75,""status"":""VERIFIED_CONTINUITY"",""identity"":""0""},{""start"":0.75,""end"":1.0,""status"":""VERIFIED_CONTINUITY"",""identity"":""0""},{""start"":1.0,""end"":1.25,""status"":""VERIFIED_CONTINUITY"",""identity"":""0""},{""start"":1.25,""end"":1.5,""status"":""VERIFIED_CONTINUITY"",""identity"":""0""},{""start"":1.5,""end"":1.75,""status"":""VERIFIED_ACTIVE"",""identity"":""0""},{""start"":1.75,""end"":2.0,""status"":""VERIFIED_ACTIVE"",""identity"":""0""},{""start"":2.0,""end"":2.25,""status"":""VERIFIED_ACTIVE"",""identity"":""0""},{""start"":2.25,""end"":2.5,""status"":""VERIFIED_CONTINUITY"",""identity"":""0""},{""start"":2.5,""end"":2.75,""status"":""VERIFIED_CONTINUITY"",""identity"":""0""},{""start"":2.75,""end"":3.0,""status"":""VERIFIED_CONTINUITY"",""identity"":""0""},{""start"":3.0,""end"":3.25,""status"":""VERIFIED_ACTIVE"",""identity"":""0""},{""start"":3.25,""end"":3.5,""status"":""VERIFIED_CONTINUITY"",""identity"":""0""},{""start"":3.5,""end"":3.75,""status"":""VERIFIED_CONTINUITY"",""identity"":""0""},{""start"":3.75,""end"":4.0,""status"":""VERIFIED_CONTINUITY"",""identity"":""0""},{""start"":4.0,""end"":4.25,""status"":""VERIFIED_CONTINUITY"",""identity"":""0""},{""start"":4.25,""end"":4.5,""status"":""VERIFIED_ACTIVE"",""identity"":""0""},{""start"":4.5,""end"":4.75,""status"":""VERIFIED_ACTIVE"",""identity"":""0""},{""start"":4.75,""end"":5.0,""status"":""VERIFIED_ACTIVE"",""identity"":""0""},{""start"":5.0,""end"":5.25,""status"":""VERIFIED_CONTINUITY"",""identity"":""0""},{""start"":5.25,""end"":5.5,""status"":""VERIFIED_CONTINUITY"",""identity"":""0""},{""start"":5.5,""end"":5.75,""status"":""VERIFIED_CONTINUITY"",""identity"":""0""},{""start"":5.75,""end"":6.0,""status"":""VERIFIED_ACTIVE"",""identity"":""0""},{""start"":6.0,""end"":6.25,""status"":""VERIFIED_ACTIVE"",""identity"":""0""},{""start"":6.25,""end"":6.5,""status"":""VERIFIED_CONTINUITY"",""identity"":""0""},{""start"":6.5,""end"":6.75,""status"":""VERIFIED_CONTINUITY"",""identity"":""0""},{""start"":6.75,""end"":7.0,""status"":""VERIFIED_CONTINUITY"",""identity"":""0""},{""start"":7.0,""end"":7.25,""status"":""VERIFIED_CONTINUITY"",""identity"":""0""},{""start"":7.25,""end"":7.5,""status"":""VERIFIED_CONTINUITY"",""identity"":""0""},{""start"":7.5,""end"":7.75,""status"":""VERIFIED_ACTIVE"",""identity"":""0""},{""start"":7.75,""end"":8.0,""status"":""VERIFIED_ACTIVE"",""identity"":""0""},{""start"":8.0,""end"":8.25,""status"":""VERIFIED_ACTIVE"",""identity"":""0""},{""start"":8.25,""end"":8.5,""status"":""VERIFIED_ACTIVE"",""identity"":""0""},{""start"":8.5,""end"":8.75,""status"":""VERIFIED_ACTIVE"",""identity"":""0""},{""start"":8.75,""end"":9.0,""status"":""VERIFIED_ACTIVE"",""identity"":""0""},{""start"":9.0,""end"":9.25,""status"":""VERIFIED_CONTINUITY"",""identity"":""0""},{""start"":9.25,""end"":9.5,""status"":""VERIFIED_ACTIVE"",""identity"":""0""},{""start"":9.5,""end"":9.75,""status"":""VERIFIED_ACTIVE"",""identity"":""0""},{""start"":9.75,""end"":10.0,""status"":""VERIFIED_ACTIVE"",""identity"":""0""},{""start"":10.0,""end"":10.25,""status"":""VERIFIED_ACTIVE"",""identity"":""0""},{""start"":10.25,""end"":10.5,""status"":""VERIFIED_ACTIVE"",""identity"":""0""},{""start"":10.5,""end"":10.75,""status"":""VERIFIED_ACTIVE"",""identity"":""0""},{""start"":10.75,""end"":11.0,""status"":""VERIFIED_ACTIVE"",""identity"":""0""},{""start"":11.0,""end"":11.25,""status"":""VERIFIED_ACTIVE"",""identity"":""0""},{""start"":11.25,""end"":11.5,""status"":""VERIFIED_ACTIVE"",""identity"":""0""},{""start"":11.5,""end"":11.75,""status"":""VERIFIED_ACTIVE"",""identity"":""0""},{""start"":11.75,""end"":12.0,""status"":""VERIFIED_ACTIVE"",""identity"":""0""},{""start"":12.0,""end"":12.25,""status"":""VERIFIED_ACTIVE"",""identity"":""0""},{""start"":12.25,""end"":12.5,""status"":""VERIFIED_ACTIVE"",""identity"":""0""},{""start"":12.5,""end"":12.75,""status"":""VERIFIED_ACTIVE"",""identity"":""0""},{""start"":12.75,""end"":13.0,""status"":""VERIFIED_ACTIVE"",""identity"":""0""},{""start"":13.0,""end"":13.25,""status"":""VERIFIED_ACTIVE"",""identity"":""0""},{""start"":13.25,""end"":13.5,""status"":""VERIFIED_ACTIVE"",""identity"":""0""},{""start"":13.5,""end"":13.75,""status"":""VERIFIED_ACTIVE"",""identity"":""0""},{""start"":13.75,""end"":14.0,""status"":""VERIFIED_ACTIVE"",""identity"":""0""},{""start"":14.0,""end"":14.25,""status"":""VERIFIED_ACTIVE"",""identity"":""0""},{""start"":14.25,""end"":14.5,""status"":""VERIFIED_CONTINUITY"",""identity"":""0""},{""start"":14.5,""end"":14.75,""status"":""VERIFIED_CONTINUITY"",""identity"":""0""},{""start"":14.75,""end"":14.766666666666666,""status"":""VERIFIED_CONTINUITY"",""identity"":""0""}]","{""audio_mask_required"":false,""vision_mask_nonverified_segments"":true,""no_face_full_vision_mask"":false}",RESOLVED_VALID,1,1,0.5925507900677202,0.4074492099322799,1.0,,0,0,0
-mJ2ud6oKI8$_$1,62,0,vision_no_face_and_text_audio,UNRESOLVED,NOT_APPLICABLE,missing,MISSING,MISSING,MAPPING_UNRESOLVED,RESOLVED_MISSING,visual_modality_is_confirmed_naturally_missing,1,0,0.0,0.0,0.0,0.0,visual_modality_is_confirmed_naturally_missing,UNRESOLVED,NOT_APPLICABLE,[],"{""audio_mask_required"":true,""vision_mask_nonverified_segments"":true,""no_face_full_vision_mask"":true}",RESOLVED_MISSING,1,0,0.0,0.0,0.0,-mJ2ud6oKI8$_$8,0,0,0
-mJ2ud6oKI8$_$2,63,0,identity_and_text_audio,CONFLICT,NOT_APPLICABLE,unresolved,AMBIGUOUS,AMBIGUOUS,NOT_SUSPECTED,RESOLVED_CONFLICT,semantic_or_mapping_conflict_has_explicit_safe_mask_action,1,0,0.0,0.0,0.0,0.0,semantic_or_mapping_conflict_has_explicit_safe_mask_action,CONFLICT,NOT_APPLICABLE,[],"{""audio_mask_required"":true,""vision_mask_nonverified_segments"":true,""no_face_full_vision_mask"":false}",RESOLVED_CONFLICT,1,0,0.0,0.0,0.0,,0,0,0
-mJ2ud6oKI8$_$6,64,0,text_audio_only_single_episode,UNRESOLVED,NOT_APPLICABLE,unresolved,FULLY_VERIFIED,FULLY_VERIFIED,NOT_SUSPECTED,UNRESOLVED,semantic_pairing_remains_unresolved,1,0,0.0,0.0,1.0,0.0,semantic_pairing_remains_unresolved,UNRESOLVED,NOT_APPLICABLE,[],"{""audio_mask_required"":true,""vision_mask_nonverified_segments"":true,""no_face_full_vision_mask"":false}",UNRESOLVED,0,0,,,,,1,0,0
-mJ2ud6oKI8$_$8,65,0,text_audio_only_single_episode,UNRESOLVED,NOT_APPLICABLE,partially_verified,FULLY_VERIFIED,FULLY_VERIFIED,NOT_SUSPECTED,UNRESOLVED,semantic_pairing_remains_unresolved,1,0,0.0,0.0,1.0,0.0,semantic_pairing_remains_unresolved,UNRESOLVED,NOT_APPLICABLE,[],"{""audio_mask_required"":true,""vision_mask_nonverified_segments"":true,""no_face_full_vision_mask"":false}",UNRESOLVED,0,0,,,,,1,0,0
-mJ2ud6oKI8$_$9,66,0,identity_and_text_audio,CONFLICT,NOT_APPLICABLE,unresolved,UNRESOLVED,UNRESOLVED,NOT_SUSPECTED,UNRESOLVED,target_visual_identity_remains_unresolved,1,0,0.0,0.0,0.0,0.0,target_visual_identity_remains_unresolved,CONFLICT,NOT_APPLICABLE,[],"{""audio_mask_required"":true,""vision_mask_nonverified_segments"":true,""no_face_full_vision_mask"":false}",UNRESOLVED,0,0,0.0,0.0,0.0,,1,0,0
-mqbVkbCndg$_$0,67,1,no_alert,MATCH_STRONG,PARTIAL,partially_verified,FULLY_VERIFIED,FULLY_VERIFIED,NOT_SUSPECTED,RESOLVED_PARTIAL,usable_evidence_is_partial_and_unreliable_regions_are_explicitly_masked,1,0,0.9,0.8,1.0,0.78,usable_evidence_is_partial_and_unreliable_regions_are_explicitly_masked,MATCH_STRONG,PARTIAL,[],"{""audio_mask_required"":false,""vision_mask_nonverified_segments"":true,""no_face_full_vision_mask"":false}",RESOLVED_PARTIAL,1,1,,,,,0,0,0
-qDkUB0GgYY$_$6,68,1,no_alert,MATCH_STRONG,VERIFIED,fully_verified,FULLY_VERIFIED,FULLY_VERIFIED,NOT_SUSPECTED,RESOLVED_VALID,semantic_time_and_visual_evidence_are_sufficient,1,0,0.78,1.0,1.0,0.78,semantic_time_and_visual_evidence_are_sufficient,MATCH_STRONG,VERIFIED,[],"{""audio_mask_required"":false,""vision_mask_nonverified_segments"":true,""no_face_full_vision_mask"":false}",RESOLVED_VALID,1,1,,,,,0,0,0
-ri04Z7vwnc$_$0,69,0,vision_no_face_and_text_audio,CONFLICT,NOT_APPLICABLE,missing,MISSING,MISSING,NOT_SUSPECTED,RESOLVED_MISSING,visual_modality_is_confirmed_naturally_missing,1,0,0.0,0.0,0.0,0.0,visual_modality_is_confirmed_naturally_missing,CONFLICT,NOT_APPLICABLE,[],"{""audio_mask_required"":true,""vision_mask_nonverified_segments"":true,""no_face_full_vision_mask"":true}",RESOLVED_MISSING,1,0,0.0,0.0,0.0,,0,0,0
-ri04Z7vwnc$_$2,70,0,text_audio_only_single_episode,UNRESOLVED,NOT_APPLICABLE,unresolved,FULLY_VERIFIED,FULLY_VERIFIED,MAPPING_UNRESOLVED,UNRESOLVED,clip_mapping_evidence_is_not_stable_enough,1,0,0.0,0.0,0.34,0.0,clip_mapping_evidence_is_not_stable_enough,UNRESOLVED,NOT_APPLICABLE,[],"{""audio_mask_required"":true,""vision_mask_nonverified_segments"":true,""no_face_full_vision_mask"":false}",UNRESOLVED,0,0,,,,-ri04Z7vwnc$_$5,1,0,0
-ri04Z7vwnc$_$5,71,0,text_audio_only_single_episode,CONFLICT,NOT_APPLICABLE,unresolved,FULLY_VERIFIED,FULLY_VERIFIED,NOT_SUSPECTED,RESOLVED_CONFLICT,semantic_or_mapping_conflict_has_explicit_safe_mask_action,1,0,0.0,0.0,1.0,0.0,semantic_or_mapping_conflict_has_explicit_safe_mask_action,CONFLICT,NOT_APPLICABLE,[],"{""audio_mask_required"":true,""vision_mask_nonverified_segments"":true,""no_face_full_vision_mask"":false}",RESOLVED_CONFLICT,1,0,,,,,0,0,0
-s9qJ7ATP7w$_$0,72,0,identity_only,MATCH_STRONG,VERIFIED,unresolved,UNRESOLVED,UNRESOLVED,NOT_SUSPECTED,UNRESOLVED,target_visual_identity_remains_unresolved,1,0,0.88,0.98,0.0,0.0,target_visual_identity_remains_unresolved,MATCH_STRONG,VERIFIED,[],"{""audio_mask_required"":false,""vision_mask_nonverified_segments"":true,""no_face_full_vision_mask"":false}",UNRESOLVED,0,0,0.0,0.0,0.0,,1,0,0
-s9qJ7ATP7w$_$1,73,0,identity_only,MATCH_STRONG,VERIFIED,partially_verified,PARTIALLY_VERIFIED,PARTIALLY_VERIFIED,NOT_SUSPECTED,RESOLVED_PARTIAL,usable_evidence_is_partial_and_unreliable_regions_are_explicitly_masked,1,0,0.68,0.98,0.24,0.1,usable_evidence_is_partial_and_unreliable_regions_are_explicitly_masked,MATCH_STRONG,VERIFIED,"[{""start"":3.25,""end"":3.5,""status"":""VERIFIED_ACTIVE"",""identity"":""0""},{""start"":3.5,""end"":3.75,""status"":""VERIFIED_ACTIVE"",""identity"":""0""},{""start"":3.75,""end"":4.0,""status"":""VERIFIED_ACTIVE"",""identity"":""0""},{""start"":4.0,""end"":4.25,""status"":""VERIFIED_ACTIVE"",""identity"":""0""}]","{""audio_mask_required"":false,""vision_mask_nonverified_segments"":true,""no_face_full_vision_mask"":false}",RESOLVED_PARTIAL,1,1,0.2097902097902098,0.0,0.2097902097902098,,0,0,0
-s9qJ7ATP7w$_$4,74,0,identity_only,MATCH_STRONG,VERIFIED,partially_verified,PARTIALLY_VERIFIED,PARTIALLY_VERIFIED,NOT_SUSPECTED,RESOLVED_PARTIAL,usable_evidence_is_partial_and_unreliable_regions_are_explicitly_masked,1,0,0.72,0.98,0.32,0.1,usable_evidence_is_partial_and_unreliable_regions_are_explicitly_masked,MATCH_STRONG,VERIFIED,"[{""start"":2.5,""end"":2.75,""status"":""VERIFIED_ACTIVE"",""identity"":""0""},{""start"":2.75,""end"":3.0,""status"":""VERIFIED_ACTIVE"",""identity"":""0""},{""start"":3.0,""end"":3.25,""status"":""VERIFIED_ACTIVE"",""identity"":""0""},{""start"":3.25,""end"":3.5,""status"":""VERIFIED_CONTINUITY"",""identity"":""0""},{""start"":3.5,""end"":3.75,""status"":""VERIFIED_CONTINUITY"",""identity"":""0""},{""start"":3.75,""end"":4.0,""status"":""VERIFIED_CONTINUITY"",""identity"":""0""},{""start"":4.0,""end"":4.25,""status"":""VERIFIED_CONTINUITY"",""identity"":""0""},{""start"":4.25,""end"":4.3999999999999995,""status"":""VERIFIED_CONTINUITY"",""identity"":""0""}]","{""audio_mask_required"":false,""vision_mask_nonverified_segments"":true,""no_face_full_vision_mask"":false}",RESOLVED_PARTIAL,1,1,0.17045454545454547,0.2613636363636363,0.43181818181818177,,0,0,0
-s9qJ7ATP7w$_$5,75,1,no_alert,MATCH_STRONG,PARTIAL,unresolved,FULLY_VERIFIED,FULLY_VERIFIED,NOT_SUSPECTED,RESOLVED_PARTIAL,usable_evidence_is_partial_and_unreliable_regions_are_explicitly_masked,1,0,0.8,0.76,1.0,0.68,usable_evidence_is_partial_and_unreliable_regions_are_explicitly_masked,MATCH_STRONG,PARTIAL,[],"{""audio_mask_required"":false,""vision_mask_nonverified_segments"":true,""no_face_full_vision_mask"":false}",RESOLVED_PARTIAL,1,1,,,,,0,0,0
-s9qJ7ATP7w$_$6,76,1,no_alert,MATCH_STRONG,VERIFIED,unresolved,FULLY_VERIFIED,FULLY_VERIFIED,NOT_SUSPECTED,RESOLVED_VALID,semantic_time_and_visual_evidence_are_sufficient,1,0,0.58,0.94,0.62,0.42,semantic_time_and_visual_evidence_are_sufficient,MATCH_STRONG,VERIFIED,[],"{""audio_mask_required"":false,""vision_mask_nonverified_segments"":true,""no_face_full_vision_mask"":false}",RESOLVED_VALID,1,1,,,,,0,0,0
-s9qJ7ATP7w$_$7,77,0,identity_only,MATCH_STRONG,VERIFIED,unresolved,UNRESOLVED,UNRESOLVED,NOT_SUSPECTED,UNRESOLVED,target_visual_identity_remains_unresolved,1,0,0.86,1.0,0.0,0.0,target_visual_identity_remains_unresolved,MATCH_STRONG,VERIFIED,[],"{""audio_mask_required"":false,""vision_mask_nonverified_segments"":true,""no_face_full_vision_mask"":false}",UNRESOLVED,0,0,0.0,0.0,0.0,,1,0,0
-s9qJ7ATP7w$_$8,78,0,identity_only,MATCH_STRONG,VERIFIED,partially_verified,PARTIALLY_VERIFIED,PARTIALLY_VERIFIED,NOT_SUSPECTED,RESOLVED_PARTIAL,usable_evidence_is_partial_and_unreliable_regions_are_explicitly_masked,1,0,0.7,0.98,0.18,0.1,usable_evidence_is_partial_and_unreliable_regions_are_explicitly_masked,MATCH_STRONG,VERIFIED,"[{""start"":1.5,""end"":1.75,""status"":""VERIFIED_ACTIVE"",""identity"":""0""},{""start"":2.5,""end"":2.75,""status"":""VERIFIED_ACTIVE"",""identity"":""0""}]","{""audio_mask_required"":false,""vision_mask_nonverified_segments"":true,""no_face_full_vision_mask"":false}",RESOLVED_PARTIAL,1,1,0.15306122448979592,0.0,0.15306122448979592,,0,0,0
-t217m2on-s$_$2,79,1,no_alert,MATCH_STRONG,VERIFIED,partially_verified,FULLY_VERIFIED,FULLY_VERIFIED,NOT_SUSPECTED,RESOLVED_VALID,semantic_time_and_visual_evidence_are_sufficient,1,0,0.74,1.0,1.0,0.74,semantic_time_and_visual_evidence_are_sufficient,MATCH_STRONG,VERIFIED,[],"{""audio_mask_required"":false,""vision_mask_nonverified_segments"":true,""no_face_full_vision_mask"":false}",RESOLVED_VALID,1,1,,,,,0,0,0
-t217m2on-s$_$7,80,1,no_alert,MATCH_STRONG,VERIFIED,partially_verified,FULLY_VERIFIED,FULLY_VERIFIED,NOT_SUSPECTED,RESOLVED_VALID,semantic_time_and_visual_evidence_are_sufficient,1,0,0.92,1.0,1.0,0.92,semantic_time_and_visual_evidence_are_sufficient,MATCH_STRONG,VERIFIED,[],"{""audio_mask_required"":false,""vision_mask_nonverified_segments"":true,""no_face_full_vision_mask"":false}",RESOLVED_VALID,1,1,,,,,0,0,0
-tANM6ETl_M$_$3,81,0,identity_only,MATCH_STRONG,VERIFIED,partially_verified,FULLY_VERIFIED,FULLY_VERIFIED,NOT_SUSPECTED,RESOLVED_VALID,semantic_time_and_visual_evidence_are_sufficient,1,0,0.88,1.0,0.96,0.84,semantic_time_and_visual_evidence_are_sufficient,MATCH_STRONG,VERIFIED,"[{""start"":0.0,""end"":0.25,""status"":""VERIFIED_ACTIVE"",""identity"":""0""},{""start"":0.25,""end"":0.5,""status"":""VERIFIED_ACTIVE"",""identity"":""0""},{""start"":0.5,""end"":0.75,""status"":""VERIFIED_ACTIVE"",""identity"":""0""},{""start"":0.75,""end"":1.0,""status"":""VERIFIED_ACTIVE"",""identity"":""0""},{""start"":1.0,""end"":1.25,""status"":""VERIFIED_ACTIVE"",""identity"":""0""},{""start"":1.25,""end"":1.5,""status"":""VERIFIED_ACTIVE"",""identity"":""0""},{""start"":1.5,""end"":1.75,""status"":""VERIFIED_ACTIVE"",""identity"":""0""},{""start"":1.75,""end"":2.0,""status"":""VERIFIED_ACTIVE"",""identity"":""0""},{""start"":2.0,""end"":2.25,""status"":""VERIFIED_ACTIVE"",""identity"":""0""},{""start"":2.25,""end"":2.5,""status"":""VERIFIED_ACTIVE"",""identity"":""0""},{""start"":2.5,""end"":2.75,""status"":""VERIFIED_ACTIVE"",""identity"":""0""},{""start"":2.75,""end"":3.0,""status"":""VERIFIED_ACTIVE"",""identity"":""0""},{""start"":3.0,""end"":3.25,""status"":""VERIFIED_ACTIVE"",""identity"":""0""},{""start"":3.25,""end"":3.5,""status"":""VERIFIED_ACTIVE"",""identity"":""0""},{""start"":3.5,""end"":3.75,""status"":""VERIFIED_ACTIVE"",""identity"":""0""},{""start"":3.75,""end"":4.0,""status"":""VERIFIED_ACTIVE"",""identity"":""0""},{""start"":4.0,""end"":4.25,""status"":""VERIFIED_ACTIVE"",""identity"":""0""},{""start"":4.25,""end"":4.5,""status"":""VERIFIED_ACTIVE"",""identity"":""0""},{""start"":4.5,""end"":4.75,""status"":""VERIFIED_ACTIVE"",""identity"":""0""},{""start"":4.75,""end"":5.0,""status"":""VERIFIED_CONTINUITY"",""identity"":""0""},{""start"":5.0,""end"":5.25,""status"":""VERIFIED_CONTINUITY"",""identity"":""0""},{""start"":5.25,""end"":5.5,""status"":""VERIFIED_CONTINUITY"",""identity"":""0""},{""start"":5.5,""end"":5.75,""status"":""VERIFIED_ACTIVE"",""identity"":""0""},{""start"":5.75,""end"":6.0,""status"":""VERIFIED_ACTIVE"",""identity"":""0""},{""start"":6.0,""end"":6.25,""status"":""VERIFIED_CONTINUITY"",""identity"":""0""},{""start"":6.25,""end"":6.5,""status"":""VERIFIED_CONTINUITY"",""identity"":""0""},{""start"":6.5,""end"":6.733333333333333,""status"":""VERIFIED_CONTINUITY"",""identity"":""0""}]","{""audio_mask_required"":false,""vision_mask_nonverified_segments"":true,""no_face_full_vision_mask"":false}",RESOLVED_VALID,1,1,0.7797029702970297,0.2202970297029703,1.0,,0,0,0
-tPCytz4rww$_$10,82,1,no_alert,MATCH_STRONG,VERIFIED,fully_verified,FULLY_VERIFIED,FULLY_VERIFIED,NOT_SUSPECTED,RESOLVED_VALID,semantic_time_and_visual_evidence_are_sufficient,1,0,0.8,1.0,1.0,0.8,semantic_time_and_visual_evidence_are_sufficient,MATCH_STRONG,VERIFIED,[],"{""audio_mask_required"":false,""vision_mask_nonverified_segments"":true,""no_face_full_vision_mask"":false}",RESOLVED_VALID,1,1,,,,,0,0,0
-tPCytz4rww$_$11,83,1,no_alert,MATCH_WEAK,VERIFIED,fully_verified,FULLY_VERIFIED,FULLY_VERIFIED,NOT_SUSPECTED,RESOLVED_VALID,semantic_time_and_visual_evidence_are_sufficient,1,0,0.82,1.0,1.0,0.82,semantic_time_and_visual_evidence_are_sufficient,MATCH_WEAK,VERIFIED,[],"{""audio_mask_required"":false,""vision_mask_nonverified_segments"":true,""no_face_full_vision_mask"":false}",RESOLVED_VALID,1,1,,,,,0,0,0
-tPCytz4rww$_$12,84,1,no_alert,MATCH_STRONG,VERIFIED,fully_verified,FULLY_VERIFIED,FULLY_VERIFIED,NOT_SUSPECTED,RESOLVED_VALID,semantic_time_and_visual_evidence_are_sufficient,1,0,0.86,1.0,1.0,0.86,semantic_time_and_visual_evidence_are_sufficient,MATCH_STRONG,VERIFIED,[],"{""audio_mask_required"":false,""vision_mask_nonverified_segments"":true,""no_face_full_vision_mask"":false}",RESOLVED_VALID,1,1,,,,,0,0,0
-tPCytz4rww$_$16,85,1,no_alert,MATCH_STRONG,VERIFIED,partially_verified,FULLY_VERIFIED,FULLY_VERIFIED,NOT_SUSPECTED,RESOLVED_VALID,semantic_time_and_visual_evidence_are_sufficient,1,0,0.72,1.0,1.0,0.72,semantic_time_and_visual_evidence_are_sufficient,MATCH_STRONG,VERIFIED,[],"{""audio_mask_required"":false,""vision_mask_nonverified_segments"":true,""no_face_full_vision_mask"":false}",RESOLVED_VALID,1,1,,,,,0,0,0
-tPCytz4rww$_$18,86,1,no_alert,MATCH_STRONG,VERIFIED,fully_verified,FULLY_VERIFIED,FULLY_VERIFIED,NOT_SUSPECTED,RESOLVED_VALID,semantic_time_and_visual_evidence_are_sufficient,1,0,0.86,1.0,1.0,0.86,semantic_time_and_visual_evidence_are_sufficient,MATCH_STRONG,VERIFIED,[],"{""audio_mask_required"":false,""vision_mask_nonverified_segments"":true,""no_face_full_vision_mask"":false}",RESOLVED_VALID,1,1,,,,,0,0,0
-uywlfIYOS8$_$4,87,1,no_alert,MATCH_STRONG,VERIFIED,fully_verified,FULLY_VERIFIED,FULLY_VERIFIED,NOT_SUSPECTED,RESOLVED_VALID,semantic_time_and_visual_evidence_are_sufficient,1,0,0.78,0.98,1.0,0.78,semantic_time_and_visual_evidence_are_sufficient,MATCH_STRONG,VERIFIED,[],"{""audio_mask_required"":false,""vision_mask_nonverified_segments"":true,""no_face_full_vision_mask"":false}",RESOLVED_VALID,1,1,,,,,0,0,0
-vxjVxOeScU$_$4,88,1,no_alert,UNRESOLVED,NOT_APPLICABLE,unresolved,FULLY_VERIFIED,FULLY_VERIFIED,NOT_SUSPECTED,UNRESOLVED,semantic_pairing_remains_unresolved,1,0,0.84,0.0,1.0,0.0,semantic_pairing_remains_unresolved,UNRESOLVED,NOT_APPLICABLE,[],"{""audio_mask_required"":true,""vision_mask_nonverified_segments"":true,""no_face_full_vision_mask"":false}",UNRESOLVED,0,0,,,,,1,0,0
-wMB_hJL-3o$_$7,89,0,identity_only,MATCH_STRONG,VERIFIED,fully_verified,PARTIALLY_VERIFIED,PARTIALLY_VERIFIED,NOT_SUSPECTED,RESOLVED_PARTIAL,usable_evidence_is_partial_and_unreliable_regions_are_explicitly_masked,1,0,0.84,1.0,0.88,0.84,usable_evidence_is_partial_and_unreliable_regions_are_explicitly_masked,MATCH_STRONG,VERIFIED,"[{""start"":0.0,""end"":0.25,""status"":""VERIFIED_ACTIVE"",""identity"":""0""},{""start"":0.25,""end"":0.5,""status"":""VERIFIED_ACTIVE"",""identity"":""0""},{""start"":0.5,""end"":0.75,""status"":""VERIFIED_ACTIVE"",""identity"":""0""},{""start"":0.75,""end"":1.0,""status"":""VERIFIED_ACTIVE"",""identity"":""0""},{""start"":1.0,""end"":1.25,""status"":""VERIFIED_ACTIVE"",""identity"":""0""},{""start"":1.25,""end"":1.5,""status"":""VERIFIED_ACTIVE"",""identity"":""0""},{""start"":1.5,""end"":1.75,""status"":""VERIFIED_ACTIVE"",""identity"":""0""},{""start"":1.75,""end"":2.0,""status"":""VERIFIED_ACTIVE"",""identity"":""0""},{""start"":2.0,""end"":2.25,""status"":""VERIFIED_ACTIVE"",""identity"":""0""},{""start"":2.25,""end"":2.5,""status"":""VERIFIED_ACTIVE"",""identity"":""0""},{""start"":2.5,""end"":2.75,""status"":""VERIFIED_ACTIVE"",""identity"":""0""},{""start"":2.75,""end"":3.0,""status"":""VERIFIED_ACTIVE"",""identity"":""0""},{""start"":3.0,""end"":3.25,""status"":""VERIFIED_ACTIVE"",""identity"":""0""},{""start"":3.25,""end"":3.5,""status"":""VERIFIED_ACTIVE"",""identity"":""0""},{""start"":3.5,""end"":3.75,""status"":""VERIFIED_ACTIVE"",""identity"":""0""},{""start"":3.75,""end"":4.0,""status"":""VERIFIED_ACTIVE"",""identity"":""0""},{""start"":4.0,""end"":4.25,""status"":""VERIFIED_ACTIVE"",""identity"":""0""},{""start"":4.25,""end"":4.5,""status"":""VERIFIED_ACTIVE"",""identity"":""0""},{""start"":4.5,""end"":4.75,""status"":""VERIFIED_ACTIVE"",""identity"":""0""},{""start"":4.75,""end"":5.0,""status"":""VERIFIED_ACTIVE"",""identity"":""0""},{""start"":5.0,""end"":5.25,""status"":""VERIFIED_ACTIVE"",""identity"":""0""}]","{""audio_mask_required"":false,""vision_mask_nonverified_segments"":true,""no_face_full_vision_mask"":false}",RESOLVED_PARTIAL,1,1,0.8701657458563536,0.0,0.8701657458563536,,0,0,0
-wny0OAz3g8$_$0,90,0,identity_only,MATCH_STRONG,VERIFIED,fully_verified,FULLY_VERIFIED,FULLY_VERIFIED,NOT_SUSPECTED,RESOLVED_VALID,semantic_time_and_visual_evidence_are_sufficient,1,0,0.74,1.0,0.98,0.74,semantic_time_and_visual_evidence_are_sufficient,MATCH_STRONG,VERIFIED,"[{""start"":0.0,""end"":0.25,""status"":""VERIFIED_ACTIVE"",""identity"":""0""},{""start"":0.25,""end"":0.5,""status"":""VERIFIED_ACTIVE"",""identity"":""0""},{""start"":0.5,""end"":0.75,""status"":""VERIFIED_ACTIVE"",""identity"":""0""},{""start"":0.75,""end"":1.0,""status"":""VERIFIED_ACTIVE"",""identity"":""0""},{""start"":1.0,""end"":1.25,""status"":""VERIFIED_ACTIVE"",""identity"":""0""},{""start"":1.25,""end"":1.5,""status"":""VERIFIED_ACTIVE"",""identity"":""0""},{""start"":1.5,""end"":1.75,""status"":""VERIFIED_ACTIVE"",""identity"":""0""},{""start"":1.75,""end"":2.0,""status"":""VERIFIED_ACTIVE"",""identity"":""0""},{""start"":2.0,""end"":2.25,""status"":""VERIFIED_ACTIVE"",""identity"":""0""},{""start"":2.25,""end"":2.5,""status"":""VERIFIED_ACTIVE"",""identity"":""0""},{""start"":2.5,""end"":2.75,""status"":""VERIFIED_ACTIVE"",""identity"":""0""},{""start"":2.75,""end"":3.0,""status"":""VERIFIED_CONTINUITY"",""identity"":""0""},{""start"":3.0,""end"":3.25,""status"":""VERIFIED_CONTINUITY"",""identity"":""0""},{""start"":3.25,""end"":3.333333333333333,""status"":""VERIFIED_CONTINUITY"",""identity"":""0""}]","{""audio_mask_required"":false,""vision_mask_nonverified_segments"":true,""no_face_full_vision_mask"":false}",RESOLVED_VALID,1,1,0.8250000000000001,0.17499999999999993,1.0,,0,0,0
-wny0OAz3g8$_$1,91,0,identity_only,MATCH_STRONG,VERIFIED,fully_verified,FULLY_VERIFIED,FULLY_VERIFIED,NOT_SUSPECTED,RESOLVED_VALID,semantic_time_and_visual_evidence_are_sufficient,1,0,0.88,1.0,1.0,0.88,semantic_time_and_visual_evidence_are_sufficient,MATCH_STRONG,VERIFIED,"[{""start"":0.0,""end"":0.25,""status"":""VERIFIED_CONTINUITY"",""identity"":""0""},{""start"":0.25,""end"":0.5,""status"":""VERIFIED_ACTIVE"",""identity"":""0""},{""start"":0.5,""end"":0.75,""status"":""VERIFIED_ACTIVE"",""identity"":""0""},{""start"":0.75,""end"":1.0,""status"":""VERIFIED_ACTIVE"",""identity"":""0""},{""start"":1.0,""end"":1.25,""status"":""VERIFIED_ACTIVE"",""identity"":""0""},{""start"":1.25,""end"":1.5,""status"":""VERIFIED_ACTIVE"",""identity"":""0""},{""start"":1.5,""end"":1.75,""status"":""VERIFIED_ACTIVE"",""identity"":""0""},{""start"":1.75,""end"":2.0,""status"":""VERIFIED_ACTIVE"",""identity"":""0""},{""start"":2.0,""end"":2.25,""status"":""VERIFIED_ACTIVE"",""identity"":""0""},{""start"":2.25,""end"":2.5,""status"":""VERIFIED_ACTIVE"",""identity"":""0""},{""start"":2.5,""end"":2.75,""status"":""VERIFIED_ACTIVE"",""identity"":""0""},{""start"":2.75,""end"":3.0,""status"":""VERIFIED_ACTIVE"",""identity"":""0""},{""start"":3.0,""end"":3.25,""status"":""VERIFIED_ACTIVE"",""identity"":""0""},{""start"":3.25,""end"":3.5,""status"":""VERIFIED_ACTIVE"",""identity"":""0""},{""start"":3.5,""end"":3.75,""status"":""VERIFIED_ACTIVE"",""identity"":""0""},{""start"":3.75,""end"":4.0,""status"":""VERIFIED_ACTIVE"",""identity"":""0""},{""start"":4.0,""end"":4.25,""status"":""VERIFIED_ACTIVE"",""identity"":""0""},{""start"":4.25,""end"":4.5,""status"":""VERIFIED_ACTIVE"",""identity"":""0""},{""start"":4.5,""end"":4.75,""status"":""VERIFIED_ACTIVE"",""identity"":""0""},{""start"":4.75,""end"":5.0,""status"":""VERIFIED_ACTIVE"",""identity"":""0""},{""start"":5.0,""end"":5.25,""status"":""VERIFIED_ACTIVE"",""identity"":""0""},{""start"":5.25,""end"":5.5,""status"":""VERIFIED_ACTIVE"",""identity"":""0""},{""start"":5.5,""end"":5.75,""status"":""VERIFIED_ACTIVE"",""identity"":""0""},{""start"":5.75,""end"":6.0,""status"":""VERIFIED_ACTIVE"",""identity"":""0""},{""start"":6.0,""end"":6.25,""status"":""VERIFIED_ACTIVE"",""identity"":""0""},{""start"":6.25,""end"":6.5,""status"":""VERIFIED_ACTIVE"",""identity"":""0""},{""start"":6.5,""end"":6.75,""status"":""VERIFIED_ACTIVE"",""identity"":""0""},{""start"":6.75,""end"":6.833333333333333,""status"":""VERIFIED_CONTINUITY"",""identity"":""0""}]","{""audio_mask_required"":false,""vision_mask_nonverified_segments"":true,""no_face_full_vision_mask"":false}",RESOLVED_VALID,1,1,0.951219512195122,0.04878048780487801,1.0,,0,0,0
-wny0OAz3g8$_$2,92,0,identity_only,MATCH_STRONG,VERIFIED,partially_verified,FULLY_VERIFIED,FULLY_VERIFIED,NOT_SUSPECTED,RESOLVED_VALID,semantic_time_and_visual_evidence_are_sufficient,1,0,0.88,0.98,1.0,0.88,semantic_time_and_visual_evidence_are_sufficient,MATCH_STRONG,VERIFIED,"[{""start"":0.0,""end"":0.25,""status"":""VERIFIED_CONTINUITY"",""identity"":""0""},{""start"":0.25,""end"":0.5,""status"":""VERIFIED_ACTIVE"",""identity"":""0""},{""start"":0.5,""end"":0.75,""status"":""VERIFIED_ACTIVE"",""identity"":""0""},{""start"":0.75,""end"":1.0,""status"":""VERIFIED_ACTIVE"",""identity"":""0""},{""start"":1.0,""end"":1.25,""status"":""VERIFIED_ACTIVE"",""identity"":""0""},{""start"":1.25,""end"":1.5,""status"":""VERIFIED_ACTIVE"",""identity"":""0""},{""start"":1.5,""end"":1.75,""status"":""VERIFIED_ACTIVE"",""identity"":""0""},{""start"":1.75,""end"":2.0,""status"":""VERIFIED_ACTIVE"",""identity"":""0""},{""start"":2.0,""end"":2.25,""status"":""VERIFIED_ACTIVE"",""identity"":""0""},{""start"":2.25,""end"":2.5,""status"":""VERIFIED_ACTIVE"",""identity"":""0""},{""start"":2.5,""end"":2.75,""status"":""VERIFIED_ACTIVE"",""identity"":""0""},{""start"":2.75,""end"":3.0,""status"":""VERIFIED_ACTIVE"",""identity"":""0""},{""start"":3.0,""end"":3.25,""status"":""VERIFIED_ACTIVE"",""identity"":""0""},{""start"":3.25,""end"":3.5,""status"":""VERIFIED_ACTIVE"",""identity"":""0""},{""start"":3.5,""end"":3.75,""status"":""VERIFIED_ACTIVE"",""identity"":""0""},{""start"":3.75,""end"":4.0,""status"":""VERIFIED_ACTIVE"",""identity"":""0""},{""start"":4.0,""end"":4.25,""status"":""VERIFIED_ACTIVE"",""identity"":""0""},{""start"":4.25,""end"":4.5,""status"":""VERIFIED_ACTIVE"",""identity"":""0""},{""start"":4.5,""end"":4.75,""status"":""VERIFIED_ACTIVE"",""identity"":""0""},{""start"":4.75,""end"":5.0,""status"":""VERIFIED_ACTIVE"",""identity"":""0""},{""start"":5.0,""end"":5.25,""status"":""VERIFIED_ACTIVE"",""identity"":""0""},{""start"":5.25,""end"":5.5,""status"":""VERIFIED_ACTIVE"",""identity"":""0""},{""start"":5.5,""end"":5.75,""status"":""VERIFIED_CONTINUITY"",""identity"":""0""},{""start"":5.75,""end"":6.0,""status"":""VERIFIED_CONTINUITY"",""identity"":""0""},{""start"":6.0,""end"":6.25,""status"":""VERIFIED_CONTINUITY"",""identity"":""0""},{""start"":6.25,""end"":6.5,""status"":""VERIFIED_CONTINUITY"",""identity"":""0""},{""start"":6.5,""end"":6.666666666666666,""status"":""VERIFIED_CONTINUITY"",""identity"":""0""}]","{""audio_mask_required"":false,""vision_mask_nonverified_segments"":true,""no_face_full_vision_mask"":false}",RESOLVED_VALID,1,1,0.7875000000000001,0.21249999999999994,1.0,,0,0,0
-wny0OAz3g8$_$3,93,0,identity_only,MATCH_STRONG,VERIFIED,partially_verified,FULLY_VERIFIED,FULLY_VERIFIED,NOT_SUSPECTED,RESOLVED_VALID,semantic_time_and_visual_evidence_are_sufficient,1,0,0.84,1.0,0.98,0.82,semantic_time_and_visual_evidence_are_sufficient,MATCH_STRONG,VERIFIED,"[{""start"":0.0,""end"":0.25,""status"":""VERIFIED_CONTINUITY"",""identity"":""0""},{""start"":0.25,""end"":0.5,""status"":""VERIFIED_CONTINUITY"",""identity"":""0""},{""start"":0.5,""end"":0.75,""status"":""VERIFIED_ACTIVE"",""identity"":""0""},{""start"":0.75,""end"":1.0,""status"":""VERIFIED_ACTIVE"",""identity"":""0""},{""start"":1.0,""end"":1.25,""status"":""VERIFIED_ACTIVE"",""identity"":""0""},{""start"":1.25,""end"":1.5,""status"":""VERIFIED_ACTIVE"",""identity"":""0""},{""start"":1.5,""end"":1.75,""status"":""VERIFIED_ACTIVE"",""identity"":""0""},{""start"":1.75,""end"":2.0,""status"":""VERIFIED_ACTIVE"",""identity"":""0""},{""start"":2.0,""end"":2.25,""status"":""VERIFIED_ACTIVE"",""identity"":""0""},{""start"":2.25,""end"":2.5,""status"":""VERIFIED_ACTIVE"",""identity"":""0""},{""start"":2.5,""end"":2.75,""status"":""VERIFIED_ACTIVE"",""identity"":""0""},{""start"":2.75,""end"":3.0,""status"":""VERIFIED_ACTIVE"",""identity"":""0""},{""start"":3.0,""end"":3.25,""status"":""VERIFIED_ACTIVE"",""identity"":""0""},{""start"":3.25,""end"":3.5,""status"":""VERIFIED_ACTIVE"",""identity"":""0""},{""start"":3.5,""end"":3.75,""status"":""VERIFIED_ACTIVE"",""identity"":""0""},{""start"":3.75,""end"":4.0,""status"":""VERIFIED_ACTIVE"",""identity"":""0""},{""start"":4.0,""end"":4.25,""status"":""VERIFIED_ACTIVE"",""identity"":""0""},{""start"":4.25,""end"":4.5,""status"":""VERIFIED_ACTIVE"",""identity"":""0""},{""start"":4.5,""end"":4.75,""status"":""VERIFIED_CONTINUITY"",""identity"":""0""},{""start"":4.75,""end"":5.0,""status"":""VERIFIED_CONTINUITY"",""identity"":""0""},{""start"":5.0,""end"":5.25,""status"":""VERIFIED_CONTINUITY"",""identity"":""0""},{""start"":5.25,""end"":5.5,""status"":""VERIFIED_CONTINUITY"",""identity"":""0""},{""start"":5.5,""end"":5.75,""status"":""VERIFIED_CONTINUITY"",""identity"":""0""},{""start"":5.75,""end"":6.0,""status"":""VERIFIED_CONTINUITY"",""identity"":""0""},{""start"":6.0,""end"":6.133333333333333,""status"":""VERIFIED_CONTINUITY"",""identity"":""0""}]","{""audio_mask_required"":false,""vision_mask_nonverified_segments"":true,""no_face_full_vision_mask"":false}",RESOLVED_VALID,1,1,0.6521739130434783,0.3478260869565217,1.0,,0,0,0
-wny0OAz3g8$_$5,94,0,identity_only,MATCH_STRONG,VERIFIED,fully_verified,FULLY_VERIFIED,FULLY_VERIFIED,NOT_SUSPECTED,RESOLVED_VALID,semantic_time_and_visual_evidence_are_sufficient,1,0,0.86,0.98,0.98,0.86,semantic_time_and_visual_evidence_are_sufficient,MATCH_STRONG,VERIFIED,"[{""start"":0.0,""end"":0.25,""status"":""VERIFIED_ACTIVE"",""identity"":""0""},{""start"":0.25,""end"":0.5,""status"":""VERIFIED_ACTIVE"",""identity"":""0""},{""start"":0.5,""end"":0.75,""status"":""VERIFIED_ACTIVE"",""identity"":""0""},{""start"":0.75,""end"":1.0,""status"":""VERIFIED_ACTIVE"",""identity"":""0""},{""start"":1.0,""end"":1.25,""status"":""VERIFIED_ACTIVE"",""identity"":""0""},{""start"":1.25,""end"":1.5,""status"":""VERIFIED_ACTIVE"",""identity"":""0""},{""start"":1.5,""end"":1.75,""status"":""VERIFIED_ACTIVE"",""identity"":""0""},{""start"":1.75,""end"":2.0,""status"":""VERIFIED_ACTIVE"",""identity"":""0""},{""start"":2.0,""end"":2.25,""status"":""VERIFIED_ACTIVE"",""identity"":""0""},{""start"":2.25,""end"":2.5,""status"":""VERIFIED_ACTIVE"",""identity"":""0""},{""start"":2.5,""end"":2.75,""status"":""VERIFIED_ACTIVE"",""identity"":""0""},{""start"":2.75,""end"":3.0,""status"":""VERIFIED_ACTIVE"",""identity"":""0""},{""start"":3.0,""end"":3.25,""status"":""VERIFIED_ACTIVE"",""identity"":""0""},{""start"":3.25,""end"":3.5,""status"":""VERIFIED_ACTIVE"",""identity"":""0""},{""start"":3.5,""end"":3.75,""status"":""VERIFIED_ACTIVE"",""identity"":""0""},{""start"":3.75,""end"":4.0,""status"":""VERIFIED_ACTIVE"",""identity"":""0""},{""start"":4.0,""end"":4.25,""status"":""VERIFIED_ACTIVE"",""identity"":""0""},{""start"":4.25,""end"":4.5,""status"":""VERIFIED_ACTIVE"",""identity"":""0""},{""start"":4.5,""end"":4.75,""status"":""VERIFIED_ACTIVE"",""identity"":""0""},{""start"":4.75,""end"":5.0,""status"":""VERIFIED_ACTIVE"",""identity"":""0""},{""start"":5.0,""end"":5.25,""status"":""VERIFIED_ACTIVE"",""identity"":""0""},{""start"":5.25,""end"":5.5,""status"":""VERIFIED_ACTIVE"",""identity"":""0""},{""start"":5.5,""end"":5.75,""status"":""VERIFIED_ACTIVE"",""identity"":""0""},{""start"":5.75,""end"":6.0,""status"":""VERIFIED_ACTIVE"",""identity"":""0""},{""start"":6.0,""end"":6.25,""status"":""VERIFIED_ACTIVE"",""identity"":""0""},{""start"":6.25,""end"":6.5,""status"":""VERIFIED_CONTINUITY"",""identity"":""0""},{""start"":6.5,""end"":6.75,""status"":""VERIFIED_CONTINUITY"",""identity"":""0""},{""start"":6.75,""end"":6.8999999999999995,""status"":""VERIFIED_CONTINUITY"",""identity"":""0""}]","{""audio_mask_required"":false,""vision_mask_nonverified_segments"":true,""no_face_full_vision_mask"":false}",RESOLVED_VALID,1,1,0.9057971014492754,0.09420289855072457,1.0,,0,0,0
-wny0OAz3g8$_$7,95,0,identity_only,MATCH_STRONG,VERIFIED,fully_verified,FULLY_VERIFIED,FULLY_VERIFIED,NOT_SUSPECTED,RESOLVED_VALID,semantic_time_and_visual_evidence_are_sufficient,1,0,0.88,1.0,1.0,0.88,semantic_time_and_visual_evidence_are_sufficient,MATCH_STRONG,VERIFIED,"[{""start"":0.0,""end"":0.25,""status"":""VERIFIED_ACTIVE"",""identity"":""0""},{""start"":0.25,""end"":0.5,""status"":""VERIFIED_ACTIVE"",""identity"":""0""},{""start"":0.5,""end"":0.75,""status"":""VERIFIED_ACTIVE"",""identity"":""0""},{""start"":0.75,""end"":1.0,""status"":""VERIFIED_ACTIVE"",""identity"":""0""},{""start"":1.0,""end"":1.25,""status"":""VERIFIED_ACTIVE"",""identity"":""0""},{""start"":1.25,""end"":1.5,""status"":""VERIFIED_ACTIVE"",""identity"":""0""},{""start"":1.5,""end"":1.75,""status"":""VERIFIED_ACTIVE"",""identity"":""0""},{""start"":1.75,""end"":2.0,""status"":""VERIFIED_ACTIVE"",""identity"":""0""},{""start"":2.0,""end"":2.25,""status"":""VERIFIED_ACTIVE"",""identity"":""0""},{""start"":2.25,""end"":2.5,""status"":""VERIFIED_ACTIVE"",""identity"":""0""},{""start"":2.5,""end"":2.75,""status"":""VERIFIED_ACTIVE"",""identity"":""0""},{""start"":2.75,""end"":3.0,""status"":""VERIFIED_ACTIVE"",""identity"":""0""},{""start"":3.0,""end"":3.25,""status"":""VERIFIED_ACTIVE"",""identity"":""0""},{""start"":3.25,""end"":3.5,""status"":""VERIFIED_ACTIVE"",""identity"":""0""},{""start"":3.5,""end"":3.75,""status"":""VERIFIED_ACTIVE"",""identity"":""0""},{""start"":3.75,""end"":4.0,""status"":""VERIFIED_ACTIVE"",""identity"":""0""},{""start"":4.0,""end"":4.25,""status"":""VERIFIED_ACTIVE"",""identity"":""0""},{""start"":4.25,""end"":4.5,""status"":""VERIFIED_ACTIVE"",""identity"":""0""},{""start"":4.5,""end"":4.75,""status"":""VERIFIED_ACTIVE"",""identity"":""0""},{""start"":4.75,""end"":5.0,""status"":""VERIFIED_ACTIVE"",""identity"":""0""},{""start"":5.0,""end"":5.25,""status"":""VERIFIED_ACTIVE"",""identity"":""0""},{""start"":5.25,""end"":5.5,""status"":""VERIFIED_ACTIVE"",""identity"":""0""},{""start"":5.5,""end"":5.75,""status"":""VERIFIED_ACTIVE"",""identity"":""0""},{""start"":5.75,""end"":6.0,""status"":""VERIFIED_ACTIVE"",""identity"":""0""},{""start"":6.0,""end"":6.25,""status"":""VERIFIED_ACTIVE"",""identity"":""0""},{""start"":6.25,""end"":6.5,""status"":""VERIFIED_ACTIVE"",""identity"":""0""},{""start"":6.5,""end"":6.75,""status"":""VERIFIED_ACTIVE"",""identity"":""0""},{""start"":6.75,""end"":7.0,""status"":""VERIFIED_ACTIVE"",""identity"":""0""},{""start"":7.0,""end"":7.25,""status"":""VERIFIED_ACTIVE"",""identity"":""0""},{""start"":7.25,""end"":7.5,""status"":""VERIFIED_CONTINUITY"",""identity"":""0""},{""start"":7.5,""end"":7.75,""status"":""VERIFIED_CONTINUITY"",""identity"":""0""},{""start"":7.75,""end"":8.0,""status"":""VERIFIED_CONTINUITY"",""identity"":""0""},{""start"":8.0,""end"":8.066666666666666,""status"":""VERIFIED_CONTINUITY"",""identity"":""0""}]","{""audio_mask_required"":false,""vision_mask_nonverified_segments"":true,""no_face_full_vision_mask"":false}",RESOLVED_VALID,1,1,0.8987603305785125,0.10123966942148757,1.0,,0,0,0
-wny0OAz3g8$_$9,96,0,identity_only,MATCH_STRONG,VERIFIED,fully_verified,FULLY_VERIFIED,FULLY_VERIFIED,NOT_SUSPECTED,RESOLVED_VALID,semantic_time_and_visual_evidence_are_sufficient,1,0,0.86,0.98,0.92,0.82,semantic_time_and_visual_evidence_are_sufficient,MATCH_STRONG,VERIFIED,"[{""start"":0.0,""end"":0.25,""status"":""VERIFIED_CONTINUITY"",""identity"":""0""},{""start"":0.25,""end"":0.5,""status"":""VERIFIED_ACTIVE"",""identity"":""0""},{""start"":0.5,""end"":0.75,""status"":""VERIFIED_ACTIVE"",""identity"":""0""},{""start"":0.75,""end"":1.0,""status"":""VERIFIED_ACTIVE"",""identity"":""0""},{""start"":1.0,""end"":1.25,""status"":""VERIFIED_ACTIVE"",""identity"":""0""},{""start"":1.25,""end"":1.5,""status"":""VERIFIED_ACTIVE"",""identity"":""0""},{""start"":1.5,""end"":1.75,""status"":""VERIFIED_ACTIVE"",""identity"":""0""},{""start"":1.75,""end"":2.0,""status"":""VERIFIED_ACTIVE"",""identity"":""0""},{""start"":2.0,""end"":2.25,""status"":""VERIFIED_ACTIVE"",""identity"":""0""},{""start"":2.25,""end"":2.5,""status"":""VERIFIED_ACTIVE"",""identity"":""0""},{""start"":2.5,""end"":2.75,""status"":""VERIFIED_ACTIVE"",""identity"":""0""},{""start"":2.75,""end"":3.0,""status"":""VERIFIED_ACTIVE"",""identity"":""0""},{""start"":3.0,""end"":3.25,""status"":""VERIFIED_ACTIVE"",""identity"":""0""},{""start"":3.25,""end"":3.5,""status"":""VERIFIED_ACTIVE"",""identity"":""0""},{""start"":3.5,""end"":3.75,""status"":""VERIFIED_ACTIVE"",""identity"":""0""},{""start"":3.75,""end"":4.0,""status"":""VERIFIED_ACTIVE"",""identity"":""0""},{""start"":4.0,""end"":4.25,""status"":""VERIFIED_ACTIVE"",""identity"":""0""},{""start"":4.25,""end"":4.5,""status"":""VERIFIED_ACTIVE"",""identity"":""0""},{""start"":4.5,""end"":4.75,""status"":""VERIFIED_ACTIVE"",""identity"":""0""},{""start"":4.75,""end"":5.0,""status"":""VERIFIED_ACTIVE"",""identity"":""0""},{""start"":5.0,""end"":5.25,""status"":""VERIFIED_ACTIVE"",""identity"":""0""},{""start"":5.25,""end"":5.5,""status"":""VERIFIED_ACTIVE"",""identity"":""0""},{""start"":5.5,""end"":5.75,""status"":""VERIFIED_CONTINUITY"",""identity"":""0""},{""start"":5.75,""end"":6.0,""status"":""VERIFIED_CONTINUITY"",""identity"":""0""},{""start"":6.0,""end"":6.2,""status"":""VERIFIED_CONTINUITY"",""identity"":""0""}]","{""audio_mask_required"":false,""vision_mask_nonverified_segments"":true,""no_face_full_vision_mask"":false}",RESOLVED_VALID,1,1,0.8467741935483871,0.15322580645161293,1.0,,0,0,0
-yRb-Jum7EQ$_$1,97,0,identity_and_text_audio,MATCH_WEAK,PARTIAL,unresolved,AMBIGUOUS,AMBIGUOUS,NOT_SUSPECTED,RESOLVED_PARTIAL,usable_evidence_is_partial_and_unreliable_regions_are_explicitly_masked,1,0,0.0,0.9,0.0,0.0,usable_evidence_is_partial_and_unreliable_regions_are_explicitly_masked,MATCH_WEAK,PARTIAL,[],"{""audio_mask_required"":false,""vision_mask_nonverified_segments"":true,""no_face_full_vision_mask"":false}",RESOLVED_PARTIAL,1,0,0.0,0.0,0.0,,0,0,0
-yRb-Jum7EQ$_$5,98,0,identity_and_text_audio,MATCH_WEAK,PARTIAL,partially_verified,FULLY_VERIFIED,FULLY_VERIFIED,NOT_SUSPECTED,RESOLVED_PARTIAL,usable_evidence_is_partial_and_unreliable_regions_are_explicitly_masked,1,0,0.0,0.82,1.0,0.0,usable_evidence_is_partial_and_unreliable_regions_are_explicitly_masked,MATCH_WEAK,PARTIAL,"[{""start"":0.0,""end"":0.25,""status"":""VERIFIED_CONTINUITY"",""identity"":""0""},{""start"":0.25,""end"":0.5,""status"":""VERIFIED_CONTINUITY"",""identity"":""0""},{""start"":0.5,""end"":0.75,""status"":""VERIFIED_CONTINUITY"",""identity"":""0""},{""start"":0.75,""end"":1.0,""status"":""VERIFIED_CONTINUITY"",""identity"":""0""},{""start"":1.0,""end"":1.25,""status"":""VERIFIED_CONTINUITY"",""identity"":""0""},{""start"":1.25,""end"":1.5,""status"":""VERIFIED_CONTINUITY"",""identity"":""0""},{""start"":1.5,""end"":1.75,""status"":""VERIFIED_CONTINUITY"",""identity"":""0""},{""start"":1.75,""end"":2.0,""status"":""VERIFIED_CONTINUITY"",""identity"":""0""},{""start"":2.0,""end"":2.25,""status"":""VERIFIED_CONTINUITY"",""identity"":""0""},{""start"":2.25,""end"":2.5,""status"":""VERIFIED_CONTINUITY"",""identity"":""0""},{""start"":2.5,""end"":2.75,""status"":""VERIFIED_CONTINUITY"",""identity"":""0""},{""start"":2.75,""end"":3.0,""status"":""VERIFIED_CONTINUITY"",""identity"":""0""},{""start"":3.0,""end"":3.25,""status"":""VERIFIED_CONTINUITY"",""identity"":""0""},{""start"":3.25,""end"":3.5,""status"":""VERIFIED_CONTINUITY"",""identity"":""0""},{""start"":3.5,""end"":3.75,""status"":""VERIFIED_CONTINUITY"",""identity"":""0""},{""start"":3.75,""end"":4.0,""status"":""VERIFIED_CONTINUITY"",""identity"":""0""},{""start"":4.0,""end"":4.25,""status"":""VERIFIED_CONTINUITY"",""identity"":""0""},{""start"":4.25,""end"":4.5,""status"":""VERIFIED_CONTINUITY"",""identity"":""0""},{""start"":4.5,""end"":4.75,""status"":""VERIFIED_CONTINUITY"",""identity"":""0""},{""start"":4.75,""end"":5.0,""status"":""VERIFIED_CONTINUITY"",""identity"":""0""},{""start"":5.0,""end"":5.25,""status"":""VERIFIED_CONTINUITY"",""identity"":""0""},{""start"":5.25,""end"":5.5,""status"":""VERIFIED_CONTINUITY"",""identity"":""0""},{""start"":5.5,""end"":5.75,""status"":""VERIFIED_CONTINUITY"",""identity"":""0""},{""start"":5.75,""end"":6.0,""status"":""VERIFIED_CONTINUITY"",""identity"":""0""},{""start"":6.0,""end"":6.25,""status"":""VERIFIED_ACTIVE"",""identity"":""0""},{""start"":6.25,""end"":6.5,""status"":""VERIFIED_ACTIVE"",""identity"":""0""},{""start"":6.5,""end"":6.75,""status"":""VERIFIED_CONTINUITY"",""identity"":""0""},{""start"":6.75,""end"":7.0,""status"":""VERIFIED_CONTINUITY"",""identity"":""0""},{""start"":7.0,""end"":7.25,""status"":""VERIFIED_CONTINUITY"",""identity"":""0""},{""start"":7.25,""end"":7.5,""status"":""VERIFIED_ACTIVE"",""identity"":""0""},{""start"":7.5,""end"":7.75,""status"":""VERIFIED_ACTIVE"",""identity"":""0""},{""start"":7.75,""end"":8.0,""status"":""VERIFIED_ACTIVE"",""identity"":""0""},{""start"":8.0,""end"":8.25,""status"":""VERIFIED_CONTINUITY"",""identity"":""0""},{""start"":8.25,""end"":8.5,""status"":""VERIFIED_CONTINUITY"",""identity"":""0""},{""start"":8.5,""end"":8.75,""status"":""VERIFIED_CONTINUITY"",""identity"":""0""},{""start"":8.75,""end"":9.0,""status"":""VERIFIED_CONTINUITY"",""identity"":""0""},{""start"":9.0,""end"":9.25,""status"":""VERIFIED_CONTINUITY"",""identity"":""0""},{""start"":9.25,""end"":9.5,""status"":""VERIFIED_CONTINUITY"",""identity"":""0""},{""start"":9.5,""end"":9.75,""status"":""VERIFIED_CONTINUITY"",""identity"":""0""},{""start"":9.75,""end"":10.0,""status"":""VERIFIED_CONTINUITY"",""identity"":""0""},{""start"":10.0,""end"":10.25,""status"":""VERIFIED_CONTINUITY"",""identity"":""0""},{""start"":10.25,""end"":10.5,""status"":""VERIFIED_CONTINUITY"",""identity"":""0""},{""start"":10.5,""end"":10.75,""status"":""VERIFIED_CONTINUITY"",""identity"":""0""},{""start"":10.75,""end"":11.0,""status"":""VERIFIED_CONTINUITY"",""identity"":""0""},{""start"":11.0,""end"":11.25,""status"":""VERIFIED_CONTINUITY"",""identity"":""0""},{""start"":11.25,""end"":11.5,""status"":""VERIFIED_CONTINUITY"",""identity"":""0""},{""start"":11.5,""end"":11.75,""status"":""VERIFIED_CONTINUITY"",""identity"":""0""},{""start"":11.75,""end"":12.0,""status"":""VERIFIED_CONTINUITY"",""identity"":""0""},{""start"":12.0,""end"":12.25,""status"":""VERIFIED_CONTINUITY"",""identity"":""0""},{""start"":12.25,""end"":12.5,""status"":""VERIFIED_CONTINUITY"",""identity"":""0""},{""start"":12.5,""end"":12.75,""status"":""VERIFIED_CONTINUITY"",""identity"":""0""},{""start"":12.75,""end"":13.0,""status"":""VERIFIED_CONTINUITY"",""identity"":""0""},{""start"":13.0,""end"":13.166666666666666,""status"":""VERIFIED_CONTINUITY"",""identity"":""0""}]","{""audio_mask_required"":false,""vision_mask_nonverified_segments"":true,""no_face_full_vision_mask"":false}",RESOLVED_PARTIAL,1,0,0.0949367088607595,0.9050632911392406,1.0,,0,0,0
-yRb-Jum7EQ$_$6,99,0,text_audio_only_single_episode,MATCH_STRONG,PARTIAL,partially_verified,FULLY_VERIFIED,FULLY_VERIFIED,NOT_SUSPECTED,RESOLVED_PARTIAL,usable_evidence_is_partial_and_unreliable_regions_are_explicitly_masked,1,0,0.0,0.48,1.0,0.0,usable_evidence_is_partial_and_unreliable_regions_are_explicitly_masked,MATCH_STRONG,PARTIAL,[],"{""audio_mask_required"":false,""vision_mask_nonverified_segments"":true,""no_face_full_vision_mask"":false}",RESOLVED_PARTIAL,1,0,,,,,0,0,0
